BUS_SERVICE_NAME_TXT,OPR_DESC_TXT,ORIG_DEST_TXT,BUS_DIRCTN_TXT,BUS_ROUTE_SEQ_NUM,BUS_STOP_CD,BUS_STOP_DESC_TXT,RD_NAM_TXT,LONGTD_TXT,LATTD_TXT,OP_HR_TXT,FARE_TXT
PBS from Grande Vista to Yio Chu Kang/Ang Mo Kio MRT Stations (loop),The Management Corporation Strata Title Plan No. 1895,Cactus Drive - Ang Mo Kio Avenue 6/Ang Mo Kio Avenue 8,1,1,-,Grande Vista Condomium ,Cactus Drive,103.852418,1.388806,"Monday to Fridays (excluding Public Holidays)
6.15am to 8.30am/30 to 45 minutes (supplementary trips in operation)
9.00am to 12.45pm/45 to 60 minutes
3.15pm to 5.15pm/60 minutes
6.15pm to 6.45pm/30 minutes

Saturday and Sunday (excluding Public Holidays)
7.00am to 12.45pm/45 to 60 minutes
3.15pm to 7.45pm/30 to 60 minutes

Only supplementary trips operated during morning peak hours on weekdays will serve BS 55309
Yio Chu Kang Station is not served by the supplementary trips operated during morning peak hours on weekdays, as well as scheduled trips at 12.45pm and after 6.00pm.
BS 54399 is not served by the supplementary trips operated during morning peak hours on weekdays and scheduled trip at 7.00am on weekends.", $2.20 per adult per trip; $1.60 per child/ student/ senior citizen per trip 
PBS from Grande Vista to Yio Chu Kang/Ang Mo Kio MRT Stations (loop),The Management Corporation Strata Title Plan No. 1896,Cactus Drive - Ang Mo Kio Avenue 6/Ang Mo Kio Avenue 9,1,2,55309,Opp Ang Mo Kio Police Division Headquarters,Ang Mo Kio Avenue 9,103.8444475,1.384083333,"Monday to Fridays (excluding Public Holidays)
6.15am to 8.30am/30 to 45 minutes (supplementary trips in operation)
9.00am to 12.45pm/45 to 60 minutes
3.15pm to 5.15pm/60 minutes
6.15pm to 6.45pm/30 minutes

Saturday and Sunday (excluding Public Holidays)
7.00am to 12.45pm/45 to 60 minutes
3.15pm to 7.45pm/30 to 60 minutes

Only supplementary trips operated during morning peak hours on weekdays will serve BS 55309
Yio Chu Kang Station is not served by the supplementary trips operated during morning peak hours on weekdays, as well as scheduled trips at 12.45pm and after 6.00pm.
BS 54399 is not served by the supplementary trips operated during morning peak hours on weekdays and scheduled trip at 7.00am on weekends.", $2.20 per adult per trip; $1.60 per child/ student/ senior citizen per trip 
PBS from Grande Vista to Yio Chu Kang/Ang Mo Kio MRT Stations (loop),The Management Corporation Strata Title Plan No. 1895,Cactus Drive - Ang Mo Kio Avenue 6/Ang Mo Kio Avenue 10,1,3,-,PUDO point at Yio Chu Kang MRT Station ,Ang Mo Kio Avenue 8,103.844916,1.375517,"Monday to Fridays (excluding Public Holidays)
6.15am to 8.30am/30 to 45 minutes (supplementary trips in operation)
9.00am to 12.45pm/45 to 60 minutes
3.15pm to 5.15pm/60 minutes
6.15pm to 6.45pm/30 minutes

Saturday and Sunday (excluding Public Holidays)
7.00am to 12.45pm/45 to 60 minutes
3.15pm to 7.45pm/30 to 60 minutes

Only supplementary trips operated during morning peak hours on weekdays will serve BS 55309
Yio Chu Kang Station is not served by the supplementary trips operated during morning peak hours on weekdays, as well as scheduled trips at 12.45pm and after 6.00pm.
BS 54399 is not served by the supplementary trips operated during morning peak hours on weekdays and scheduled trip at 7.00am on weekends.", $2.20 per adult per trip; $1.60 per child/ student/ senior citizen per trip 
PBS from Grande Vista to Yio Chu Kang/Ang Mo Kio MRT Stations (loop),The Management Corporation Strata Title Plan No. 1895,Cactus Drive - Ang Mo Kio Avenue 6/Ang Mo Kio Avenue 11,1,4,54399,Before Ang Mo Kio Station Exit B,Ang Mo Kio Avenue 8,103.8486611,1.371373023,"Monday to Fridays (excluding Public Holidays)
6.15am to 8.30am/30 to 45 minutes (supplementary trips in operation)
9.00am to 12.45pm/45 to 60 minutes
3.15pm to 5.15pm/60 minutes
6.15pm to 6.45pm/30 minutes

Saturday and Sunday (excluding Public Holidays)
7.00am to 12.45pm/45 to 60 minutes
3.15pm to 7.45pm/30 to 60 minutes

Only supplementary trips operated during morning peak hours on weekdays will serve BS 55309
Yio Chu Kang Station is not served by the supplementary trips operated during morning peak hours on weekdays, as well as scheduled trips at 12.45pm and after 6.00pm.
BS 54399 is not served by the supplementary trips operated during morning peak hours on weekdays and scheduled trip at 7.00am on weekends.", $2.20 per adult per trip; $1.60 per child/ student/ senior citizen per trip 
PBS from Grande Vista to Yio Chu Kang/Ang Mo Kio MRT Stations (loop),The Management Corporation Strata Title Plan No. 1895,Cactus Drive - Ang Mo Kio Avenue 6/Ang Mo Kio Avenue 12,1,5,-,Grande Vista Condomium ,Cactus Drive,103.852418,1.388806,"Monday to Fridays (excluding Public Holidays)
6.15am to 8.30am/30 to 45 minutes (supplementary trips in operation)
9.00am to 12.45pm/45 to 60 minutes
3.15pm to 5.15pm/60 minutes
6.15pm to 6.45pm/30 minutes

Saturday and Sunday (excluding Public Holidays)
7.00am to 12.45pm/45 to 60 minutes
3.15pm to 7.45pm/30 to 60 minutes

Only supplementary trips operated during morning peak hours on weekdays will serve BS 55309
Yio Chu Kang Station is not served by the supplementary trips operated during morning peak hours on weekdays, as well as scheduled trips at 12.45pm and after 6.00pm.
BS 54399 is not served by the supplementary trips operated during morning peak hours on weekdays and scheduled trip at 7.00am on weekends.", $2.20 per adult per trip; $1.60 per child/ student/ senior citizen per trip 
PBS 525,Deconti Trans,Buangkok Crescent to Marina Boulevard,1,1,66589,Buangkok Sports Park,Buangkok Crescent,103.8794283,1.381995514,One trip at 8.30am," Adult: $5.00 (cash)
Student/Child/Senior Citizen: $4.00 (cash) "
PBS 525,Deconti Trans,Buangkok Crescent to Marina Boulevard,1,2,66579,Blk 998B,Buangkok Crescent,103.8807041,1.384029735,One trip at 8.30am," Adult: $5.00 (cash)
Student/Child/Senior Citizen: $4.00 (cash) "
PBS 525,Deconti Trans,Buangkok Crescent to Marina Boulevard,1,3,66569,Opposite Blk 991B,Buangkok Link,103.8826279,1.383266488,One trip at 8.30am," Adult: $5.00 (cash)
Student/Child/Senior Citizen: $4.00 (cash) "
PBS 525,Deconti Trans,Buangkok Crescent to Marina Boulevard,1,4,66549,Opposite Blk 980C,Buangkok Link,103.8816728,1.380298306,One trip at 8.30am," Adult: $5.00 (cash)
Student/Child/Senior Citizen: $4.00 (cash) "
PBS 525,Deconti Trans,Buangkok Crescent to Marina Boulevard,1,5,64099,Hougang Secondary School,Hougang Street 93,103.8815725,1.377879324,One trip at 8.30am," Adult: $5.00 (cash)
Student/Child/Senior Citizen: $4.00 (cash) "
PBS 525,Deconti Trans,Buangkok Crescent to Marina Boulevard,1,6,64089,Opposite Hougang 1,Hougang Street 91,103.8802044,1.376099009,One trip at 8.30am," Adult: $5.00 (cash)
Student/Child/Senior Citizen: $4.00 (cash) "
PBS 525,Deconti Trans,Buangkok Crescent to Marina Boulevard,1,7,64499,Regentville,Hougang Avenue 9,103.8782886,1.374882857,One trip at 8.30am," Adult: $5.00 (cash)
Student/Child/Senior Citizen: $4.00 (cash) "
PBS 525,Deconti Trans,Buangkok Crescent to Marina Boulevard,1,8,-,Outside Entrance of The Hundred Palms Residences,Yio Chu Kang Road,103.8777586,1.3732028,One trip at 8.30am," Adult: $5.00 (cash)
Student/Child/Senior Citizen: $4.00 (cash) "
PBS 525,Deconti Trans,Buangkok Crescent to Marina Boulevard,1,9,63209,Toho Green,Yio Chu Kang Road,103.8752212,1.366058048,One trip at 8.30am," Adult: $5.00 (cash)
Student/Child/Senior Citizen: $4.00 (cash) "
PBS 525,Deconti Trans,Buangkok Crescent to Marina Boulevard,1,10,66329,Blk 126,Serangoon North Avenue 1,103.8722864,1.366021722,One trip at 8.30am," Adult: $5.00 (cash)
Student/Child/Senior Citizen: $4.00 (cash) "
PBS 525,Deconti Trans,Buangkok Crescent to Marina Boulevard,1,11,66319,Between Blks 142/148,Serangoon North Avenue 1,103.8739176,1.368218338,One trip at 8.30am," Adult: $5.00 (cash)
Student/Child/Senior Citizen: $4.00 (cash) "
PBS 525,Deconti Trans,Buangkok Crescent to Marina Boulevard,1,12,66309,Blk 112,Serangoon North Avenue 1,103.8719488,1.369273065,One trip at 8.30am," Adult: $5.00 (cash)
Student/Child/Senior Citizen: $4.00 (cash) "
PBS 525,Deconti Trans,Buangkok Crescent to Marina Boulevard,1,13,66349,Opposite Daikin S’pore,Ang Mo Kio Avenue 3,103.8654177,1.3708276,One trip at 8.30am," Adult: $5.00 (cash)
Student/Child/Senior Citizen: $4.00 (cash) "
PBS 525,Deconti Trans,Buangkok Crescent to Marina Boulevard,1,14,54309,Opposite Blk 5022,Ang Mo Kio Avenue 3,103.863066,1.369888353,One trip at 8.30am," Adult: $5.00 (cash)
Student/Child/Senior Citizen: $4.00 (cash) "
PBS 525,Deconti Trans,Buangkok Crescent to Marina Boulevard,1,15,5129,Opp One Upp Pickering,Upper Pickering Street,103.8463467,1.286011667,One trip at 8.30am," Adult: $5.00 (cash)
Student/Child/Senior Citizen: $4.00 (cash) "
PBS 525,Deconti Trans,Buangkok Crescent to Marina Boulevard,1,16,5319,OCBC Centre,Church Street,103.849114,1.284437,One trip at 8.30am," Adult: $5.00 (cash)
Student/Child/Senior Citizen: $4.00 (cash) "
PBS 525,Deconti Trans,Buangkok Crescent to Marina Boulevard,1,17,3381,The Sail,Marina Boulevard,103.8530651,1.281626013,One trip at 8.30am," Adult: $5.00 (cash)
Student/Child/Senior Citizen: $4.00 (cash) "
PBS 525,Deconti Trans,Buangkok Crescent to Marina Boulevard,1,18,3391,Marina Bay Financial Centre,Marina Boulevard,103.8549801,1.280376603,One trip at 8.30am," Adult: $5.00 (cash)
Student/Child/Senior Citizen: $4.00 (cash) "
PBS 531,Ng Ing Tsair Bus Service,Simei - Shenton Way/ Anson Road,1,1,96129,Melville Park,Simei Road,103.9579512,1.347458355,One trip at 7.55am, $5.50 (card) / $7.00 (cash) / $95 (monthly) 
PBS 531,Ng Ing Tsair Bus Service,Simei - Shenton Way/ Anson Road,1,2,96189,Blk 166,Simei Road,103.9579362,1.345297803,One trip at 7.55am, $5.50 (card) / $7.00 (cash) / $95 (monthly) 
PBS 531,Ng Ing Tsair Bus Service,Simei - Shenton Way/ Anson Road,1,3,96261,Blk 233,Simei Street 3,103.9558594,1.344049672,One trip at 7.55am, $5.50 (card) / $7.00 (cash) / $95 (monthly) 
PBS 531,Ng Ing Tsair Bus Service,Simei - Shenton Way/ Anson Road,1,4,96161,Opp Simei Station,Simei Street 3,103.9535402,1.342118939,One trip at 7.55am, $5.50 (card) / $7.00 (cash) / $95 (monthly) 
PBS 531,Ng Ing Tsair Bus Service,Simei - Shenton Way/ Anson Road,1,5,96251,Bef Changi General Hospital,Simei Street 3,103.9513803,1.340266979,One trip at 7.55am, $5.50 (card) / $7.00 (cash) / $95 (monthly) 
PBS 531,Ng Ing Tsair Bus Service,Simei - Shenton Way/ Anson Road,1,6,96109,Opp Blk 3012,Simei Avenue,103.9506733,1.337371182,One trip at 7.55am, $5.50 (card) / $7.00 (cash) / $95 (monthly) 
PBS 531,Ng Ing Tsair Bus Service,Simei - Shenton Way/ Anson Road,1,7,85079,Flextronic,Upper Changi Road,103.9501523,1.3339489,One trip at 7.55am, $5.50 (card) / $7.00 (cash) / $95 (monthly) 
PBS 531,Ng Ing Tsair Bus Service,Simei - Shenton Way/ Anson Road,1,8,85089,After Sungei Bedok,Upper Changi Road,103.9488033,1.333380024,One trip at 7.55am, $5.50 (card) / $7.00 (cash) / $95 (monthly) 
PBS 531,Ng Ing Tsair Bus Service,Simei - Shenton Way/ Anson Road,1,9,85069,Bedok Market Place,Bedok Road,103.9474078,1.331724341,One trip at 7.55am, $5.50 (card) / $7.00 (cash) / $95 (monthly) 
PBS 531,Ng Ing Tsair Bus Service,Simei - Shenton Way/ Anson Road,1,10,85059,Bef Jalan Chempaka Kuning,Bedok Road,103.9490661,1.329502222,One trip at 7.55am, $5.50 (card) / $7.00 (cash) / $95 (monthly) 
PBS 531,Ng Ing Tsair Bus Service,Simei - Shenton Way/ Anson Road,1,11,85049,Opp Man Fatt Lam Temple,Bedok Road,103.9512487,1.326719987,One trip at 7.55am, $5.50 (card) / $7.00 (cash) / $95 (monthly) 
PBS 531,Ng Ing Tsair Bus Service,Simei - Shenton Way/ Anson Road,1,12,85039,Opp Excelsior Gardens,Bedok Road,103.9529859,1.324424974,One trip at 7.55am, $5.50 (card) / $7.00 (cash) / $95 (monthly) 
PBS 531,Ng Ing Tsair Bus Service,Simei - Shenton Way/ Anson Road,1,13,85029,Aft Bedok Methodist Church,Bedok Road,103.9542997,1.322618056,One trip at 7.55am, $5.50 (card) / $7.00 (cash) / $95 (monthly) 
PBS 531,Ng Ing Tsair Bus Service,Simei - Shenton Way/ Anson Road,1,14,85019,Eastwood Centre,Bedok Road,103.9553447,1.321288333,One trip at 7.55am, $5.50 (card) / $7.00 (cash) / $95 (monthly) 
PBS 531,Ng Ing Tsair Bus Service,Simei - Shenton Way/ Anson Road,1,15,94079,Bedok Camp 2,Upper East Coast Road,103.9552433,1.319620006,One trip at 7.55am, $5.50 (card) / $7.00 (cash) / $95 (monthly) 
PBS 531,Ng Ing Tsair Bus Service,Simei - Shenton Way/ Anson Road,1,16,94069,Opp Kew Green Condo,Upper East Coast Road,103.9508566,1.318096686,One trip at 7.55am, $5.50 (card) / $7.00 (cash) / $95 (monthly) 
PBS 531,Ng Ing Tsair Bus Service,Simei - Shenton Way/ Anson Road,1,17,94059,Temasek Secondary School,Upper East Coast Road,103.9479809,1.317071377,One trip at 7.55am, $5.50 (card) / $7.00 (cash) / $95 (monthly) 
PBS 531,Ng Ing Tsair Bus Service,Simei - Shenton Way/ Anson Road,1,18,94049,After Bedok South Avenue 3,Upper East Coast Road,103.9448211,1.316164433,One trip at 7.55am, $5.50 (card) / $7.00 (cash) / $95 (monthly) 
PBS 531,Ng Ing Tsair Bus Service,Simei - Shenton Way/ Anson Road,1,19,94089,Calvary Assembly of God Church,Upper East Coast Road,103.9429414,1.315363333,One trip at 7.55am, $5.50 (card) / $7.00 (cash) / $95 (monthly) 
PBS 531,Ng Ing Tsair Bus Service,Simei - Shenton Way/ Anson Road,1,20,94039,Opp The Summit ,Upper East Coast Road,103.9406633,1.31485364,One trip at 7.55am, $5.50 (card) / $7.00 (cash) / $95 (monthly) 
PBS 531,Ng Ing Tsair Bus Service,Simei - Shenton Way/ Anson Road,1,21,94029,Aft Sennet Road,Upper East Coast Road,103.937505,1.31453306,One trip at 7.55am, $5.50 (card) / $7.00 (cash) / $95 (monthly) 
PBS 531,Ng Ing Tsair Bus Service,Simei - Shenton Way/ Anson Road,1,22,94019,Opp Evergreen Avenue,Upper East Coast Road,103.9357495,1.31428516,One trip at 7.55am, $5.50 (card) / $7.00 (cash) / $95 (monthly) 
PBS 531,Ng Ing Tsair Bus Service,Simei - Shenton Way/ Anson Road,1,23,93131,Opp Eastern Lagoon II,Bedok South Avenue 1,103.9341583,1.312778334,One trip at 7.55am, $5.50 (card) / $7.00 (cash) / $95 (monthly) 
PBS 531,Ng Ing Tsair Bus Service,Simei - Shenton Way/ Anson Road,1,24,2149,Suntec Tower Three,Temasek Boulevard,103.8595553,1.295604598,One trip at 7.55am, $5.50 (card) / $7.00 (cash) / $95 (monthly) 
PBS 531,Ng Ing Tsair Bus Service,Simei - Shenton Way/ Anson Road,1,25,2161,After Promenade Station Exit C,Temasek Avenue,103.8609316,1.292685535,One trip at 7.55am, $5.50 (card) / $7.00 (cash) / $95 (monthly) 
PBS 531,Ng Ing Tsair Bus Service,Simei - Shenton Way/ Anson Road,1,26,2051,The Float @ Marina Bay,Raffles Avenue,103.8589172,1.289516698,One trip at 7.55am, $5.50 (card) / $7.00 (cash) / $95 (monthly) 
PBS 531,Ng Ing Tsair Bus Service,Simei - Shenton Way/ Anson Road,1,27,2061,The Esplanade,Raffles Avenue,103.8564966,1.289872008,One trip at 7.55am, $5.50 (card) / $7.00 (cash) / $95 (monthly) 
PBS 531,Ng Ing Tsair Bus Service,Simei - Shenton Way/ Anson Road,1,28,3019,OUE Bayfront,Collyer Quay,103.8531081,1.284245,One trip at 7.55am, $5.50 (card) / $7.00 (cash) / $95 (monthly) 
PBS 531,Ng Ing Tsair Bus Service,Simei - Shenton Way/ Anson Road,1,29,3129,UIC Building,Shenton Way,103.8495672,1.278070035,One trip at 7.55am, $5.50 (card) / $7.00 (cash) / $95 (monthly) 
PBS 531,Ng Ing Tsair Bus Service,Simei - Shenton Way/ Anson Road,1,30,3217,Opp AXA Tower,Shenton Way,103.8479444,1.275522189,One trip at 7.55am, $5.50 (card) / $7.00 (cash) / $95 (monthly) 
PBS 545,APT Travel Pte Ltd,Bedok North Avenue 4 to Fullerton Road,1,1,3218,Opp MAS Building,Shenton Way,103.8468781,1.274116652,One trip at 8.00am, $4.50 (card/cash) 
PBS 545,APT Travel Pte Ltd,Bedok North Avenue 4 to Fullerton Road,1,2,84259,Blk 88,Bedok North Avenue 4,103.9391068,1.333288076,One trip at 8.00am, $4.50 (card/cash) 
PBS 545,APT Travel Pte Ltd,Bedok North Avenue 4 to Fullerton Road,1,3,84231,Blk 85,Bedok North Road,103.938555,1.331738716,One trip at 8.00am, $4.50 (card/cash) 
PBS 545,APT Travel Pte Ltd,Bedok North Avenue 4 to Fullerton Road,1,4,84241,Blk 81,Bedok North Road,103.9400487,1.328613929,One trip at 8.00am, $4.50 (card/cash) 
PBS 545,APT Travel Pte Ltd,Bedok North Avenue 4 to Fullerton Road,1,5,84281,Blk 180,Bedok North Road,103.9403951,1.326577142,One trip at 8.00am, $4.50 (card/cash) 
PBS 545,APT Travel Pte Ltd,Bedok North Avenue 4 to Fullerton Road,1,6,84061,The Tanamera Condo,New Upper Changi Road,103.9422313,1.325847905,One trip at 8.00am, $4.50 (card/cash) 
PBS 545,APT Travel Pte Ltd,Bedok North Avenue 4 to Fullerton Road,1,7,84101,Opp Blk 49,Bedok South Avenue 3,103.9442152,1.322982005,One trip at 8.00am, $4.50 (card/cash) 
PBS 545,APT Travel Pte Ltd,Bedok North Avenue 4 to Fullerton Road,1,8,84071,Blk 71,Bedok South Road,103.9426001,1.320671384,One trip at 8.00am, $4.50 (card/cash) 
PBS 545,APT Travel Pte Ltd,Bedok North Avenue 4 to Fullerton Road,1,9,84081,Opp Blk 40,Bedok South Road,103.9402204,1.320438081,One trip at 8.00am, $4.50 (card/cash) 
PBS 545,APT Travel Pte Ltd,Bedok North Avenue 4 to Fullerton Road,1,10,84141,Opp Lions Home for The Elders,Bedok South Road,103.9381742,1.320195187,One trip at 8.00am, $4.50 (card/cash) 
PBS 545,APT Travel Pte Ltd,Bedok North Avenue 4 to Fullerton Road,1,11,84111,Temasek Junior College,Bedok South Road,103.935742,1.319588026,One trip at 8.00am, $4.50 (card/cash) 
PBS 545,APT Travel Pte Ltd,Bedok North Avenue 4 to Fullerton Road,1,12,3111,Aft Capital Tower,Robinson Road,103.8481012,1.277825954,One trip at 8.00am, $4.50 (card/cash) 
PBS 545,APT Travel Pte Ltd,Bedok North Avenue 4 to Fullerton Road,1,13,3071,Opp So Sofitel Singapore,Robinson Road,103.8493803,1.279921325,One trip at 8.00am, $4.50 (card/cash) 
PBS 545,APT Travel Pte Ltd,Bedok North Avenue 4 to Fullerton Road,1,14,3031,Raffles Place Station Exit F,Robinson Road,103.8508607,1.282074922,One trip at 8.00am, $4.50 (card/cash) 
PBS 545,APT Travel Pte Ltd,Bedok North Avenue 4 to Fullerton Road,1,15,3011,Fullerton Square,Fullerton Road,103.853336,1.285597589,One trip at 8.00am, $4.50 (card/cash) 
PBS 550,City Bus Services,Sumang Walk to Fullerton Road,1,1,65459,Opp Blk 322 CP,Sumang Walk,103.8977217,1.41060953,One trip at 7.35am, $3.80 (card) / $4.00 (cash) / $2.00 (child) 
PBS 550,City Bus Services,Sumang Walk to Fullerton Road,1,2,65449,Blk 315B,Sumang Walk,103.8959312,1.40804081,One trip at 7.35am, $3.80 (card) / $4.00 (cash) / $2.00 (child) 
PBS 550,City Bus Services,Sumang Walk to Fullerton Road,1,3,65551,Blk 227A,Punggol Field,103.8933695,1.40374,One trip at 7.35am, $3.80 (card) / $4.00 (cash) / $2.00 (child) 
PBS 550,City Bus Services,Sumang Walk to Fullerton Road,1,4,65541,Bef Sumang Lane,Sumang Crescent,103.8912,1.403562,One trip at 7.35am, $3.80 (card) / $4.00 (cash) / $2.00 (child) 
PBS 550,City Bus Services,Sumang Walk to Fullerton Road,1,5,65531,Blk 226A,Sumang Lane,103.8936,1.4024,One trip at 7.35am, $3.80 (card) / $4.00 (cash) / $2.00 (child) 
PBS 550,City Bus Services,Sumang Walk to Fullerton Road,1,6,67399,Blk 325 CP,Sengkang East Way,103.8916701,1.39385006,One trip at 7.35am, $3.80 (card) / $4.00 (cash) / $2.00 (child) 
PBS 550,City Bus Services,Sumang Walk to Fullerton Road,1,7,67389,Blk 317B,Sengkang East Way,103.888691,1.394243778,One trip at 7.35am, $3.80 (card) / $4.00 (cash) / $2.00 (child) 
PBS 550,City Bus Services,Sumang Walk to Fullerton Road,1,8,67549,Opp Hockey Stadium,Sengkang East Way,1.394531733,103.8863816,One trip at 7.35am, $3.80 (card) / $4.00 (cash) / $2.00 (child) 
PBS 550,City Bus Services,Sumang Walk to Fullerton Road,1,9,67559,Opp Blk 471A,Sengkang West Way,103.880945,1.395493907,One trip at 7.35am, $3.80 (card) / $4.00 (cash) / $2.00 (child) 
PBS 550,City Bus Services,Sumang Walk to Fullerton Road,1,10,67569,Blk 432A,Sengkang West Way,103.877,1.395049992,One trip at 7.35am, $3.80 (card) / $4.00 (cash) / $2.00 (child) 
PBS 550,City Bus Services,Sumang Walk to Fullerton Road,1,11,67499,Fernvale Primary School,Sengkang West Avenue,103.8746787,1.390680287,One trip at 7.35am, $3.80 (card) / $4.00 (cash) / $2.00 (child) 
PBS 550,City Bus Services,Sumang Walk to Fullerton Road,1,12,68019,Aft Jalan Kayu,Sengkang West Avenue,103.8706061,1.39106694,One trip at 7.35am, $3.80 (card) / $4.00 (cash) / $2.00 (child) 
PBS 550,City Bus Services,Sumang Walk to Fullerton Road,1,13,-,Along the road opposite Genting Centre,Lim Teck Kim Road,103.842359,1.273522,One trip at 7.35am, $3.80 (card) / $4.00 (cash) / $2.00 (child) 
PBS 550,City Bus Services,Sumang Walk to Fullerton Road,1,14,3223,Tanjong Pagar Station Exit C,Anson Road,103.8463247,1.275703395,One trip at 7.35am, $3.80 (card) / $4.00 (cash) / $2.00 (child) 
PBS 550,City Bus Services,Sumang Walk to Fullerton Road,1,15,3151,Aft Telok Ayer St,Cecil Street ,103.8477623,1.278921246,One trip at 7.35am, $3.80 (card) / $4.00 (cash) / $2.00 (child) 
PBS 550,City Bus Services,Sumang Walk to Fullerton Road,1,16,3021,Prudential Tower,Cecil Street ,103.849989,1.282555246,One trip at 7.35am, $3.80 (card) / $4.00 (cash) / $2.00 (child) 
PBS 550,City Bus Services,Sumang Walk to Fullerton Road,1,17,-,Along the road outside Clifford Centre,Collyer Quay,103.852694,1.28369,One trip at 7.35am, $3.80 (card) / $4.00 (cash) / $2.00 (child) 
PBS 550,City Bus Services,Sumang Walk to Fullerton Road,1,18,3011,Fullerton Square,Fullerton Road,103.853336,1.285597589,One trip at 7.35am, $3.80 (card) / $4.00 (cash) / $2.00 (child) 
PBS 555,City Bus Services,Bukit Batok West Avenue 5 to Beach Road,1,1,40379,Blk 467 CP,Bukit Batok West Avenue 5,103.7435727,1.35754269,Two trips at 7.27am and 7.40am, Adult/Senior Citizen: $4 (cash)/$3.50 (card); Child/Student: $2 (card/cash) 
PBS 555,City Bus Services,Bukit Batok West Avenue 5 to Beach Road,1,2,43799,Blk 432A,Bukit Batok West Avenue 8,103.743215,1.360292,Two trips at 7.27am and 7.40am, Adult/Senior Citizen: $4 (cash)/$3.50 (card); Child/Student: $2 (card/cash) 
PBS 555,City Bus Services,Bukit Batok West Avenue 5 to Beach Road,1,3,43779,Blk 433C,Bukit Batok Road,103.7417703,1.36195562,Two trips at 7.27am and 7.40am, Adult/Senior Citizen: $4 (cash)/$3.50 (card); Child/Student: $2 (card/cash) 
PBS 555,City Bus Services,Bukit Batok West Avenue 5 to Beach Road,1,4,43789,Blk 436A,Bukit Batok Road,103.7395024,1.35915702,Two trips at 7.27am and 7.40am, Adult/Senior Citizen: $4 (cash)/$3.50 (card); Child/Student: $2 (card/cash) 
PBS 555,City Bus Services,Bukit Batok West Avenue 5 to Beach Road,1,5,40311,Blk 439C,Bukit Batok West Avenue 6,103.7389078,1.35730457,Two trips at 7.27am and 7.40am, Adult/Senior Citizen: $4 (cash)/$3.50 (card); Child/Student: $2 (card/cash) 
PBS 555,City Bus Services,Bukit Batok West Avenue 5 to Beach Road,1,6,40359,Opp Blk 461C,Bukit Batok West Avenue 6,103.7409058,1.35540219,Two trips at 7.27am and 7.40am, Adult/Senior Citizen: $4 (cash)/$3.50 (card); Child/Student: $2 (card/cash) 
PBS 555,City Bus Services,Bukit Batok West Avenue 5 to Beach Road,1,7,40309,Opp Blk 451A,Bukit Batok West Avenue 6,103.7429908,1.35367643,Two trips at 7.27am and 7.40am, Adult/Senior Citizen: $4 (cash)/$3.50 (card); Child/Student: $2 (card/cash) 
PBS 555,City Bus Services,Bukit Batok West Avenue 5 to Beach Road,1,8,43321,Opp Blk 144,Bukit Batok West Avenue 6,103.7451088,1.349906,Two trips at 7.27am and 7.40am, Adult/Senior Citizen: $4 (cash)/$3.50 (card); Child/Student: $2 (card/cash) 
PBS 555,City Bus Services,Bukit Batok West Avenue 5 to Beach Road,1,9,43371,Blk 109,Bukit Batok West Avenue 6,103.7459028,1.34682314,Two trips at 7.27am and 7.40am, Adult/Senior Citizen: $4 (cash)/$3.50 (card); Child/Student: $2 (card/cash) 
PBS 555,City Bus Services,Bukit Batok West Avenue 5 to Beach Road,1,10,43519,Opp Bukit Batok Swimming Complex,Bukit Batok East Avenue 6,103.7483578,1.34527424,Two trips at 7.27am and 7.40am, Adult/Senior Citizen: $4 (cash)/$3.50 (card); Child/Student: $2 (card/cash) 
PBS 555,City Bus Services,Bukit Batok West Avenue 5 to Beach Road,1,11,43509,Blk 291E,Bukit Batok Street 23,103.754364,1.34359093,Two trips at 7.27am and 7.40am, Adult/Senior Citizen: $4 (cash)/$3.50 (card); Child/Student: $2 (card/cash) 
PBS 555,City Bus Services,Bukit Batok West Avenue 5 to Beach Road,1,12,5651,Opp Fuji Xerox Towers,Tanjong Pagar Road,103.8430731,1.27321861,Two trips at 7.27am and 7.40am, Adult/Senior Citizen: $4 (cash)/$3.50 (card); Child/Student: $2 (card/cash) 
PBS 555,City Bus Services,Bukit Batok West Avenue 5 to Beach Road,1,13,5411,Tanjong Pagar Plaza,Tanjong Pagar Road,103.8430919,1.27519166,Two trips at 7.27am and 7.40am, Adult/Senior Citizen: $4 (cash)/$3.50 (card); Child/Student: $2 (card/cash) 
PBS 555,City Bus Services,Bukit Batok West Avenue 5 to Beach Road,1,14,-,Along the road outside Twenty Anson,Gopeng Street,103.845408,1.275124,Two trips at 7.27am and 7.40am, Adult/Senior Citizen: $4 (cash)/$3.50 (card); Child/Student: $2 (card/cash) 
PBS 555,City Bus Services,Bukit Batok West Avenue 5 to Beach Road,1,15,3151,Aft Telok Ayer St,Cecil Street,103.8477624,1.27892125,Two trips at 7.27am and 7.40am, Adult/Senior Citizen: $4 (cash)/$3.50 (card); Child/Student: $2 (card/cash) 
PBS 555,City Bus Services,Bukit Batok West Avenue 5 to Beach Road,1,16,3021,Prudential Tower,Cecil Street,103.849989,1.28255525,Two trips at 7.27am and 7.40am, Adult/Senior Citizen: $4 (cash)/$3.50 (card); Child/Student: $2 (card/cash) 
PBS 555,City Bus Services,Bukit Batok West Avenue 5 to Beach Road,1,17,-,Along the road outside Clifford Centre,Collyer Quay,103.8527016,1.2837403,Two trips at 7.27am and 7.40am, Adult/Senior Citizen: $4 (cash)/$3.50 (card); Child/Student: $2 (card/cash) 
PBS 555,City Bus Services,Bukit Batok West Avenue 5 to Beach Road,1,18,3011,Fullerton Square,Fullerton Road,103.8534222,1.28561841,Two trips at 7.27am and 7.40am, Adult/Senior Citizen: $4 (cash)/$3.50 (card); Child/Student: $2 (card/cash) 
PBS 555,City Bus Services,Bukit Batok West Avenue 5 to Beach Road,1,19,2151,Suntec Convention Centre,Temasek Boulevard,103.8578462,1.29317776,Two trips at 7.27am and 7.40am, Adult/Senior Citizen: $4 (cash)/$3.50 (card); Child/Student: $2 (card/cash) 
PBS 555,City Bus Services,Bukit Batok West Avenue 5 to Beach Road,1,20,2141,Suntec Tower Two,Temasek Boulevard,103.8593382,1.29576572,Two trips at 7.27am and 7.40am, Adult/Senior Citizen: $4 (cash)/$3.50 (card); Child/Student: $2 (card/cash) 
PBS 555,City Bus Services,Bukit Batok West Avenue 5 to Beach Road,1,21,1511,Opp The Gateway,Beach Road,103.8586452,1.29919826,Two trips at 7.27am and 7.40am, Adult/Senior Citizen: $4 (cash)/$3.50 (card); Child/Student: $2 (card/cash) 
PBS 555,City Bus Services,Tanjong Pagar Road to Bukit Batok West Avenue 6,2,1,5411,Tanjong Pagar Plaza,Tanjong Pagar Road,103.846904,1.432833,One trip at 6.10pm, Adult/Senior Citizen: $4 (cash)/$3.50 (card); Child/Student: $2 (card/cash) 
PBS 555,City Bus Services,Tanjong Pagar Road to Bukit Batok West Avenue 6,2,2,-,Beside Twenty Anson,Gopeng St,103.8452,1.275388,One trip at 6.10pm, Adult/Senior Citizen: $4 (cash)/$3.50 (card); Child/Student: $2 (card/cash) 
PBS 555,City Bus Services,Tanjong Pagar Road to Bukit Batok West Avenue 6,2,3,3151,Aft Telok Ayer St,Cecil St,103.8478,1.27892125,One trip at 6.10pm, Adult/Senior Citizen: $4 (cash)/$3.50 (card); Child/Student: $2 (card/cash) 
PBS 555,City Bus Services,Tanjong Pagar Road to Bukit Batok West Avenue 6,2,4,3021,Prudential Twr,Cecil St,103.85,1.28255525,One trip at 6.10pm, Adult/Senior Citizen: $4 (cash)/$3.50 (card); Child/Student: $2 (card/cash) 
PBS 555,City Bus Services,Tanjong Pagar Road to Bukit Batok West Avenue 6,2,5,-,Outside Clifford Centre,Collyer Quay,103.8527,1.28369,One trip at 6.10pm, Adult/Senior Citizen: $4 (cash)/$3.50 (card); Child/Student: $2 (card/cash) 
PBS 555,City Bus Services,Tanjong Pagar Road to Bukit Batok West Avenue 6,2,6,-,Outside Singapore Land Tower,Battery Rd,103.8518,1.285056,One trip at 6.10pm, Adult/Senior Citizen: $4 (cash)/$3.50 (card); Child/Student: $2 (card/cash) 
PBS 555,City Bus Services,Tanjong Pagar Road to Bukit Batok West Avenue 6,2,7,43501,Opp Blk 291E,Bt Batok St 23,103.7542,1.34376366,One trip at 6.10pm, Adult/Senior Citizen: $4 (cash)/$3.50 (card); Child/Student: $2 (card/cash) 
PBS 555,City Bus Services,Tanjong Pagar Road to Bukit Batok West Avenue 6,2,8,43511,Bt Batok Swim Cplx,Bt Batok East Ave 6,103.7485,1.34497394,One trip at 6.10pm, Adult/Senior Citizen: $4 (cash)/$3.50 (card); Child/Student: $2 (card/cash) 
PBS 555,City Bus Services,Tanjong Pagar Road to Bukit Batok West Avenue 6,2,9,43379,Blk 185,Bt Batok West Ave 6,103.7452,1.34716554,One trip at 6.10pm, Adult/Senior Citizen: $4 (cash)/$3.50 (card); Child/Student: $2 (card/cash) 
PBS 555,City Bus Services,Tanjong Pagar Road to Bukit Batok West Avenue 6,2,10,43329,Blk 146,Bt Batok West Ave 6,103.7448,1.34976204,One trip at 6.10pm, Adult/Senior Citizen: $4 (cash)/$3.50 (card); Child/Student: $2 (card/cash) 
PBS 555,City Bus Services,Tanjong Pagar Road to Bukit Batok West Avenue 6,2,11,40301,Blk 451A,Bt Batok West Ave 6,103.7429,1.35332581,One trip at 6.10pm, Adult/Senior Citizen: $4 (cash)/$3.50 (card); Child/Student: $2 (card/cash) 
PBS 555,City Bus Services,Tanjong Pagar Road to Bukit Batok West Avenue 6,2,12,40351,Blk 461C,Bt Batok West Ave 6,103.741,1.35499657,One trip at 6.10pm, Adult/Senior Citizen: $4 (cash)/$3.50 (card); Child/Student: $2 (card/cash) 
PBS 555,City Bus Services,Tanjong Pagar Road to Bukit Batok West Avenue 6,2,13,40361,Blk 438A,Bt Batok West Ave 8,103.7409,1.35715419,One trip at 6.10pm, Adult/Senior Citizen: $4 (cash)/$3.50 (card); Child/Student: $2 (card/cash) 
PBS 555,City Bus Services,Tanjong Pagar Road to Bukit Batok West Avenue 6,2,14,43799,Blk 432A,Bt Batok West Ave 8,103.7432,1.360292,One trip at 6.10pm, Adult/Senior Citizen: $4 (cash)/$3.50 (card); Child/Student: $2 (card/cash) 
PBS 555,City Bus Services,Tanjong Pagar Road to Bukit Batok West Avenue 6,2,15,43779,Blk 433C,Bt Batok Rd,103.7418,1.36195562,One trip at 6.10pm, Adult/Senior Citizen: $4 (cash)/$3.50 (card); Child/Student: $2 (card/cash) 
PBS 555,City Bus Services,Tanjong Pagar Road to Bukit Batok West Avenue 6,2,16,43789,BLK 436A,Bt Batok Rd,103.7395,1.35915702,One trip at 6.10pm, Adult/Senior Citizen: $4 (cash)/$3.50 (card); Child/Student: $2 (card/cash) 
PBS 555,City Bus Services,Tanjong Pagar Road to Bukit Batok West Avenue 6,2,17,40311,Blk 439C,Bt Batok West Ave 6,103.7389,1.35730457,One trip at 6.10pm, Adult/Senior Citizen: $4 (cash)/$3.50 (card); Child/Student: $2 (card/cash) 
PBS 560 ,Diamond Coach Singapore Pte Ltd,Pandan Valley to Temasek Boulevard,1,1,12169,Pandan Valley ,Pandan Valley,103.7772417,1.319165492,Two trips at 7.40am and 7.55am / 15 min, $5.00 (card) / $7.00 (cash) / $95 (monthly) 
PBS 560 ,Diamond Coach Singapore Pte Ltd,Pandan Valley to Temasek Boulevard,1,2,12179,Montview,Mount Sinai Rise,103.7769949,1.316795047,Two trips at 7.40am and 7.55am / 15 min, $5.00 (card) / $7.00 (cash) / $95 (monthly) 
PBS 560 ,Diamond Coach Singapore Pte Ltd,Pandan Valley to Temasek Boulevard,1,3,12199,Opp Village Tower,Mount Sinai Rise,103.7782062,1.315479989,Two trips at 7.40am and 7.55am / 15 min, $5.00 (card) / $7.00 (cash) / $95 (monthly) 
PBS 560 ,Diamond Coach Singapore Pte Ltd,Pandan Valley to Temasek Boulevard,1,4,12189,Bef Mount Sinai Drive,Mount Sinai Rise,103.780224,1.316426937,Two trips at 7.40am and 7.55am / 15 min, $5.00 (card) / $7.00 (cash) / $95 (monthly) 
PBS 560 ,Diamond Coach Singapore Pte Ltd,Pandan Valley to Temasek Boulevard,1,5,12211,Bet House No. 33/35,Mount Sinai Drive,103.7807071,1.317213361,Two trips at 7.40am and 7.55am / 15 min, $5.00 (card) / $7.00 (cash) / $95 (monthly) 
PBS 560 ,Diamond Coach Singapore Pte Ltd,Pandan Valley to Temasek Boulevard,1,6,12151,Evian Condominium,Moonbeam Walk,103.7812757,1.318650645,Two trips at 7.40am and 7.55am / 15 min, $5.00 (card) / $7.00 (cash) / $95 (monthly) 
PBS 560 ,Diamond Coach Singapore Pte Ltd,Pandan Valley to Temasek Boulevard,1,7,12031,Pandan Valley Condominium,Ulu Pandan Road,103.7796286,1.320800851,Two trips at 7.40am and 7.55am / 15 min, $5.00 (card) / $7.00 (cash) / $95 (monthly) 
PBS 560 ,Diamond Coach Singapore Pte Ltd,Pandan Valley to Temasek Boulevard,1,8,12041,Aft Pandan Valley,Ulu Pandan Road,103.7765344,1.320491727,Two trips at 7.40am and 7.55am / 15 min, $5.00 (card) / $7.00 (cash) / $95 (monthly) 
PBS 560 ,Diamond Coach Singapore Pte Ltd,Pandan Valley to Temasek Boulevard,1,9,12051,Pine Grove Condominium,Ulu Pandan Road,103.7750613,1.320428951,Two trips at 7.40am and 7.55am / 15 min, $5.00 (card) / $7.00 (cash) / $95 (monthly) 
PBS 560 ,Diamond Coach Singapore Pte Ltd,Pandan Valley to Temasek Boulevard,1,10,12111,Bef Clementi Road,Ulu Pandan Road,103.7722298,1.319117911,Two trips at 7.40am and 7.55am / 15 min, $5.00 (card) / $7.00 (cash) / $95 (monthly) 
PBS 560 ,Diamond Coach Singapore Pte Ltd,Pandan Valley to Temasek Boulevard,1,11,17119,Opp Blk 343,Clementi Road,103.7719327,1.31728447,Two trips at 7.40am and 7.55am / 15 min, $5.00 (card) / $7.00 (cash) / $95 (monthly) 
PBS 560 ,Diamond Coach Singapore Pte Ltd,Pandan Valley to Temasek Boulevard,1,12,17109,Opp Blk 352,Clementi Road,103.7721831,1.315527141,Two trips at 7.40am and 7.55am / 15 min, $5.00 (card) / $7.00 (cash) / $95 (monthly) 
PBS 560 ,Diamond Coach Singapore Pte Ltd,Pandan Valley to Temasek Boulevard,1,13,17099,Yale-NUS College,Clementi Road,103.7716527,1.30783047,Two trips at 7.40am and 7.55am / 15 min, $5.00 (card) / $7.00 (cash) / $95 (monthly) 
PBS 560 ,Diamond Coach Singapore Pte Ltd,Pandan Valley to Temasek Boulevard,1,14,3223,International Plaza,Anson Road,103.8463247,1.275703395,Two trips at 7.40am and 7.55am / 15 min, $5.00 (card) / $7.00 (cash) / $95 (monthly) 
PBS 560 ,Diamond Coach Singapore Pte Ltd,Pandan Valley to Temasek Boulevard,1,15,3151,Aft Telok Ayer St,Cecil Street ,103.8477623,1.278921246,Two trips at 7.40am and 7.55am / 15 min, $5.00 (card) / $7.00 (cash) / $95 (monthly) 
PBS 560 ,Diamond Coach Singapore Pte Ltd,Pandan Valley to Temasek Boulevard,1,16,3021,Prudential Tower,Cecil Street ,103.849989,1.282555246,Two trips at 7.40am and 7.55am / 15 min, $5.00 (card) / $7.00 (cash) / $95 (monthly) 
PBS 560 ,Diamond Coach Singapore Pte Ltd,Pandan Valley to Temasek Boulevard,1,17,3381,The Sail,Marina Boulevard ,103.8530651,1.281626013,Two trips at 7.40am and 7.55am / 15 min, $5.00 (card) / $7.00 (cash) / $95 (monthly) 
PBS 560 ,Diamond Coach Singapore Pte Ltd,Pandan Valley to Temasek Boulevard,1,18,3391,Marina Bay Financial Centre,Marina Boulevard ,103.8549801,1.280376603,Two trips at 7.40am and 7.55am / 15 min, $5.00 (card) / $7.00 (cash) / $95 (monthly) 
PBS 560 ,Diamond Coach Singapore Pte Ltd,Pandan Valley to Temasek Boulevard,1,19,2169,Centennial Tower,Temasek Avenue ,103.8607085,1.293338368,Two trips at 7.40am and 7.55am / 15 min, $5.00 (card) / $7.00 (cash) / $95 (monthly) 
PBS 560 ,Diamond Coach Singapore Pte Ltd,Pandan Valley to Temasek Boulevard,1,20,2141,Suntec Tower Two,Temasek Boulevard ,103.8593381,1.295765716,Two trips at 7.40am and 7.55am / 15 min, $5.00 (card) / $7.00 (cash) / $95 (monthly) 
PBS 565,City Transit Pte Ltd,Ah Hood Road to Phillip Street,1,1,-,Along the road outside EASB,Ah Hood Road,103.8457585,1.3276217,One trip at 7.55am,Adult: $4 (card) / $5 (cash); Student/Child: $2 (card/cash)
PBS 565,City Transit Pte Ltd,Ah Hood Road to Phillip Street,1,2,-,Opposite Lamp Post 13 ,Ah Hood Road,103.8475491,1.3281431,One trip at 7.55am,Adult: $4 (card) / $5 (cash); Student/Child: $2 (card/cash)
PBS 565,City Transit Pte Ltd,Ah Hood Road to Phillip Street,1,3,52401,Blk 102 ,Jalan Rajah ,103.8508287,1.328301861,One trip at 7.55am,Adult: $4 (card) / $5 (cash); Student/Child: $2 (card/cash)
PBS 565,City Transit Pte Ltd,Ah Hood Road to Phillip Street,1,4,52411,Blk 105,Jalan Rajah ,103.8539267,1.328186667,One trip at 7.55am,Adult: $4 (card) / $5 (cash); Student/Child: $2 (card/cash)
PBS 565,City Transit Pte Ltd,Ah Hood Road to Phillip Street,1,5,52451,Blk 114,Whampoa Rd,103.8573193,1.32531992,One trip at 7.55am,Adult: $4 (card) / $5 (cash); Student/Child: $2 (card/cash)
PBS 565,City Transit Pte Ltd,Ah Hood Road to Phillip Street,1,6,52129,Blk 29,Jln Bahagia,103.8593811,1.32544667,One trip at 7.55am,Adult: $4 (card) / $5 (cash); Student/Child: $2 (card/cash)
PBS 565,City Transit Pte Ltd,Ah Hood Road to Phillip Street,1,7,52049,Blk 19,Jln Tenteram,103.8597876,1.32721152,One trip at 7.55am,Adult: $4 (card) / $5 (cash); Student/Child: $2 (card/cash)
PBS 565,City Transit Pte Ltd,Ah Hood Road to Phillip Street,1,8,52119,Opp Blk 65,Jln Tenteram,103.8581076,1.32782676,One trip at 7.55am,Adult: $4 (card) / $5 (cash); Student/Child: $2 (card/cash)
PBS 565,City Transit Pte Ltd,Ah Hood Road to Phillip Street,1,9,52099,Opp NKF,Kim Keat Rd,103.8548891,1.326523285,One trip at 7.55am,Adult: $4 (card) / $5 (cash); Student/Child: $2 (card/cash)
PBS 565,City Transit Pte Ltd,Ah Hood Road to Phillip Street,1,10,50159,Bef Kim Keat Lane ,Kim Keat Road ,103.8532662,1.324560661,One trip at 7.55am,Adult: $4 (card) / $5 (cash); Student/Child: $2 (card/cash)
PBS 565,City Transit Pte Ltd,Ah Hood Road to Phillip Street,1,11,50211,Opp Balestier Point ,Balestier Road ,103.8525671,1.323069687,One trip at 7.55am,Adult: $4 (card) / $5 (cash); Student/Child: $2 (card/cash)
PBS 565,City Transit Pte Ltd,Ah Hood Road to Phillip Street,1,12,50221,Bef Blk 104,Balestier Road ,103.8530378,1.321438059,One trip at 7.55am,Adult: $4 (card) / $5 (cash); Student/Child: $2 (card/cash)
PBS 565,City Transit Pte Ltd,Ah Hood Road to Phillip Street,1,13,6029,Outram Park Stn Exit 1,Outram Road,103.8383829,1.28177041,One trip at 7.55am,Adult: $4 (card) / $5 (cash); Student/Child: $2 (card/cash)
PBS 565,City Transit Pte Ltd,Ah Hood Road to Phillip Street,1,14,5519,"	Blk 1G",Cantonment Road,103.8411269,1.275534722,One trip at 7.55am,Adult: $4 (card) / $5 (cash); Student/Child: $2 (card/cash)
PBS 565,City Transit Pte Ltd,Ah Hood Road to Phillip Street,1,15,-,Opposite Genting Centre,Lim Teck Kim Road,103.842633,1.273523,One trip at 7.55am,Adult: $4 (card) / $5 (cash); Student/Child: $2 (card/cash)
PBS 565,City Transit Pte Ltd,Ah Hood Road to Phillip Street,1,16,3223,Tanjong Pagar Station Exit C,Anson Road,103.8463247,1.275703395,One trip at 7.55am,Adult: $4 (card) / $5 (cash); Student/Child: $2 (card/cash)
PBS 565,City Transit Pte Ltd,Ah Hood Road to Phillip Street,1,17,3151,Aft Telok Ayer St,Cecil Street ,103.8477623,1.278921246,One trip at 7.55am,Adult: $4 (card) / $5 (cash); Student/Child: $2 (card/cash)
PBS 565,City Transit Pte Ltd,Ah Hood Road to Phillip Street,1,18,3021,Prudential Tower,Cecil Street ,103.849989,1.282555246,One trip at 7.55am,Adult: $4 (card) / $5 (cash); Student/Child: $2 (card/cash)
PBS 565,City Transit Pte Ltd,Ah Hood Road to Phillip Street,1,19,-,Outside Clifford Centre,Collyer Quay,103.852614,1.283625,One trip at 7.55am,Adult: $4 (card) / $5 (cash); Student/Child: $2 (card/cash)
PBS 565,City Transit Pte Ltd,Ah Hood Road to Phillip Street,1,20,-,Outside Singapore Land Tower,Battery Road,103.851819,1.285056,One trip at 7.55am,Adult: $4 (card) / $5 (cash); Student/Child: $2 (card/cash)
PBS 565,City Transit Pte Ltd,Ah Hood Road to Phillip Street,1,21,-,Outside Tan Ean Kiam Building,Phillip Street,103.849775,1.284572,One trip at 7.55am,Adult: $4 (card) / $5 (cash); Student/Child: $2 (card/cash)
PBS 574,Deconti Trans,Upper Serangoon Road - Anson Road,1,2,64041,Hougang Plaza,Upper Serangoon Road,103.89536,1.370165,One trip at 7.45am, $5.00 (cash) 
PBS 574,Deconti Trans,Upper Serangoon Road - Anson Road,1,3,64051,Blk 465A,Upper Serangoon Road,103.8977736,1.372396669,One trip at 7.45am, $5.00 (cash) 
PBS 574,Deconti Trans,Upper Serangoon Road - Anson Road,1,4,64071,Opp Punggol Park,Hougang Avenue 8,103.8972481,1.375140564,One trip at 7.45am, $5.00 (cash) 
PBS 574,Deconti Trans,Upper Serangoon Road - Anson Road,1,5,64039,Blk 434,Hougang Avenue 8,103.8939376,1.376687532,One trip at 7.45am, $5.00 (cash) 
PBS 574,Deconti Trans,Upper Serangoon Road - Anson Road,1,6,64369,Blk 532,Hougang Avenue 8,103.8914935,1.376344484,One trip at 7.45am, $5.00 (cash) 
PBS 574,Deconti Trans,Upper Serangoon Road - Anson Road,1,7,64479,Blk 665,Hougang Avenue 9,103.88354,1.374401341,One trip at 7.45am, $5.00 (cash) 
PBS 574,Deconti Trans,Upper Serangoon Road - Anson Road,1,8,64489,Blk 946A,Hougang Avenue 9,103.8806769,1.37488765,One trip at 7.45am, $5.00 (cash) 
PBS 574,Deconti Trans,Upper Serangoon Road - Anson Road,1,9,64499,Regentville,Hougang Avenue 9,103.8782886,1.374882857,One trip at 7.45am, $5.00 (cash) 
PBS 574,Deconti Trans,Upper Serangoon Road - Anson Road,1,10,64109,Gracehaven Salvation Army,Yio Chu Kang Road,103.876909,1.372023302,One trip at 7.45am, $5.00 (cash) 
PBS 574,Deconti Trans,Upper Serangoon Road - Anson Road,1,11,66109,Blk 151,Ang Mo Kio Avenue 3,103.8746132,1.369979225,One trip at 7.45am, $5.00 (cash) 
PBS 574,Deconti Trans,Upper Serangoon Road - Anson Road,1,12,66349,Opp Daikin Singapore,Ang Mo Kio Avenue 3,103.8654177,1.3708276,One trip at 7.45am, $5.00 (cash) 
PBS 574,Deconti Trans,Upper Serangoon Road - Anson Road,1,13,54309,Opp Blk 5022,Ang Mo Kio Avenue 3,103.863066,1.369888353,One trip at 7.45am, $5.00 (cash) 
PBS 574,Deconti Trans,Upper Serangoon Road - Anson Road,1,14,9038,Opp Somerset Station,Orchard Road,103.8385248,1.301542625,One trip at 7.45am, $5.00 (cash) 
PBS 574,Deconti Trans,Upper Serangoon Road - Anson Road,1,15,8137,Orchard Plaza,Orchard Road,103.841005,1.300739684,One trip at 7.45am, $5.00 (cash) 
PBS 574,Deconti Trans,Upper Serangoon Road - Anson Road,1,16,8058,Aft Dhoby Ghaut Station,Orchard Road,103.8465412,1.298958343,One trip at 7.45am, $5.00 (cash) 
PBS 574,Deconti Trans,Upper Serangoon Road - Anson Road,1,17,8069,Bencoolen Station Exit B,Bras Basah Road,103.8493613,1.298213823,One trip at 7.45am, $5.00 (cash) 
PBS 574,Deconti Trans,Upper Serangoon Road - Anson Road,1,18,4179,Aft Bras Basah Station Exit A,Bras Basah Road,103.8514716,1.296479163,One trip at 7.45am, $5.00 (cash) 
PBS 574,Deconti Trans,Upper Serangoon Road - Anson Road,1,19,2119,One Raffles Link,Nicoll Highway,103.8553433,1.291844074,One trip at 7.45am, $5.00 (cash) 
PBS 574,Deconti Trans,Upper Serangoon Road - Anson Road,1,20,3019,OUE Bayfront,Collyer Quay,103.8531081,1.284245,One trip at 7.45am, $5.00 (cash) 
PBS 574,Deconti Trans,Upper Serangoon Road - Anson Road,1,21,3129,UIC Building,Shenton Way,103.8495672,1.278070035,One trip at 7.45am, $5.00 (cash) 
PBS 574,Deconti Trans,Upper Serangoon Road - Anson Road,1,22,3217,Opp AXA Tower,Shenton Way,103.8479444,1.275522189,One trip at 7.45am, $5.00 (cash) 
PBS 574,Deconti Trans,Upper Serangoon Road - Anson Road,1,23,3218,Opp MAS Building,Shenton Way,103.8468781,1.274116652,One trip at 7.45am, $5.00 (cash) 
PBS 574,Deconti Trans,Upper Serangoon Road - Anson Road,1,24,3223,International Plaza,Anson Road,103.8463247,1.275703395,One trip at 7.45am, $5.00 (cash) 
PBS 575,Deconti Trans,Sengkang East Road to Upper Cross Street,1,1,66481,Opp Blk 968,Buangkok Green,103.8783096,1.37918666,One trip at 7.20am, $5.00 (cash) 
PBS 575,Deconti Trans,Sengkang East Road to Upper Cross Street,1,2,64089,Opp Hougang 1,Hougang Street 91,103.8802,1.376101,One trip at 7.20am, $5.00 (cash) 
PBS 575,Deconti Trans,Sengkang East Road to Upper Cross Street,1,3,64499,Regentville,Hougang Avenue 9,103.8782886,1.37488286,One trip at 7.20am, $5.00 (cash) 
PBS 575,Deconti Trans,Sengkang East Road to Upper Cross Street,1,4,66439,Blk 504A CP,Serangoon North Avenue 4,103.8755129,1.37393762,One trip at 7.20am, $5.00 (cash) 
PBS 575,Deconti Trans,Sengkang East Road to Upper Cross Street,1,5,66429,Blk 530,Serangoon North Avenue 4,103.8724374,1.37352183,One trip at 7.20am, $5.00 (cash) 
PBS 575,Deconti Trans,Sengkang East Road to Upper Cross Street,1,6,66349,Opp Daikin Singapore,Ang Mo Kio Avenue 3,103.8654177,1.3708276,One trip at 7.20am, $5.00 (cash) 
PBS 575,Deconti Trans,Sengkang East Road to Upper Cross Street,1,7,54309,Opp Blk 5022,Ang Mo Kio Avenue 3,103.863066,1.369888353,One trip at 7.20am, $5.00 (cash) 
PBS 575,Deconti Trans,Sengkang East Road to Upper Cross Street,1,8,5129,Opp One Upper Pickering,Upper Pickering Street,103.8463467,1.286011667,One trip at 7.20am, $5.00 (cash) 
PBS 575,Deconti Trans,Sengkang East Road to Upper Cross Street,1,9,5319,OCBC Centre,Church Street,103.8490869,1.284496673,One trip at 7.20am, $5.00 (cash) 
PBS 575,Deconti Trans,Sengkang East Road to Upper Cross Street,1,10,3381,"The Sail	",Marina Boulevard,103.8530651,1.28162601,One trip at 7.20am, $5.00 (cash) 
PBS 575,Deconti Trans,Sengkang East Road to Upper Cross Street,1,11,3529,Downtown Station Exit E,Central Boulevard,103.8527877,1.27939957,One trip at 7.20am, $5.00 (cash) 
PBS 575,Deconti Trans,Sengkang East Road to Upper Cross Street,1,12,3129,UIC Building,Shenton Way,103.8495672,1.278070035,One trip at 7.20am, $5.00 (cash) 
PBS 575,Deconti Trans,Sengkang East Road to Upper Cross Street,1,13,3217,Opp AXA Tower,Shenton Way,103.8479444,1.275522189,One trip at 7.20am, $5.00 (cash) 
PBS 575,Deconti Trans,Sengkang East Road to Upper Cross Street,1,14,3218,Opp MAS Building,Shenton Way,103.8468781,1.274116652,One trip at 7.20am, $5.00 (cash) 
PBS 575,Deconti Trans,Sengkang East Road to Upper Cross Street,1,15,3223,Tanjong Pagar Station Exit C,Anson Road,103.8463247,1.275703395,One trip at 7.20am, $5.00 (cash) 
PBS 575,Deconti Trans,Sengkang East Road to Upper Cross Street,1,16,3151,Aft Telok Ayer St,Cecil Street,103.8477623,1.278921246,One trip at 7.20am, $5.00 (cash) 
PBS 591,XingSheng Transport Services,Punggol Drive - Anson Road,1,1,65321,Kadaloor Station Exit B,Punggol Drive,103.916593,1.399427,Two trips at 8.00am and 8.30am / 30 minutes,$4.00
PBS 591,XingSheng Transport Services,Punggol Drive - Anson Road,1,2,65311,Oasis Station Exit B/Blk 617D,Punggol Drive,103.9128569,1.402015,Two trips at 8.00am and 8.30am / 30 minutes,$4.00
PBS 591,XingSheng Transport Services,Punggol Drive - Anson Road,1,3,65301,Damai Station Exit B,Punggol Drive,103.9093081,1.40455,Two trips at 8.00am and 8.30am / 30 minutes,$4.00
PBS 591,XingSheng Transport Services,Punggol Drive - Anson Road,1,4,65099,Blk 604A,Punggol Road,103.897021,1.380166,Two trips at 8.00am and 8.30am / 30 minutes,$4.00
PBS 591,XingSheng Transport Services,Punggol Drive - Anson Road,1,5,65089,Opp Blk 296,Punggol Road,103.9058051,1.401339484,Two trips at 8.00am and 8.30am / 30 minutes,$4.00
PBS 591,XingSheng Transport Services,Punggol Drive - Anson Road,1,6,65151,Cove Station Exit B,Punggol Field,103.9067353,1.398911231,Two trips at 8.00am and 8.30am / 30 minutes,$4.00
PBS 591,XingSheng Transport Services,Punggol Drive - Anson Road,1,7,65161,Meridian Station Exit B,Punggol Field,103.9085911,1.397356311,Two trips at 8.00am and 8.30am / 30 minutes,$4.00
PBS 591,XingSheng Transport Services,Punggol Drive - Anson Road,1,8,65171,Coral Edge Station Exit B,Punggol Field,103.9120935,1.394494243,Two trips at 8.00am and 8.30am / 30 minutes,$4.00
PBS 591,XingSheng Transport Services,Punggol Drive - Anson Road,1,9,67529,Opp Blk 157A,Sengkang East Drive,103.9093397,1.387304771,Two trips at 8.00am and 8.30am / 30 minutes,$4.00
PBS 591,XingSheng Transport Services,Punggol Drive - Anson Road,1,10,67519,Opp Blk 121E,Sengkang East Drive,103.9062883,1.385653333,Two trips at 8.00am and 8.30am / 30 minutes,$4.00
PBS 591,XingSheng Transport Services,Punggol Drive - Anson Road,1,11,67509,Opp Blk 119A,Sengkang East Drive,103.904338,1.3840964,Two trips at 8.00am and 8.30am / 30 minutes,$4.00
PBS 591,XingSheng Transport Services,Punggol Drive - Anson Road,1,13,80169,Nicoll Highway Station,Nicoll Highway,103.8633601,1.300705476,Two trips at 8.00am and 8.30am / 30 minutes,$4.00
PBS 591,XingSheng Transport Services,Punggol Drive - Anson Road,1,14,80159,Suntec City,Nicoll Highway,103.8579517,1.295962317,Two trips at 8.00am and 8.30am / 30 minutes,$4.00
PBS 591,XingSheng Transport Services,Punggol Drive - Anson Road,1,15,2119,Opp War Memorial Park,Nicoll Highway,103.8553433,1.291844074,Two trips at 8.00am and 8.30am / 30 minutes,$4.00
PBS 591,XingSheng Transport Services,Punggol Drive - Anson Road,1,16,3019,OUE Bayfront,Collyer Quay,103.8531081,1.284245,Two trips at 8.00am and 8.30am / 30 minutes,$4.00
PBS 591,XingSheng Transport Services,Punggol Drive - Anson Road,1,17,3129,UIC Building,Shenton Way,103.8495672,1.278070035,Two trips at 8.00am and 8.30am / 30 minutes,$4.00
PBS 591,XingSheng Transport Services,Punggol Drive - Anson Road,1,18,3217,Opp AXA Tower,Shenton Way,103.8479444,1.275522189,Two trips at 8.00am and 8.30am / 30 minutes,$4.00
PBS 591,XingSheng Transport Services,Punggol Drive - Anson Road,1,19,3223,International Plaza,Anson Road,103.8463247,1.275703395,Two trips at 8.00am and 8.30am / 30 minutes,$4.00
PBS 591,XingSheng Transport Services,Punggol Drive - Anson Road,2,1,3222,Hub Synergy Point,Anson Road,103.8448956,1.273978369,Two trips at 6.15pm and 6.45pm / 30 minutes,$4.00
PBS 591,XingSheng Transport Services,Punggol Drive - Anson Road,2,2,3111,Aft Capital Tower,Robinson Road,103.8481012,1.277825954,Two trips at 6.15pm and 6.45pm / 30 minutes,$4.00
PBS 591,XingSheng Transport Services,Punggol Drive - Anson Road,2,3,3071,Opp So Sofitel Singapore,Robinson Road,103.8493803,1.279921325,Two trips at 6.15pm and 6.45pm / 30 minutes,$4.00
PBS 591,XingSheng Transport Services,Punggol Drive - Anson Road,2,4,3031,Raffles Place Station Exit F,Robinson Road,103.8508607,1.282074922,Two trips at 6.15pm and 6.45pm / 30 minutes,$4.00
PBS 591,XingSheng Transport Services,Punggol Drive - Anson Road,2,5,3011,Fullerton Square,Fullerton Road,103.853336,1.285597589,Two trips at 6.15pm and 6.45pm / 30 minutes,$4.00
PBS 591,XingSheng Transport Services,Punggol Drive - Anson Road,2,6,2111,Esplanade Bridge,Esplanade Drive,103.8545342,1.290955923,Two trips at 6.15pm and 6.45pm / 30 minutes,$4.00
PBS 591,XingSheng Transport Services,Punggol Drive - Anson Road,2,7,80151,Opp Suntec City,Nicoll Highway,103.8575904,1.295947793,Two trips at 6.15pm and 6.45pm / 30 minutes,$4.00
PBS 591,XingSheng Transport Services,Punggol Drive - Anson Road,2,8,80161,Opp Nicoll Highway Station,Nicoll Highway,103.8624541,1.300327156,Two trips at 6.15pm and 6.45pm / 30 minutes,$4.00
PBS 591,XingSheng Transport Services,Punggol Drive - Anson Road,2,9,67501,Blk 117C,Sengkang East Drive,103.90365,1.383549732,Two trips at 6.15pm and 6.45pm / 30 minutes,$4.00
PBS 591,XingSheng Transport Services,Punggol Drive - Anson Road,2,10,67511,Blk 121E,Sengkang East Drive,103.9062452,1.386030416,Two trips at 6.15pm and 6.45pm / 30 minutes,$4.00
PBS 591,XingSheng Transport Services,Punggol Drive - Anson Road,2,11,67521,Blk 160,Sengkang East Drive,103.9083801,1.387145366,Two trips at 6.15pm and 6.45pm / 30 minutes,$4.00
PBS 591,XingSheng Transport Services,Punggol Drive - Anson Road,2,12,65179,Coral Edge Station Exit A,Punggol Field,103.9119024,1.394295828,Two trips at 6.15pm and 6.45pm / 30 minutes,$4.00
PBS 591,XingSheng Transport Services,Punggol Drive - Anson Road,2,13,65169,Meridian Station Exit A,Punggol Field,103.9092919,1.396434688,Two trips at 6.15pm and 6.45pm / 30 minutes,$4.00
PBS 591,XingSheng Transport Services,Punggol Drive - Anson Road,2,14,65159,Cove Station Exit A,Punggol Field,103.9066529,1.398568723,Two trips at 6.15pm and 6.45pm / 30 minutes,$4.00
PBS 591,XingSheng Transport Services,Punggol Drive - Anson Road,2,15,65081,Opp Blk 199C,Punggol Road,103.9053104,1.400921588,Two trips at 6.15pm and 6.45pm / 30 minutes,$4.00
PBS 591,XingSheng Transport Services,Punggol Drive - Anson Road,2,16,65091,Blk 301A,Punggol Road,103.9065564,1.403979627,Two trips at 6.15pm and 6.45pm / 30 minutes,$4.00
PBS 591,XingSheng Transport Services,Punggol Drive - Anson Road,2,17,65309,Damai Station Exit A,Punggol Drive,103.909135,1.404943889,Two trips at 6.15pm and 6.45pm / 30 minutes,$4.00
PBS 591,XingSheng Transport Services,Punggol Drive - Anson Road,2,18,65319,Oasis Station Exit A,Punggol Drive,103.912445,1.402578056,Two trips at 6.15pm and 6.45pm / 30 minutes,$4.00
PBS 591,XingSheng Transport Services,Punggol Drive - Anson Road,2,19,65329,Kadaloor Station Exit A,Punggol Drive,103.916124,1.399888,Two trips at 6.15pm and 6.45pm / 30 minutes,$4.00
PBS 592,XingSheng Transport Services,Sengkang West Way - Anson Road,1,1,67559,Opp Blk 471A,Sengkang West Way,103.880945,1.395493907,One trip at 7.30am,$4.00
PBS 592,XingSheng Transport Services,Sengkang West Way - Anson Road,1,2,67569,Blk 432A,Sengkang West Way,103.877,1.395049992,One trip at 7.30am,$4.00
PBS 592,XingSheng Transport Services,Sengkang West Way - Anson Road,1,3,67579,Bef Jalan Kayu,Sengkang West Way,103.8734686,1.394836197,One trip at 7.30am,$4.00
PBS 592,XingSheng Transport Services,Sengkang West Way - Anson Road,1,4,68029,Blk 448A,Jalan Kayu,103.8726496,1.393121621,One trip at 7.30am,$4.00
PBS 592,XingSheng Transport Services,Sengkang West Way - Anson Road,1,5,67491,Opp Fernvale Primary School,Sengkang West Avenue,103.8746649,1.390875385,One trip at 7.30am,$4.00
PBS 592,XingSheng Transport Services,Sengkang West Way - Anson Road,1,6,67481,Fernvale Station/ Blk 439A,Sengkang West Avenue,103.8776459,1.391497941,One trip at 7.30am,$4.00
PBS 592,XingSheng Transport Services,Sengkang West Way - Anson Road,1,7,67471,Layar Station Exit B,Sengkang West Avenue,103.8801011,1.392185681,One trip at 7.30am,$4.00
PBS 592,XingSheng Transport Services,Sengkang West Way - Anson Road,1,8,67321,Blk 311A,Sengkang East Avenue,103.8842549,1.390567926,One trip at 7.30am,$4.00
PBS 592,XingSheng Transport Services,Sengkang West Way - Anson Road,1,9,67361,Blk 313B,Anchorvale Drive,103.8883491,1.390995059,One trip at 7.30am,$4.00
PBS 592,XingSheng Transport Services,Sengkang West Way - Anson Road,1,10,67351,Blk 321 Carpark,Anchorvale Drive,103.8913545,1.389944754,One trip at 7.30am,$4.00
PBS 592,XingSheng Transport Services,Sengkang West Way - Anson Road,1,11,67271,Blk 201 Carpark,Sengkang East Road,103.8920896,1.388251387,One trip at 7.30am,$4.00
PBS 592,XingSheng Transport Services,Sengkang West Way - Anson Road,1,12,67331,Blk 200B,Sengkang East Avenue,103.8925215,1.386768071,One trip at 7.30am,$4.00
PBS 592,XingSheng Transport Services,Sengkang West Way - Anson Road,1,13,67261,Blk 203B,Sengkang East Avenue,103.8946421,1.386587413,One trip at 7.30am,$4.00
PBS 592,XingSheng Transport Services,Sengkang West Way - Anson Road,1,14,67211,Ranggung Station Exit A,Sengkang East Avenue,103.8976592,1.383938281,One trip at 7.30am,$4.00
PBS 592,XingSheng Transport Services,Sengkang West Way - Anson Road,1,15,65019,The Rivervale,Punggol Road,103.8974924,1.381514078,One trip at 7.30am,$4.00
PBS 592,XingSheng Transport Services,Sengkang West Way - Anson Road,1,16,67721,The Rivervale,Buangkok Drive,103.8981924,1.379713497,One trip at 7.30am,$4.00
PBS 592,XingSheng Transport Services,Sengkang West Way - Anson Road,1,17,67731,Bef Sengkang East Drive,Buangkok Drive,103.9013807,1.380187386,One trip at 7.30am,$4.00
PBS 592,XingSheng Transport Services,Sengkang West Way - Anson Road,1,18,80219,National Stadium,Nicoll Highway,103.8752641,1.306743814,One trip at 7.30am,$4.00
PBS 592,XingSheng Transport Services,Sengkang West Way - Anson Road,1,19,80169,Nicoll Highway Station,Nicoll Highway,103.8633601,1.300705476,One trip at 7.30am,$4.00
PBS 592,XingSheng Transport Services,Sengkang West Way - Anson Road,1,20,80159,Suntec City,Nicoll Highway,103.8579517,1.295962317,One trip at 7.30am,$4.00
PBS 592,XingSheng Transport Services,Sengkang West Way - Anson Road,1,21,2119,Opp War Memorial Park,Nicoll Highway,103.8553433,1.291844074,One trip at 7.30am,$4.00
PBS 592,XingSheng Transport Services,Sengkang West Way - Anson Road,1,22,3019,OUE Bayfront,Collyer Quay,103.8531081,1.284245,One trip at 7.30am,$4.00
PBS 592,XingSheng Transport Services,Sengkang West Way - Anson Road,1,23,3129,UIC Building,Shenton Way,103.8495672,1.278070035,One trip at 7.30am,$4.00
PBS 592,XingSheng Transport Services,Sengkang West Way - Anson Road,1,24,3217,Opp AXA Tower,Shenton Way,103.8479444,1.275522189,One trip at 7.30am,$4.00
PBS 592,XingSheng Transport Services,Sengkang West Way - Anson Road,1,25,3223,International Plaza,Anson Road,103.8463247,1.275703395,One trip at 7.30am,$4.00
PBS 592,XingSheng Transport Services,Sengkang West Way - Anson Road,2,1,3222,Hub Synergy Point,Anson Road,103.8448956,1.273978369,One trip at 6.15pm,$4.00
PBS 592,XingSheng Transport Services,Sengkang West Way - Anson Road,2,2,3111,Aft Capital Tower,Robinson Road,103.8481012,1.277825954,One trip at 6.15pm,$4.00
PBS 592,XingSheng Transport Services,Sengkang West Way - Anson Road,2,3,3071,Opp So Sofitel Singapore,Robinson Road,103.8493803,1.279921325,One trip at 6.15pm,$4.00
PBS 592,XingSheng Transport Services,Sengkang West Way - Anson Road,2,4,3031,Raffles Place Station Exit E,Robinson Road,103.8508607,1.282074922,One trip at 6.15pm,$4.00
PBS 592,XingSheng Transport Services,Sengkang West Way - Anson Road,2,5,3011,Fullerton Square,Fullerton Road,103.853336,1.285597589,One trip at 6.15pm,$4.00
PBS 592,XingSheng Transport Services,Sengkang West Way - Anson Road,2,6,2111,Esplanade Bridge,Esplanade Drive,103.8545342,1.290955923,One trip at 6.15pm,$4.00
PBS 592,XingSheng Transport Services,Sengkang West Way - Anson Road,2,7,80151,Opp Suntec City,Nicoll Highway,103.8575904,1.295947793,One trip at 6.15pm,$4.00
PBS 592,XingSheng Transport Services,Sengkang West Way - Anson Road,2,8,80161,Opp Nicoll Highway Station,Nicoll Highway,103.8624541,1.300327156,One trip at 6.15pm,$4.00
PBS 592,XingSheng Transport Services,Sengkang West Way - Anson Road,2,9,67739,Aft Sengkang East Drive,Buangkok Drive,103.9019509,1.379984232,One trip at 6.15pm,$4.00
PBS 592,XingSheng Transport Services,Sengkang West Way - Anson Road,2,10,67729,Opp The Rivervale,Buangkok Drive,103.8987257,1.37948933,One trip at 6.15pm,$4.00
PBS 592,XingSheng Transport Services,Sengkang West Way - Anson Road,2,11,65011,Opp The Rivervale,Punggol Road,103.8972095,1.381596968,One trip at 6.15pm,$4.00
PBS 592,XingSheng Transport Services,Sengkang West Way - Anson Road,2,12,67219,Ranggung Station Exit B ,Sengkang East Avenue,103.8975137,1.383688353,One trip at 6.15pm,$4.00
PBS 592,XingSheng Transport Services,Sengkang West Way - Anson Road,2,13,67269,Opp Blk 203A,Sengkang East Avenue,103.8951336,1.386054076,One trip at 6.15pm,$4.00
PBS 592,XingSheng Transport Services,Sengkang West Way - Anson Road,2,14,67339,Opp Blk 200B,Sengkang East Avenue,103.8926909,1.386480382,One trip at 6.15pm,$4.00
PBS 592,XingSheng Transport Services,Sengkang West Way - Anson Road,2,15,67279,Blk 301D,Sengkang East Road,103.8916788,1.388093054,One trip at 6.15pm,$4.00
PBS 592,XingSheng Transport Services,Sengkang West Way - Anson Road,2,16,67359,Nan Chiau High School,Anchorvale Drive,103.8904406,1.390025942,One trip at 6.15pm,$4.00
PBS 592,XingSheng Transport Services,Sengkang West Way - Anson Road,2,17,67369,Blk 306 Carpark,Anchorvale Drive,103.8885346,1.390717311,One trip at 6.15pm,$4.00
PBS 592,XingSheng Transport Services,Sengkang West Way - Anson Road,2,18,67329,Opp Blk 310B,Sengkang East Avenue,103.8846017,1.390019742,One trip at 6.15pm,$4.00
PBS 592,XingSheng Transport Services,Sengkang West Way - Anson Road,2,19,67479,Layar Station Exit A/Blk 417A,Sengkang West Avenue,103.8801967,1.391982037,One trip at 6.15pm,$4.00
PBS 592,XingSheng Transport Services,Sengkang West Way - Anson Road,2,20,67489,Opp Fernvale Station ,Sengkang West Avenue,103.877085,1.39100245,One trip at 6.15pm,$4.00
PBS 592,XingSheng Transport Services,Sengkang West Way - Anson Road,2,21,67499,Fernvale Primary School,Sengkang West Avenue,103.8746787,1.390680287,One trip at 6.15pm,$4.00
PBS 592,XingSheng Transport Services,Sengkang West Way - Anson Road,2,22,68021,Opp Blk 448A,Jalan Kayu,103.872471,1.393179098,One trip at 6.15pm,$4.00
PBS 592,XingSheng Transport Services,Sengkang West Way - Anson Road,2,23,67571,Aft Lor Tanggam,Sengkang West Way,103.8739192,1.395157967,One trip at 6.15pm,$4.00
PBS 592,XingSheng Transport Services,Sengkang West Way - Anson Road,2,24,67561,Opp Blk 432A,Sengkang West Way,103.876977,1.395458285,One trip at 6.15pm,$4.00
PBS 592,XingSheng Transport Services,Sengkang West Way - Anson Road,2,25,67551,Blk 471A,Sengkang West Way,103.8792729,1.396005293,One trip at 6.15pm,$4.00
PBS 593,MyBus Pte Ltd,Punggol Way - Changi Business Park,1,1,65149,Bef Soo Teck Stn,Punggol Way,103.8969248,1.404440466,"Nine trips from 6.55am to 10.00am / 10 to 35 min
", $3.50 (card) / $4.00 (cash) 
PBS 593,MyBus Pte Ltd,Punggol Way - Changi Business Park,1,2,65401,Opposite Blk 264A,Punggol Central,,,"Nine trips from 6.55am to 10.00am / 10 to 35 min
", $3.50 (card) / $4.00 (cash) 
PBS 593,MyBus Pte Ltd,Punggol Way - Changi Business Park,1,3,65251,Punggol Station,Punggol Central,103.90248,1.40529,"Nine trips from 6.55am to 10.00am / 10 to 35 min
", $3.50 (card) / $4.00 (cash) 
PBS 593,MyBus Pte Ltd,Punggol Way - Changi Business Park,1,4,65221,Blk 303D,Punggol Central,103.9048076,1.404028428,"Nine trips from 6.55am to 10.00am / 10 to 35 min
", $3.50 (card) / $4.00 (cash) 
PBS 593,MyBus Pte Ltd,Punggol Way - Changi Business Park,1,5,65091,Blk 301A,Punggol Road,103.9065564,1.403979627,"Nine trips from 6.55am to 10.00am / 10 to 35 min
", $3.50 (card) / $4.00 (cash) 
PBS 593,MyBus Pte Ltd,Punggol Way - Changi Business Park,1,6,65309,Opp Blk 612A,Punggol Drive,103.909135,1.404943889,"Nine trips from 6.55am to 10.00am / 10 to 35 min
", $3.50 (card) / $4.00 (cash) 
PBS 593,MyBus Pte Ltd,Punggol Way - Changi Business Park,1,7,65319,Oasis Station Exit A,Punggol Drive,103.912445,1.402578056,"Nine trips from 6.55am to 10.00am / 10 to 35 min
", $3.50 (card) / $4.00 (cash) 
PBS 593,MyBus Pte Ltd,Punggol Way - Changi Business Park,1,8,65329,Kadaloor Station Exit A,Punggol Drive,103.916124,1.399888,"Nine trips from 6.55am to 10.00am / 10 to 35 min
", $3.50 (card) / $4.00 (cash) 
PBS 593,MyBus Pte Ltd,Punggol Way - Changi Business Park,1,9,65189,Bef Punggol Central,Punggol East ,103.9179331,1.396826944,"Nine trips from 6.55am to 10.00am / 10 to 35 min
", $3.50 (card) / $4.00 (cash) 
PBS 593,MyBus Pte Ltd,Punggol Way - Changi Business Park,1,10,65239,Opp Blk 166A,Punggol East ,103.9160348,1.394104614,"Nine trips from 6.55am to 10.00am / 10 to 35 min
", $3.50 (card) / $4.00 (cash) 
PBS 593,MyBus Pte Ltd,Punggol Way - Changi Business Park,1,11,65179,Coral Edge Station Exit A,Punggol Field ,103.9119024,1.394295828,"Nine trips from 6.55am to 10.00am / 10 to 35 min
", $3.50 (card) / $4.00 (cash) 
PBS 593,MyBus Pte Ltd,Punggol Way - Changi Business Park,1,12,65169,Blk 108,Punggol Field ,103.9092919,1.396434688,"Nine trips from 6.55am to 10.00am / 10 to 35 min
", $3.50 (card) / $4.00 (cash) 
PBS 593,MyBus Pte Ltd,Punggol Way - Changi Business Park,1,13,65159,Blk 101C,Punggol Field ,103.9066529,1.398568723,"Nine trips from 6.55am to 10.00am / 10 to 35 min
", $3.50 (card) / $4.00 (cash) 
PBS 593,MyBus Pte Ltd,Punggol Way - Changi Business Park,1,14,65079,Blk 102C,Punggol Road ,103.904748,1.398935745,"Nine trips from 6.55am to 10.00am / 10 to 35 min
", $3.50 (card) / $4.00 (cash) 
PBS 593,MyBus Pte Ltd,Punggol Way - Changi Business Park,1,15,96069,Mera Terrace Playground,Upper Changi Road East ,,,"Nine trips from 6.55am to 10.00am / 10 to 35 min
", $3.50 (card) / $4.00 (cash) 
PBS 593,MyBus Pte Ltd,Punggol Way - Changi Business Park,1,16,96049,Upper Changi Station/SUTD,Upper Changi Road East ,,,"Nine trips from 6.55am to 10.00am / 10 to 35 min
", $3.50 (card) / $4.00 (cash) 
PBS 593,MyBus Pte Ltd,Punggol Way - Changi Business Park,1,17,96419,Eightrium,Changi South Avenue 1,103.9638595,1.3376443,"Nine trips from 6.55am to 10.00am / 10 to 35 min
", $3.50 (card) / $4.00 (cash) 
PBS 593,MyBus Pte Ltd,Punggol Way - Changi Business Park,1,18,-,Along the road outside The IBM Place,Changi Business Park Avenue 1,103.9638594,1.3360398,"Nine trips from 6.55am to 10.00am / 10 to 35 min
", $3.50 (card) / $4.00 (cash) 
PBS 593,MyBus Pte Ltd,Punggol Way - Changi Business Park,1,19,96401,Honeywell Building,Changi Business Park Central 1,103.9659831,1.3367799,"Nine trips from 6.55am to 10.00am / 10 to 35 min
", $3.50 (card) / $4.00 (cash) 
PBS 593,MyBus Pte Ltd,Punggol Way - Changi Business Park,1,20,96361,Aft Akzonobel,Changi Business Park Central 2 ,103.966437,1.336491101,"Nine trips from 6.55am to 10.00am / 10 to 35 min
", $3.50 (card) / $4.00 (cash) 
PBS 593,MyBus Pte Ltd,Punggol Way - Changi Business Park,1,21,-,Along the road outside Plaza 8,Changi Business Park Central 1,103.9645692,1.3340451,"Nine trips from 6.55am to 10.00am / 10 to 35 min
", $3.50 (card) / $4.00 (cash) 
PBS 593,MyBus Pte Ltd,Punggol Way - Changi Business Park,1,22,96321,DBS Asia Hub,Changi South Avenue 2 ,103.9653246,1.332082717,"Nine trips from 6.55am to 10.00am / 10 to 35 min
", $3.50 (card) / $4.00 (cash) 
PBS 593,MyBus Pte Ltd,Punggol Way - Changi Business Park,1,23,96331,Premier,Changi South Avenue 2 ,,,"Nine trips from 6.55am to 10.00am / 10 to 35 min
", $3.50 (card) / $4.00 (cash) 
PBS 593,MyBus Pte Ltd,Punggol Way - Changi Business Park,1,24,96341,Aft Sunny Metal & Engrg,Changi South Avenue 2 ,,,"Nine trips from 6.55am to 10.00am / 10 to 35 min
", $3.50 (card) / $4.00 (cash) 
PBS 593,MyBus Pte Ltd,Punggol Way - Changi Business Park,1,25,96351,Before Changi South Street 1,Changi South Avenue 4 ,,,"Nine trips from 6.55am to 10.00am / 10 to 35 min
", $3.50 (card) / $4.00 (cash) 
PBS 593,MyBus Pte Ltd,Punggol Way - Changi Business Park,2,1,96419,Eightrium,Changi South Avenue 1,103.9638595,1.3376443,Six trips from 5.30pm to 8.00pm / 10 to 45 min, $3.50 (card) / $4.00 (cash) 
PBS 593,MyBus Pte Ltd,Punggol Way - Changi Business Park,2,2,-,Along the road outside The IBM Place,Changi Business Park Avenue 1,103.9638594,1.3360398,Six trips from 5.30pm to 8.00pm / 10 to 45 min, $3.50 (card) / $4.00 (cash) 
PBS 593,MyBus Pte Ltd,Punggol Way - Changi Business Park,2,3,96401,Honeywell Building,Changi Business Park Central 1,103.9659831,1.3367799,Six trips from 5.30pm to 8.00pm / 10 to 45 min, $3.50 (card) / $4.00 (cash) 
PBS 593,MyBus Pte Ltd,Punggol Way - Changi Business Park,2,4,96361,Aft Akzonobel,Changi Business Park Central 2 ,103.966437,1.336491101,Six trips from 5.30pm to 8.00pm / 10 to 45 min, $3.50 (card) / $4.00 (cash) 
PBS 593,MyBus Pte Ltd,Punggol Way - Changi Business Park,2,5,-,Along the road outside Plaza 8,Changi Business Park Central 1,103.9645692,1.3340451,Six trips from 5.30pm to 8.00pm / 10 to 45 min, $3.50 (card) / $4.00 (cash) 
PBS 593,MyBus Pte Ltd,Punggol Way - Changi Business Park,2,6,-,Along the road outside Plaza 8 Blk 1 ,Changi Business Park Crescent,103.9660716,1.3329524,Six trips from 5.30pm to 8.00pm / 10 to 45 min, $3.50 (card) / $4.00 (cash) 
PBS 593,MyBus Pte Ltd,Punggol Way - Changi Business Park,2,7,-,Along the road outside Citibank ,Changi Business Park Avenue 3,103.9663908,1.3342261,Six trips from 5.30pm to 8.00pm / 10 to 45 min, $3.50 (card) / $4.00 (cash) 
PBS 593,MyBus Pte Ltd,Punggol Way - Changi Business Park,2,8,-,Bus stop outside Rigel Innovation Centre,Changi Business Park Vista,103.9675272,1.3372672,Six trips from 5.30pm to 8.00pm / 10 to 45 min, $3.50 (card) / $4.00 (cash) 
PBS 593,MyBus Pte Ltd,Punggol Way - Changi Business Park,2,9,65071,Opp Blk 103A,Punggol Road ,103.9041638,1.398450741,Six trips from 5.30pm to 8.00pm / 10 to 45 min, $3.50 (card) / $4.00 (cash) 
PBS 593,MyBus Pte Ltd,Punggol Way - Changi Business Park,2,10,65151,Blk 196A,Punggol Field ,103.9067353,1.398911231,Six trips from 5.30pm to 8.00pm / 10 to 45 min, $3.50 (card) / $4.00 (cash) 
PBS 593,MyBus Pte Ltd,Punggol Way - Changi Business Park,2,11,65161,Blk 173B,Punggol Field ,103.9085911,1.397356311,Six trips from 5.30pm to 8.00pm / 10 to 45 min, $3.50 (card) / $4.00 (cash) 
PBS 593,MyBus Pte Ltd,Punggol Way - Changi Business Park,2,12,65171,Opp Blk 126A,Punggol Field ,103.9120935,1.394494243,Six trips from 5.30pm to 8.00pm / 10 to 45 min, $3.50 (card) / $4.00 (cash) 
PBS 593,MyBus Pte Ltd,Punggol Way - Changi Business Park,2,13,65231,Blk 166A,Punggol East ,103.9157653,1.39428248,Six trips from 5.30pm to 8.00pm / 10 to 45 min, $3.50 (card) / $4.00 (cash) 
PBS 593,MyBus Pte Ltd,Punggol Way - Changi Business Park,2,14,65181,Aft Punggol Central,Punggol East ,103.9175469,1.396813889,Six trips from 5.30pm to 8.00pm / 10 to 45 min, $3.50 (card) / $4.00 (cash) 
PBS 593,MyBus Pte Ltd,Punggol Way - Changi Business Park,2,15,65321,Kadaloor Station Exit B,Punggol Drive ,103.916593,1.399427,Six trips from 5.30pm to 8.00pm / 10 to 45 min, $3.50 (card) / $4.00 (cash) 
PBS 593,MyBus Pte Ltd,Punggol Way - Changi Business Park,2,16,65311,Oasis Station Exit B/Blk 617D,Punggol Drive ,103.9128569,1.402015,Six trips from 5.30pm to 8.00pm / 10 to 45 min, $3.50 (card) / $4.00 (cash) 
PBS 593,MyBus Pte Ltd,Punggol Way - Changi Business Park,2,17,65301,Blk 612A,Punggol Drive ,103.9093081,1.40455,Six trips from 5.30pm to 8.00pm / 10 to 45 min, $3.50 (card) / $4.00 (cash) 
PBS 593,MyBus Pte Ltd,Punggol Way - Changi Business Park,2,18,65099,Blk 604A,Punggol Road ,103.897021,1.380166,Six trips from 5.30pm to 8.00pm / 10 to 45 min, $3.50 (card) / $4.00 (cash) 
PBS 593,MyBus Pte Ltd,Punggol Way - Changi Business Park,2,19,65229,Blk 298,Punggol Central ,103.9055693,1.403202195,Six trips from 5.30pm to 8.00pm / 10 to 45 min, $3.50 (card) / $4.00 (cash) 
PBS 593,MyBus Pte Ltd,Punggol Way - Changi Business Park,2,20,-,Pick-up/Drop-off point outside Punggol Station,Punggol Central,103.90248,1.40529,Six trips from 5.30pm to 8.00pm / 10 to 45 min, $3.50 (card) / $4.00 (cash) 
PBS 593,MyBus Pte Ltd,Punggol Way - Changi Business Park,2,21,65409,Before Blk 264,Punggol Central,,,Six trips from 5.30pm to 8.00pm / 10 to 45 min, $3.50 (card) / $4.00 (cash) 
PBS 593,MyBus Pte Ltd,Punggol Way - Changi Business Park,2,22,65141,Aft Soo Teck Stn,Punggol Way ,103.8971639,1.404548056,Six trips from 5.30pm to 8.00pm / 10 to 45 min, $3.50 (card) / $4.00 (cash) 
PBS 722,City Bus Services,Senja Road to Gopeng Street,1,1,44811,Senja Fc,Senja Rd,103.7602083,1.38715473,Two trips at 7.18am and 7.30am,"Adult/Senior Citizen: $3.30, Child or Student: $2"
PBS 722,City Bus Services,Senja Road to Gopeng Street,1,2,44931,Blk 643 Cp,Senja Rd,103.763361,1.387703,Two trips at 7.18am and 7.30am,"Adult/Senior Citizen: $3.30, Child or Student: $3"
PBS 722,City Bus Services,Senja Road to Gopeng Street,1,3,44721,Opp Jelapang Stn,Bt Panjang Ring Rd,103.764919,1.38679108,Two trips at 7.18am and 7.30am,"Adult/Senior Citizen: $3.30, Child or Student: $4"
PBS 722,City Bus Services,Senja Road to Gopeng Street,1,4,44661,Blk 532,Jelapang Rd,103.7649959,1.38447517,Two trips at 7.18am and 7.30am,"Adult/Senior Citizen: $3.30, Child or Student: $5"
PBS 722,City Bus Services,Senja Road to Gopeng Street,1,5,44611,Blk 516,Jelapang Rd,103.7675781,1.38712483,Two trips at 7.18am and 7.30am,"Adult/Senior Citizen: $3.30, Child or Student: $6"
PBS 722,City Bus Services,Senja Road to Gopeng Street,1,6,44701,Blk 548B,Segar Rd,103.7687969,1.38927145,Two trips at 7.18am and 7.30am,"Adult/Senior Citizen: $3.30, Child or Student: $7"
PBS 722,City Bus Services,Senja Road to Gopeng Street,1,7,44691,Blk 485,Segar Rd,103.7714647,1.38826258,Two trips at 7.18am and 7.30am,"Adult/Senior Citizen: $3.30, Child or Student: $8"
PBS 722,City Bus Services,Senja Road to Gopeng Street,1,8,44771,Fajar Stn,Fajar Rd,103.7707957,1.38458556,Two trips at 7.18am and 7.30am,"Adult/Senior Citizen: $3.30, Child or Student: $9"
PBS 722,City Bus Services,Senja Road to Gopeng Street,1,9,44349,Bet Blks 443A/443B,Fajar Rd,103.7693281,1.38133303,Two trips at 7.18am and 7.30am,"Adult/Senior Citizen: $3.30, Child or Student: $10"
PBS 722,City Bus Services,Senja Road to Gopeng Street,1,10,44339,Blk 442D,Fajar Rd,103.771149,1.38084523,Two trips at 7.18am and 7.30am,"Adult/Senior Citizen: $3.30, Child or Student: $11"
PBS 722,City Bus Services,Senja Road to Gopeng Street,1,11,44329,Bangkit Stn,Bt Panjang Ring Rd,103.7725763,1.38021501,Two trips at 7.18am and 7.30am,"Adult/Senior Citizen: $3.30, Child or Student: $12"
PBS 722,City Bus Services,Senja Road to Gopeng Street,1,12,44371,Blk 219,Petir Rd,103.7726396,1.37402226,Two trips at 7.18am and 7.30am,"Adult/Senior Citizen: $3.30, Child or Student: $13"
PBS 722,City Bus Services,Senja Road to Gopeng Street,1,13,44381,Blk 202,Petir Rd,103.7744136,1.37242134,Two trips at 7.18am and 7.30am,"Adult/Senior Citizen: $3.30, Child or Student: $14"
PBS 722,City Bus Services,Senja Road to Gopeng Street,1,14,44351,Aft Chestnut Ave,Petir Rd,103.7755885,1.36823452,Two trips at 7.18am and 7.30am,"Adult/Senior Citizen: $3.30, Child or Student: $15"
PBS 722,City Bus Services,Senja Road to Gopeng Street,1,15,44361,Opp Dairy Farm Mall,Petir Rd,103.7755877,1.36645895,Two trips at 7.18am and 7.30am,"Adult/Senior Citizen: $3.30, Child or Student: $16"
PBS 722,City Bus Services,Senja Road to Gopeng Street,1,16,5319,Ocbc Ctr,Church St,103.849114,1.284437,Two trips at 7.18am and 7.30am,"Adult/Senior Citizen: $3.30, Child or Student: $17"
PBS 722,City Bus Services,Senja Road to Gopeng Street,1,17,3381,The Sail,Marina Blvd,103.8530651,1.28162601,Two trips at 7.18am and 7.30am,"Adult/Senior Citizen: $3.30, Child or Student: $18"
PBS 722,City Bus Services,Senja Road to Gopeng Street,1,18,3579,Opp Downtown Stn,Straits view,103.852918,1.278832,Two trips at 7.18am and 7.30am,"Adult/Senior Citizen: $3.30, Child or Student: $19"
PBS 722,City Bus Services,Senja Road to Gopeng Street,1,19,3549,Shenton Way Stn Exit 3,Park Street,103.85045,1.277728,Two trips at 7.18am and 7.30am,"Adult/Senior Citizen: $3.30, Child or Student: $20"
PBS 722,City Bus Services,Senja Road to Gopeng Street,1,20,-,In front of Guoco Tower,Wallich St,103.846135,1.277289,Two trips at 7.18am and 7.30am,"Adult/Senior Citizen: $3.30, Child or Student: $21"
PBS 722,City Bus Services,Senja Road to Gopeng Street,1,21,-,Beside Twenty Anson,Gopeng St,103.845161,1.275388,Two trips at 7.18am and 7.30am,"Adult/Senior Citizen: $3.30, Child or Student: $22"
PBS 722,City Bus Services,Tanjong Pagar Road to Senja Road,2,1,5411,Tanjong Pagar Plaza,Tanjong Pagar Road,103.846904,1.432833,One trip at 6.10pm,"Adult/Senior Citizen: $3.30, Child or Student: $2"
PBS 722,City Bus Services,Tanjong Pagar Road to Senja Road,2,2,-,Beside Twenty Anson,Gopeng St,103.845161,1.275388,One trip at 6.10pm,"Adult/Senior Citizen: $3.30, Child or Student: $2"
PBS 722,City Bus Services,Tanjong Pagar Road to Senja Road,2,3,3151,Aft Telok Ayer St,Cecil St,103.8477624,1.27892125,One trip at 6.10pm,"Adult/Senior Citizen: $3.30, Child or Student: $2"
PBS 722,City Bus Services,Tanjong Pagar Road to Senja Road,2,4,3021,Prudential Twr,Cecil St,103.849989,1.28255525,One trip at 6.10pm,"Adult/Senior Citizen: $3.30, Child or Student: $2"
PBS 722,City Bus Services,Tanjong Pagar Road to Senja Road,2,5,-,Outside Clifford Centre,Collyer Quay,103.852694,1.28369,One trip at 6.10pm,"Adult/Senior Citizen: $3.30, Child or Student: $2"
PBS 722,City Bus Services,Tanjong Pagar Road to Senja Road,2,6,-,Outside Singapore Land Tower,Battery Rd,103.851819,1.285056,One trip at 6.10pm,"Adult/Senior Citizen: $3.30, Child or Student: $2"
PBS 722,City Bus Services,Tanjong Pagar Road to Senja Road,2,7,44369,Dairy Farm Mall,Petir Rd,103.7753149,1.36574284,One trip at 6.10pm,"Adult/Senior Citizen: $3.30, Child or Student: $2"
PBS 722,City Bus Services,Tanjong Pagar Road to Senja Road,2,8,44359,Bef Chestnut Ave,Petir Rd,103.7753088,1.36772582,One trip at 6.10pm,"Adult/Senior Citizen: $3.30, Child or Student: $2"
PBS 722,City Bus Services,Tanjong Pagar Road to Senja Road,2,9,44389,Opp Blk 201,Petir Rd,103.7746186,1.37154304,One trip at 6.10pm,"Adult/Senior Citizen: $3.30, Child or Student: $2"
PBS 722,City Bus Services,Tanjong Pagar Road to Senja Road,2,10,44379,Opp Blk 219,Petir Rd,103.7729353,1.37355054,One trip at 6.10pm,"Adult/Senior Citizen: $3.30, Child or Student: $2"
PBS 722,City Bus Services,Tanjong Pagar Road to Senja Road,2,11,44321,Opp Bangkit Stn,Bt Panjang Ring Rd,103.772318,1.379874,One trip at 6.10pm,"Adult/Senior Citizen: $3.30, Child or Student: $2"
PBS 722,City Bus Services,Tanjong Pagar Road to Senja Road,2,12,44331,Blk 239,Fajar Rd,103.7708487,1.38022107,One trip at 6.10pm,"Adult/Senior Citizen: $3.30, Child or Student: $2"
PBS 722,City Bus Services,Tanjong Pagar Road to Senja Road,2,13,44341,Blk 401A CP,Fajar Rd,103.7691773,1.3811703,One trip at 6.10pm,"Adult/Senior Citizen: $3.30, Child or Student: $2"
PBS 722,City Bus Services,Tanjong Pagar Road to Senja Road,2,14,44779,Opp Fajar Stn,Fajar Rd,103.7702068,1.38422184,One trip at 6.10pm,"Adult/Senior Citizen: $3.30, Child or Student: $2"
PBS 722,City Bus Services,Tanjong Pagar Road to Senja Road,2,15,44699,Blk 457,Segar Rd,103.7715435,1.388053,One trip at 6.10pm,"Adult/Senior Citizen: $3.30, Child or Student: $2"
PBS 722,City Bus Services,Tanjong Pagar Road to Senja Road,2,16,44709,Blk 547C,Segar Rd,103.7684297,1.38854189,One trip at 6.10pm,"Adult/Senior Citizen: $3.30, Child or Student: $2"
PBS 722,City Bus Services,Tanjong Pagar Road to Senja Road,2,17,44619,Blk 506,Jelapang Rd,103.7676358,1.38695072,One trip at 6.10pm,"Adult/Senior Citizen: $3.30, Child or Student: $2"
PBS 722,City Bus Services,Tanjong Pagar Road to Senja Road,2,18,44669,Opp Blk 532,Jelapang Rd,103.7648975,1.38428577,One trip at 6.10pm,"Adult/Senior Citizen: $3.30, Child or Student: $2"
PBS 722,City Bus Services,Tanjong Pagar Road to Senja Road,2,19,44829,Opp Blk 650,Senja Lk,103.7630575,1.38671417,One trip at 6.10pm,"Adult/Senior Citizen: $3.30, Child or Student: $2"
PBS 722,City Bus Services,Tanjong Pagar Road to Senja Road,2,20,44811,Senja FC,Senja Rd,103.7602083,1.38715473,One trip at 6.10pm,"Adult/Senior Citizen: $3.30, Child or Student: $2"
PBS 723,XingSheng Transport Services,Buangkok Green to Upper Cross Street,1,1,64449,Opp Hougang Green Shopping Mall,Hougang Street  51,103.8886067,1.379733333,One trip at 8.15am,$3.50
PBS 723,XingSheng Transport Services,Buangkok Green to Upper Cross Street,1,2,64439,Blk 537,Hougang Street  51,103.8895216,1.377979732,One trip at 8.15am,$3.50
PBS 723,XingSheng Transport Services,Buangkok Green to Upper Cross Street,1,3,64609,Blk 687,Hougang Avenue 4,103.8847014,1.375956389,One trip at 8.15am,$3.50
PBS 723,XingSheng Transport Services,Buangkok Green to Upper Cross Street,1,4,64419,Blk 681,Hougang Avenue 4,103.8852185,1.373391648,One trip at 8.15am,$3.50
PBS 723,XingSheng Transport Services,Buangkok Green to Upper Cross Street,1,5,63379,Blk 608,Hougang Avenue 8,103.88521,1.370796667,One trip at 8.15am,$3.50
PBS 723,XingSheng Transport Services,Buangkok Green to Upper Cross Street,1,6,63389,Opp Xinmin Primary School,Hougang Avenue 8,103.8824452,1.370638355,One trip at 8.15am,$3.50
PBS 723,XingSheng Transport Services,Buangkok Green to Upper Cross Street,1,7,63399,Blk 632,Hougang Avenue 8,103.880285,1.370223333,One trip at 8.15am,$3.50
PBS 723,XingSheng Transport Services,Buangkok Green to Upper Cross Street,1,8,63319,Opp Blk 634,Hougang Avenue 2,103.8781473,1.369217378,One trip at 8.15am,$3.50
PBS 723,XingSheng Transport Services,Buangkok Green to Upper Cross Street,1,9,66109,Blk 151,Ang Mo Kio Avenue 3,103.8746132,1.369979225,One trip at 8.15am,$3.50
PBS 723,XingSheng Transport Services,Buangkok Green to Upper Cross Street,1,10,66339,Blk 101,Ang Mo Kio Avenue 3,103.8705581,1.371251832,One trip at 8.15am,$3.50
PBS 723,XingSheng Transport Services,Buangkok Green to Upper Cross Street,1,11,5129,Opp One Upp Pickering,Upper Pickering Street,103.8463467,1.286011667,One trip at 8.15am,$3.50
PBS 723,XingSheng Transport Services,Buangkok Green to Upper Cross Street,1,12,5319,OCBC Centre,Church Street,103.8490869,1.284496673,One trip at 8.15am,$3.50
PBS 723,XingSheng Transport Services,Buangkok Green to Upper Cross Street,1,13,3129,UIC Building,Shenton Way,103.8495672,1.278070035,One trip at 8.15am,$3.50
PBS 723,XingSheng Transport Services,Buangkok Green to Upper Cross Street,1,14,3217,Opp AXA Tower,Shenton Way,103.8479444,1.275522189,One trip at 8.15am,$3.50
PBS 723,XingSheng Transport Services,Buangkok Green to Upper Cross Street,1,15,3218,Opp MAS Building,Shenton Way,103.8468781,1.274116652,One trip at 8.15am,$3.50
PBS 723,XingSheng Transport Services,Buangkok Green to Upper Cross Street,1,16,3223,Tanjong Pagar Station Exit C,Anson Road,103.8463247,1.275703395,One trip at 8.15am,$3.50
PBS 723,XingSheng Transport Services,Buangkok Green to Upper Cross Street,1,17,3151,Aft Telok Ayer St,Cecil Street,103.8477623,1.278921246,One trip at 8.15am,$3.50
PBS 723,XingSheng Transport Services,Buangkok Green to Upper Cross Street,1,18,3041,Telok Ayer Station Exit A,Cross Street,103.8489321,1.281795094,One trip at 8.15am,$3.50
PBS 723,XingSheng Transport Services,Buangkok Green to Upper Cross Street,1,19,5131,Opp Hong Lim Complex,Upper Cross Street,103.8452739,1.283985132,One trip at 8.15am,$3.50
PBS 723,XingSheng Transport Services,Buangkok Green to Upper Cross Street,1,20,6171,Opp State Court,Upper Cross Street,103.8424479,1.286077301,One trip at 8.15am,$3.50
PBS 728,MyBus Pte Ltd,Sengkang West Avenue - Changi Business Park,1,1,67491,Opp Fernvale Primary School,Sengkang West Avenue,103.8746649,1.390875385,"Eight trips from 7.00am to 10.00am / 20 to 30 min
", $3.50 (card) / $4.00 (cash) 
PBS 728,MyBus Pte Ltd,Sengkang West Avenue - Changi Business Park,1,2,67481,Fernvale Station/Blk 439A,Sengkang West Avenue,103.8776459,1.391497941,"Eight trips from 7.00am to 10.00am / 20 to 30 min
", $3.50 (card) / $4.00 (cash) 
PBS 728,MyBus Pte Ltd,Sengkang West Avenue - Changi Business Park,1,3,67471,Layar Station Exit B,Sengkang West Avenue  ,103.8801011,1.392185681,"Eight trips from 7.00am to 10.00am / 20 to 30 min
", $3.50 (card) / $4.00 (cash) 
PBS 728,MyBus Pte Ltd,Sengkang West Avenue - Changi Business Park,1,4,67321,Blk 311A,Sengkang East Avenue,103.8842549,1.390567926,"Eight trips from 7.00am to 10.00am / 20 to 30 min
", $3.50 (card) / $4.00 (cash) 
PBS 728,MyBus Pte Ltd,Sengkang West Avenue - Changi Business Park,1,5,65801,Blk 309D,Anchorvale Road  ,103.885698,1.39044,"Eight trips from 7.00am to 10.00am / 20 to 30 min
", $3.50 (card) / $4.00 (cash) 
PBS 728,MyBus Pte Ltd,Sengkang West Avenue - Changi Business Park,1,6,67361,Blk 313B,Anchorvale Drive,103.8883491,1.390995059,"Eight trips from 7.00am to 10.00am / 20 to 30 min
", $3.50 (card) / $4.00 (cash) 
PBS 728,MyBus Pte Ltd,Sengkang West Avenue - Changi Business Park,1,7,67351,Blk 321 CP,Anchorvale Drive,103.8913545,1.389944754,"Eight trips from 7.00am to 10.00am / 20 to 30 min
", $3.50 (card) / $4.00 (cash) 
PBS 728,MyBus Pte Ltd,Sengkang West Avenue - Changi Business Park,1,8,67449,Blk 323B,Sengkang East Road,103.8930712,1.392032891,"Eight trips from 7.00am to 10.00am / 20 to 30 min
", $3.50 (card) / $4.00 (cash) 
PBS 728,MyBus Pte Ltd,Sengkang West Avenue - Changi Business Park,1,9,-,Pick-up/Drop-off point opp Sengkang Station,Sengkang East Way,,,"Eight trips from 7.00am to 10.00am / 20 to 30 min
", $3.50 (card) / $4.00 (cash) 
PBS 728,MyBus Pte Ltd,Sengkang West Avenue - Changi Business Park,1,10,67101,Blk 250A,Sengkang East Way,103.8995695,1.39143144,"Eight trips from 7.00am to 10.00am / 20 to 30 min
", $3.50 (card) / $4.00 (cash) 
PBS 728,MyBus Pte Ltd,Sengkang West Avenue - Changi Business Park,1,11,67111,CHIJ St. Joseph's Convent,Sengkang East Way,103.9023725,1.391053694,"Eight trips from 7.00am to 10.00am / 20 to 30 min
", $3.50 (card) / $4.00 (cash) 
PBS 728,MyBus Pte Ltd,Sengkang West Avenue - Changi Business Park,1,12,67121,Blk 142A,Sengkang East Way,103.9051829,1.389504756,"Eight trips from 7.00am to 10.00am / 20 to 30 min
", $3.50 (card) / $4.00 (cash) 
PBS 728,MyBus Pte Ltd,Sengkang West Avenue - Changi Business Park,1,13,67229,Rumbia Station Exit A,Rivervale Drive  ,103.9061436,1.391057778,"Eight trips from 7.00am to 10.00am / 20 to 30 min
", $3.50 (card) / $4.00 (cash) 
PBS 728,MyBus Pte Ltd,Sengkang West Avenue - Changi Business Park,1,14,67239,Opp Rivervale Primary School,Rivervale Drive  ,103.9037334,1.393050302,"Eight trips from 7.00am to 10.00am / 20 to 30 min
", $3.50 (card) / $4.00 (cash) 
PBS 728,MyBus Pte Ltd,Sengkang West Avenue - Changi Business Park,1,15,96069,Mera Terrace Playground,Upper Changi Road East ,,,"Eight trips from 7.00am to 10.00am / 20 to 30 min
", $3.50 (card) / $4.00 (cash) 
PBS 728,MyBus Pte Ltd,Sengkang West Avenue - Changi Business Park,1,16,96049,Upper Changi Station/SUTD,Upper Changi Road East,,,"Eight trips from 7.00am to 10.00am / 20 to 30 min
", $3.50 (card) / $4.00 (cash) 
PBS 728,MyBus Pte Ltd,Sengkang West Avenue - Changi Business Park,1,17,96419,Eightrium,Along Changi South Avenue 1,103.9638595,1.3376443,"Eight trips from 7.00am to 10.00am / 20 to 30 min
", $3.50 (card) / $4.00 (cash) 
PBS 728,MyBus Pte Ltd,Sengkang West Avenue - Changi Business Park,1,18,-,Outside The IBM Place,Along Changi Business Park Avenue 1,103.9638594,1.3360398,"Eight trips from 7.00am to 10.00am / 20 to 30 min
", $3.50 (card) / $4.00 (cash) 
PBS 728,MyBus Pte Ltd,Sengkang West Avenue - Changi Business Park,1,19,96401,Honeywell Building,Along Changi Business Park Central 1,103.9659831,1.3367799,"Eight trips from 7.00am to 10.00am / 20 to 30 min
", $3.50 (card) / $4.00 (cash) 
PBS 728,MyBus Pte Ltd,Sengkang West Avenue - Changi Business Park,1,20,96361,Aft Akzonobel,Changi Business Park Central 2   ,103.966437,1.336491101,"Eight trips from 7.00am to 10.00am / 20 to 30 min
", $3.50 (card) / $4.00 (cash) 
PBS 728,MyBus Pte Ltd,Sengkang West Avenue - Changi Business Park,1,21,-,Outside Plaza 8,Along Changi Business Park Central 1,103.9645692,1.3340451,"Eight trips from 7.00am to 10.00am / 20 to 30 min
", $3.50 (card) / $4.00 (cash) 
PBS 728,MyBus Pte Ltd,Sengkang West Avenue - Changi Business Park,1,22,96321,DBS Asia Hub,Changi South Avenue 2  ,103.9653246,1.332082717,"Eight trips from 7.00am to 10.00am / 20 to 30 min
", $3.50 (card) / $4.00 (cash) 
PBS 728,MyBus Pte Ltd,Sengkang West Avenue - Changi Business Park,1,23,96331,Premier,Changi South Avenue 2 ,,,"Eight trips from 7.00am to 10.00am / 20 to 30 min
", $3.50 (card) / $4.00 (cash) 
PBS 728,MyBus Pte Ltd,Sengkang West Avenue - Changi Business Park,1,24,96341,Aft Sunny Metal & Engrg,Changi South Avenue 2 ,,,"Eight trips from 7.00am to 10.00am / 20 to 30 min
", $3.50 (card) / $4.00 (cash) 
PBS 728,MyBus Pte Ltd,Sengkang West Avenue - Changi Business Park,1,25,96351,Before Changi South Street 1,Changi South Avenue 4 ,,,"Eight trips from 7.00am to 10.00am / 20 to 30 min
", $3.50 (card) / $4.00 (cash) 
PBS 728,MyBus Pte Ltd,Sengkang West Avenue - Changi Business Park,2,1,96419,Eightrium,Along Changi South Avenue 1,103.9638595,1.3376443,Six trips from 5.35pm to 8.00pm / 10 to 45 min, $3.50 (card) / $4.00 (cash) 
PBS 728,MyBus Pte Ltd,Sengkang West Avenue - Changi Business Park,2,2,-,Outside The IBM Place,Along Changi Business Park Avenue 1,103.9638594,1.3360398,Six trips from 5.35pm to 8.00pm / 10 to 45 min, $3.50 (card) / $4.00 (cash) 
PBS 728,MyBus Pte Ltd,Sengkang West Avenue - Changi Business Park,2,3,96401,Honeywell Building,Along Changi Business Park Central 1,103.9659831,1.3367799,Six trips from 5.35pm to 8.00pm / 10 to 45 min, $3.50 (card) / $4.00 (cash) 
PBS 728,MyBus Pte Ltd,Sengkang West Avenue - Changi Business Park,2,4,96361,Aft Akzonobel,Changi Business Park Central 2  ,103.966437,1.336491101,Six trips from 5.35pm to 8.00pm / 10 to 45 min, $3.50 (card) / $4.00 (cash) 
PBS 728,MyBus Pte Ltd,Sengkang West Avenue - Changi Business Park,2,5,-,Outside Plaza 8,Along Changi Business Park Central 1,103.9645692,1.3340451,Six trips from 5.35pm to 8.00pm / 10 to 45 min, $3.50 (card) / $4.00 (cash) 
PBS 728,MyBus Pte Ltd,Sengkang West Avenue - Changi Business Park,2,6,-,Outside Plaza 8 Blk 1  ,Along Changi Business Park Crescent,103.9660716,1.3329524,Six trips from 5.35pm to 8.00pm / 10 to 45 min, $3.50 (card) / $4.00 (cash) 
PBS 728,MyBus Pte Ltd,Sengkang West Avenue - Changi Business Park,2,7,-,Outside Citibank  ,Along Changi Business Park Avenue 3,103.9663908,1.3342261,Six trips from 5.35pm to 8.00pm / 10 to 45 min, $3.50 (card) / $4.00 (cash) 
PBS 728,MyBus Pte Ltd,Sengkang West Avenue - Changi Business Park,2,8,-,-,Bus stop outside Rigel Innovation Centre,Changi Business Park Vista,103.9675272,Six trips from 5.35pm to 8.00pm / 10 to 45 min, $3.50 (card) / $4.00 (cash) 
PBS 728,MyBus Pte Ltd,Sengkang West Avenue - Changi Business Park,2,9,67231,Rivervale Primary School,Rivervale Drive  ,103.9039566,1.393222056,Six trips from 5.35pm to 8.00pm / 10 to 45 min, $3.50 (card) / $4.00 (cash) 
PBS 728,MyBus Pte Ltd,Sengkang West Avenue - Changi Business Park,2,10,67221,Blk 153,Rivervale Drive  ,103.9063945,1.391162469,Six trips from 5.35pm to 8.00pm / 10 to 45 min, $3.50 (card) / $4.00 (cash) 
PBS 728,MyBus Pte Ltd,Sengkang West Avenue - Changi Business Park,2,11,67129,Blk 137,Sengkang East Way,103.9049889,1.389368441,Six trips from 5.35pm to 8.00pm / 10 to 45 min, $3.50 (card) / $4.00 (cash) 
PBS 728,MyBus Pte Ltd,Sengkang West Avenue - Changi Business Park,2,12,67119,Blk 128,Sengkang East Way,103.9032358,1.390508244,Six trips from 5.35pm to 8.00pm / 10 to 45 min, $3.50 (card) / $4.00 (cash) 
PBS 728,MyBus Pte Ltd,Sengkang West Avenue - Changi Business Park,2,13,67109,Blk 235,Sengkang East Way,103.8999867,1.391028856,Six trips from 5.35pm to 8.00pm / 10 to 45 min, $3.50 (card) / $4.00 (cash) 
PBS 728,MyBus Pte Ltd,Sengkang West Avenue - Changi Business Park,2,14,67409,Sengkang Station,Sengkang East Way,103.8960682,1.392339157,Six trips from 5.35pm to 8.00pm / 10 to 45 min, $3.50 (card) / $4.00 (cash) 
PBS 728,MyBus Pte Ltd,Sengkang West Avenue - Changi Business Park,2,15,67441,Opp Blk 323B,Sengkang East Road,103.8934667,1.392309539,Six trips from 5.35pm to 8.00pm / 10 to 45 min, $3.50 (card) / $4.00 (cash) 
PBS 728,MyBus Pte Ltd,Sengkang West Avenue - Changi Business Park,2,16,67359,Nan Chiau High School,Anchovale Drive,103.8904406,1.390025942,Six trips from 5.35pm to 8.00pm / 10 to 45 min, $3.50 (card) / $4.00 (cash) 
PBS 728,MyBus Pte Ltd,Sengkang West Avenue - Changi Business Park,2,17,67369,Blk 306 Carpark,Anchorvale Drive,103.8885346,1.390717311,Six trips from 5.35pm to 8.00pm / 10 to 45 min, $3.50 (card) / $4.00 (cash) 
PBS 728,MyBus Pte Ltd,Sengkang West Avenue - Changi Business Park,2,18,65809,Anchor Green Primary School,Anchorvale Road,103.8863089,1.39121,Six trips from 5.35pm to 8.00pm / 10 to 45 min, $3.50 (card) / $4.00 (cash) 
PBS 728,MyBus Pte Ltd,Sengkang West Avenue - Changi Business Park,2,19,67329,Opp Blk 310B,Sengkang East Avenue,103.8846017,1.390019742,Six trips from 5.35pm to 8.00pm / 10 to 45 min, $3.50 (card) / $4.00 (cash) 
PBS 728,MyBus Pte Ltd,Sengkang West Avenue - Changi Business Park,2,20,67479,Bef Fernvale Link,Sengkang West Avenue,103.8801967,1.391982037,Six trips from 5.35pm to 8.00pm / 10 to 45 min, $3.50 (card) / $4.00 (cash) 
PBS 728,MyBus Pte Ltd,Sengkang West Avenue - Changi Business Park,2,21,67489,Pei Hwa Secondary School,Sengkang West Avenue,103.877085,1.39100245,Six trips from 5.35pm to 8.00pm / 10 to 45 min, $3.50 (card) / $4.00 (cash) 
PBS 728,MyBus Pte Ltd,Sengkang West Avenue - Changi Business Park,2,22,67499,Bef Fernvale Lane,Sengkang West Avenue,103.8746787,1.390680287,Six trips from 5.35pm to 8.00pm / 10 to 45 min, $3.50 (card) / $4.00 (cash) 
PBS 729,K.H.Ng Bus Transport Pte Ltd,Punggol Field - Alexandra Road,1,1,65151,Cove Station Exit B,Punggol Field,103.9067353,1.398911231,Two trips at 7.00am and 8.00am/ 60 minutes, $5.50 (card) / $6.50 (cash )
PBS 729,K.H.Ng Bus Transport Pte Ltd,Punggol Field - Alexandra Road,1,2,65161,Meridian Station Exit B,Punggol Field,103.9085911,1.397356311,Two trips at 7.00am and 8.00am/ 60 minutes, $5.50 (card) / $6.50 (cash )
PBS 729,K.H.Ng Bus Transport Pte Ltd,Punggol Field - Alexandra Road,1,3,65171,Coral Edge Station Exit B,Punggol Field,103.9120935,1.394494243,Two trips at 7.00am and 8.00am/ 60 minutes, $5.50 (card) / $6.50 (cash )
PBS 729,K.H.Ng Bus Transport Pte Ltd,Punggol Field - Alexandra Road,1,4,65529,Aft Punggol Field,Punggol East,,,Two trips at 7.00am and 8.00am/ 60 minutes, $5.50 (card) / $6.50 (cash )
PBS 729,K.H.Ng Bus Transport Pte Ltd,Punggol Field - Alexandra Road,1,5,67529,Opp Blk 157A,Sengkang East Drive,,,Two trips at 7.00am and 8.00am/ 60 minutes, $5.50 (card) / $6.50 (cash )
PBS 729,K.H.Ng Bus Transport Pte Ltd,Punggol Field - Alexandra Road,1,6,67539,Blk 122C,Sengkang East Way,103.9066129,1.387720204,Two trips at 7.00am and 8.00am/ 60 minutes, $5.50 (card) / $6.50 (cash )
PBS 729,K.H.Ng Bus Transport Pte Ltd,Punggol Field - Alexandra Road,1,7,67129,Blk 137,Sengkang East Way,103.9049889,1.389368441,Two trips at 7.00am and 8.00am/ 60 minutes, $5.50 (card) / $6.50 (cash )
PBS 729,K.H.Ng Bus Transport Pte Ltd,Punggol Field - Alexandra Road,1,8,67119,Blk 128,Sengkang East Way,103.9032358,1.390508244,Two trips at 7.00am and 8.00am/ 60 minutes, $5.50 (card) / $6.50 (cash )
PBS 729,K.H.Ng Bus Transport Pte Ltd,Punggol Field - Alexandra Road,1,9,65049,Blk 126A,Punggol Road,103.9018717,1.389935,Two trips at 7.00am and 8.00am/ 60 minutes, $5.50 (card) / $6.50 (cash )
PBS 729,K.H.Ng Bus Transport Pte Ltd,Punggol Field - Alexandra Road,1,10,65039,Blk 124,Punggol Road,103.901924,1.387327419,Two trips at 7.00am and 8.00am/ 60 minutes, $5.50 (card) / $6.50 (cash )
PBS 729,K.H.Ng Bus Transport Pte Ltd,Punggol Field - Alexandra Road,1,11,65029,Blk 111,Punggol Road,103.9006158,1.384615,Two trips at 7.00am and 8.00am/ 60 minutes, $5.50 (card) / $6.50 (cash )
PBS 729,K.H.Ng Bus Transport Pte Ltd,Punggol Field - Alexandra Road,1,12,67219,Blk 267 carpark,Sengkang East Avenue,103.8975137,1.383688353,Two trips at 7.00am and 8.00am/ 60 minutes, $5.50 (card) / $6.50 (cash )
PBS 729,K.H.Ng Bus Transport Pte Ltd,Punggol Field - Alexandra Road,1,13,67269,Opp Blk 203A,Sengkang East Avenue,103.8951336,1.386054076,Two trips at 7.00am and 8.00am/ 60 minutes, $5.50 (card) / $6.50 (cash )
PBS 729,K.H.Ng Bus Transport Pte Ltd,Punggol Field - Alexandra Road,1,14,-,Passenger pick-up/ drop-off point outside Buangkok Station,Sengkang Central,103.8931514,1.3829374,Two trips at 7.00am and 8.00am/ 60 minutes, $5.50 (card) / $6.50 (cash )
PBS 729,K.H.Ng Bus Transport Pte Ltd,Punggol Field - Alexandra Road,1,15,64571,Blk 438,Hougang Avenue 6,,,Two trips at 7.00am and 8.00am/ 60 minutes, $5.50 (card) / $6.50 (cash )
PBS 729,K.H.Ng Bus Transport Pte Ltd,Punggol Field - Alexandra Road,1,16,64369,Blk 532,Hougang Avenue 8,103.8914935,1.376344484,Two trips at 7.00am and 8.00am/ 60 minutes, $5.50 (card) / $6.50 (cash )
PBS 729,K.H.Ng Bus Transport Pte Ltd,Punggol Field - Alexandra Road,1,17,64359,Montfort School,Hougang Avenue 8,103.8891876,1.375286778,Two trips at 7.00am and 8.00am/ 60 minutes, $5.50 (card) / $6.50 (cash )
PBS 729,K.H.Ng Bus Transport Pte Ltd,Punggol Field - Alexandra Road,1,18,64479,Blk 665,Hougang Avenue 9,103.88354,1.374401341,Two trips at 7.00am and 8.00am/ 60 minutes, $5.50 (card) / $6.50 (cash )
PBS 729,K.H.Ng Bus Transport Pte Ltd,Punggol Field - Alexandra Road,1,19,64489,Blk 946A,Hougang Avenue 9,103.8806769,1.37488765,Two trips at 7.00am and 8.00am/ 60 minutes, $5.50 (card) / $6.50 (cash )
PBS 729,K.H.Ng Bus Transport Pte Ltd,Punggol Field - Alexandra Road,1,20,64499,Regentville,Hougang Avenue 9,103.8782886,1.374882857,Two trips at 7.00am and 8.00am/ 60 minutes, $5.50 (card) / $6.50 (cash )
PBS 729,K.H.Ng Bus Transport Pte Ltd,Punggol Field - Alexandra Road,1,21,64109,Gracehaven Salvation Army,Yio Chu Kang Road,103.876909,1.372023302,Two trips at 7.00am and 8.00am/ 60 minutes, $5.50 (card) / $6.50 (cash )
PBS 729,K.H.Ng Bus Transport Pte Ltd,Punggol Field - Alexandra Road,1,22,66109,Blk 151,Ang Mo Kio Avenue 3,103.8746132,1.369979225,Two trips at 7.00am and 8.00am/ 60 minutes, $5.50 (card) / $6.50 (cash )
PBS 729,K.H.Ng Bus Transport Pte Ltd,Punggol Field - Alexandra Road,1,23,66349,Opp Daikin Singapore,Ang Mo Kio Avenue 3,103.8654177,1.3708276,Two trips at 7.00am and 8.00am/ 60 minutes, $5.50 (card) / $6.50 (cash )
PBS 729,K.H.Ng Bus Transport Pte Ltd,Punggol Field - Alexandra Road,1,24,54309,Opp Blk 5022,Ang Mo Kio Avenue 3,103.863066,1.369888353,Two trips at 7.00am and 8.00am/ 60 minutes, $5.50 (card) / $6.50 (cash )
PBS 729,K.H.Ng Bus Transport Pte Ltd,Punggol Field - Alexandra Road,1,25,10071,Blk 111,Jalan Bukit Merah,103.8263892,1.280453094,Two trips at 7.00am and 8.00am/ 60 minutes, $5.50 (card) / $6.50 (cash )
PBS 729,K.H.Ng Bus Transport Pte Ltd,Punggol Field - Alexandra Road,1,26,10501,Blk 104,Jalan Bukit Merah,103.8252807,1.281058454,Two trips at 7.00am and 8.00am/ 60 minutes, $5.50 (card) / $6.50 (cash )
PBS 729,K.H.Ng Bus Transport Pte Ltd,Punggol Field - Alexandra Road,1,27,10081,Opp Blk 120,Jalan Bukit Merah,103.8224174,1.282278354,Two trips at 7.00am and 8.00am/ 60 minutes, $5.50 (card) / $6.50 (cash )
PBS 729,K.H.Ng Bus Transport Pte Ltd,Punggol Field - Alexandra Road,1,28,10091,Bukit Merah Town Centre,Jalan Bukit Merah,103.8178396,1.283941086,Two trips at 7.00am and 8.00am/ 60 minutes, $5.50 (card) / $6.50 (cash )
PBS 729,K.H.Ng Bus Transport Pte Ltd,Punggol Field - Alexandra Road,1,29,10101,Opp Bukit Merah Secondary School,Jalan Bukit Merah,103.8137437,1.285025681,Two trips at 7.00am and 8.00am/ 60 minutes, $5.50 (card) / $6.50 (cash )
PBS 729,K.H.Ng Bus Transport Pte Ltd,Punggol Field - Alexandra Road,1,30,10111,Opp Blk 28,Jalan Bukit Merah,103.8093541,1.285928351,Two trips at 7.00am and 8.00am/ 60 minutes, $5.50 (card) / $6.50 (cash )
PBS 729,K.H.Ng Bus Transport Pte Ltd,Punggol Field - Alexandra Road,1,31,10131,Opp Blk 2,Jalan Bukit Merah,103.8068655,1.286191414,Two trips at 7.00am and 8.00am/ 60 minutes, $5.50 (card) / $6.50 (cash )
PBS 729,K.H.Ng Bus Transport Pte Ltd,Punggol Field - Alexandra Road,1,32,18019,Bef Telok Blangah Hill Park,Alexandra Road,103.8025618,1.280916312,Two trips at 7.00am and 8.00am/ 60 minutes, $5.50 (card) / $6.50 (cash )
PBS 729,K.H.Ng Bus Transport Pte Ltd,Punggol Field - Alexandra Road,1,33,15059,Opp Alexandra Point,Alexandra Road,103.8024867,1.27720506,Two trips at 7.00am and 8.00am/ 60 minutes, $5.50 (card) / $6.50 (cash )
PBS 729,K.H.Ng Bus Transport Pte Ltd,Punggol Field - Alexandra Road,1,34,15049,Opp Alexandra Retail Ctr,Alexandra Road,103.8021634,1.274590541,Two trips at 7.00am and 8.00am/ 60 minutes, $5.50 (card) / $6.50 (cash )
PBS 729,K.H.Ng Bus Transport Pte Ltd,Punggol Field - Alexandra Road,2,1,15051,Alexandra Point,Alexandra Road,103.8024867,1.27720506,One trip at 6.00pm, $5.50 (card) / $6.50 (cash )
PBS 729,K.H.Ng Bus Transport Pte Ltd,Punggol Field - Alexandra Road,2,2,18011,Aft Hortpark,Alexandra Road,103.8021033,1.280870897,One trip at 6.00pm, $5.50 (card) / $6.50 (cash )
PBS 729,K.H.Ng Bus Transport Pte Ltd,Punggol Field - Alexandra Road,2,3,11019,Opp OG Factory,Jalan Bukit Merah,103.8056568,1.286796325,One trip at 6.00pm, $5.50 (card) / $6.50 (cash )
PBS 729,K.H.Ng Bus Transport Pte Ltd,Punggol Field - Alexandra Road,2,4,10139,Blk 1,Jalan Bukit Merah,103.8081,1.286351354,One trip at 6.00pm, $5.50 (card) / $6.50 (cash )
PBS 729,K.H.Ng Bus Transport Pte Ltd,Punggol Field - Alexandra Road,2,5,10119,Opp Pacific Tech Centre,Jalan Bukit Merah,103.8112252,1.28598009,One trip at 6.00pm, $5.50 (card) / $6.50 (cash )
PBS 729,K.H.Ng Bus Transport Pte Ltd,Punggol Field - Alexandra Road,2,6,10109,Bukit Merah Secondary School,Jalan Bukit Merah,103.8136554,1.285314032,One trip at 6.00pm, $5.50 (card) / $6.50 (cash )
PBS 729,K.H.Ng Bus Transport Pte Ltd,Punggol Field - Alexandra Road,2,7,10099,Opp Bukit Merah Town Centre,Jalan Bukit Merah,103.8178396,1.283941086,One trip at 6.00pm, $5.50 (card) / $6.50 (cash )
PBS 729,K.H.Ng Bus Transport Pte Ltd,Punggol Field - Alexandra Road,2,8,10089,Blk 119,Jalan Bukit Merah,103.8216566,1.282923322,One trip at 6.00pm, $5.50 (card) / $6.50 (cash )
PBS 729,K.H.Ng Bus Transport Pte Ltd,Punggol Field - Alexandra Road,2,9,10079,Blk 201,Jalan Bukit Merah,103.8270891,1.280395014,One trip at 6.00pm, $5.50 (card) / $6.50 (cash )
PBS 729,K.H.Ng Bus Transport Pte Ltd,Punggol Field - Alexandra Road,2,10,54301,Blk 5022,Ang Mo Kio Avenue 3,103.8628468,1.370195005,One trip at 6.00pm, $5.50 (card) / $6.50 (cash )
PBS 729,K.H.Ng Bus Transport Pte Ltd,Punggol Field - Alexandra Road,2,11,66101,Blk 516,Ang Mo Kio Avenue 3 ,103.8652534,1.371141961,One trip at 6.00pm, $5.50 (card) / $6.50 (cash )
PBS 729,K.H.Ng Bus Transport Pte Ltd,Punggol Field - Alexandra Road,2,12,64101,Opp Gracehaven Salvation Army,Yio Chu Kang Road ,103.8734072,1.373655,One trip at 6.00pm, $5.50 (card) / $6.50 (cash )
PBS 729,K.H.Ng Bus Transport Pte Ltd,Punggol Field - Alexandra Road,2,13,64491,Hougang 1,Hougang Avenue 9 ,103.8752642,1.372976443,One trip at 6.00pm, $5.50 (card) / $6.50 (cash )
PBS 729,K.H.Ng Bus Transport Pte Ltd,Punggol Field - Alexandra Road,2,14,64481,Bet Blks 930/931,Hougang Avenue 9 ,103.8768429,1.375941883,One trip at 6.00pm, $5.50 (card) / $6.50 (cash )
PBS 729,K.H.Ng Bus Transport Pte Ltd,Punggol Field - Alexandra Road,2,15,64471,Blk 917,Hougang Avenue 9 ,103.8783096,1.379186664,One trip at 6.00pm, $5.50 (card) / $6.50 (cash )
PBS 729,K.H.Ng Bus Transport Pte Ltd,Punggol Field - Alexandra Road,2,16,64351,Opp Montfort School,Hougang Avenue 8,103.8826019,1.379369444,One trip at 6.00pm, $5.50 (card) / $6.50 (cash )
PBS 729,K.H.Ng Bus Transport Pte Ltd,Punggol Field - Alexandra Road,2,17,64361,Blk 535,Hougang Avenue 8,103.8857647,1.379568333,One trip at 6.00pm, $5.50 (card) / $6.50 (cash )
PBS 729,K.H.Ng Bus Transport Pte Ltd,Punggol Field - Alexandra Road,2,18,64579,Bet Blks 544/546,Hougang Avenue 6,103.8880564,1.38154,One trip at 6.00pm, $5.50 (card) / $6.50 (cash )
PBS 729,K.H.Ng Bus Transport Pte Ltd,Punggol Field - Alexandra Road,2,19,-,Passenger pick-up/ drop-off point outside Buangkok Station,Sengkang Central,103.8930001,1.3829843,One trip at 6.00pm, $5.50 (card) / $6.50 (cash )
PBS 729,K.H.Ng Bus Transport Pte Ltd,Punggol Field - Alexandra Road,2,20,67261,Blk 203B,Sengkang East Avenue,103.8946421,1.386587413,One trip at 6.00pm, $5.50 (card) / $6.50 (cash )
PBS 729,K.H.Ng Bus Transport Pte Ltd,Punggol Field - Alexandra Road,2,21,67211,Blk 208 carpark,Sengkang East Avenue,103.8976592,1.383938281,One trip at 6.00pm, $5.50 (card) / $6.50 (cash )
PBS 729,K.H.Ng Bus Transport Pte Ltd,Punggol Field - Alexandra Road,2,22,65021,Opp Blk 110,Punggol Road,103.8996135,1.384031362,One trip at 6.00pm, $5.50 (card) / $6.50 (cash )
PBS 729,K.H.Ng Bus Transport Pte Ltd,Punggol Field - Alexandra Road,2,23,65031,Blk 227D,Punggol Road,103.9016264,1.387118273,One trip at 6.00pm, $5.50 (card) / $6.50 (cash )
PBS 729,K.H.Ng Bus Transport Pte Ltd,Punggol Field - Alexandra Road,2,24,65041,Blk 231,Punggol Road,103.9016227,1.389844124,One trip at 6.00pm, $5.50 (card) / $6.50 (cash )
PBS 729,K.H.Ng Bus Transport Pte Ltd,Punggol Field - Alexandra Road,2,25,67111,CHIJ St. Joseph's Convent,Sengkang East Way ,103.9023725,1.391053694,One trip at 6.00pm, $5.50 (card) / $6.50 (cash )
PBS 729,K.H.Ng Bus Transport Pte Ltd,Punggol Field - Alexandra Road,2,26,67121,Blk 142A,Sengkang East Way ,103.9051829,1.389504756,One trip at 6.00pm, $5.50 (card) / $6.50 (cash )
PBS 729,K.H.Ng Bus Transport Pte Ltd,Punggol Field - Alexandra Road,2,27,67531,Blk 158C,Sengkang East Way ,103.9067669,1.387868072,One trip at 6.00pm, $5.50 (card) / $6.50 (cash )
PBS 729,K.H.Ng Bus Transport Pte Ltd,Punggol Field - Alexandra Road,2,28,67521,Blk 160,Sengkang East Drive,103.9083801,1.387145366,One trip at 6.00pm, $5.50 (card) / $6.50 (cash )
PBS 729,K.H.Ng Bus Transport Pte Ltd,Punggol Field - Alexandra Road,2,29,65521,Waterwoods,Punggol East,103.9129427,1.390317667,One trip at 6.00pm, $5.50 (card) / $6.50 (cash )
PBS 729,K.H.Ng Bus Transport Pte Ltd,Punggol Field - Alexandra Road,2,30,65179,Coral Edge Station Exit A,Punggol Field,103.9119024,1.394295828,One trip at 6.00pm, $5.50 (card) / $6.50 (cash )
PBS 729,K.H.Ng Bus Transport Pte Ltd,Punggol Field - Alexandra Road,2,31,65169,Meridian Station Exit A,Punggol Field,103.9092919,1.396434688,One trip at 6.00pm, $5.50 (card) / $6.50 (cash )
PBS 729,K.H.Ng Bus Transport Pte Ltd,Punggol Field - Alexandra Road,2,32,65159,Cove Station Exit A,Punggol Field,103.9066529,1.398568723,One trip at 6.00pm, $5.50 (card) / $6.50 (cash )
PBS 736,City Transit Pte Ltd,Tampines Avenue 9 to Temasek Boulevard,1,1,76351,Blk 484,Tampines Avenue 9,103.9530913,1.362138224,One trip at 7.35am," Adult: $3.30 (card) / $4 (cash)
Child: $2.00 (card / cash) "
PBS 736,City Transit Pte Ltd,Tampines Avenue 9 to Temasek Boulevard,1,2,76361,Blk 430,Tampines Avenue 9,103.9503227,1.36002525,One trip at 7.35am," Adult: $3.30 (card) / $4 (cash)
Child: $2.00 (card / cash) "
PBS 736,City Transit Pte Ltd,Tampines Avenue 9 to Temasek Boulevard,1,3,75591,Bef Blk 631B,Tampines Avenue 12 ,,,One trip at 7.35am," Adult: $3.30 (card) / $4 (cash)
Child: $2.00 (card / cash) "
PBS 736,City Transit Pte Ltd,Tampines Avenue 9 to Temasek Boulevard,1,4,75579,Blk 630B,Tampines North Drive 2 ,,,One trip at 7.35am," Adult: $3.30 (card) / $4 (cash)
Child: $2.00 (card / cash) "
PBS 736,City Transit Pte Ltd,Tampines Avenue 9 to Temasek Boulevard,1,5,75569,Blk 636C,Tampines North Drive 2 ,,,One trip at 7.35am," Adult: $3.30 (card) / $4 (cash)
Child: $2.00 (card / cash) "
PBS 736,City Transit Pte Ltd,Tampines Avenue 9 to Temasek Boulevard,1,6,75489,Opp Blk 609D,Tampines Avenue 6 ,,,One trip at 7.35am," Adult: $3.30 (card) / $4 (cash)
Child: $2.00 (card / cash) "
PBS 736,City Transit Pte Ltd,Tampines Avenue 9 to Temasek Boulevard,1,7,75479,Blk 619A,Tampines Avenue 6 ,,,One trip at 7.35am," Adult: $3.30 (card) / $4 (cash)
Child: $2.00 (card / cash) "
PBS 736,City Transit Pte Ltd,Tampines Avenue 9 to Temasek Boulevard,1,8,75271,Blk 721,Tampines Avenue 9,103.936015,1.360248334,One trip at 7.35am," Adult: $3.30 (card) / $4 (cash)
Child: $2.00 (card / cash) "
PBS 736,City Transit Pte Ltd,Tampines Avenue 9 to Temasek Boulevard,1,9,75339,Blk 734,Tampines Street 71,103.9341521,1.358463099,One trip at 7.35am," Adult: $3.30 (card) / $4 (cash)
Child: $2.00 (card / cash) "
PBS 736,City Transit Pte Ltd,Tampines Avenue 9 to Temasek Boulevard,1,10,75159,Blk 874,Tampines Avenue 8,103.9314664,1.354051152,One trip at 7.35am," Adult: $3.30 (card) / $4 (cash)
Child: $2.00 (card / cash) "
PBS 736,City Transit Pte Ltd,Tampines Avenue 9 to Temasek Boulevard,1,11,75039,Springfield Secondary School,Tampines Avenue 8,103.9295682,1.35065772,One trip at 7.35am," Adult: $3.30 (card) / $4 (cash)
Child: $2.00 (card / cash) "
PBS 736,City Transit Pte Ltd,Tampines Avenue 9 to Temasek Boulevard,1,12,75259,Tropica Condominium,Tampines Avenue 1,103.9279803,1.349138056,One trip at 7.35am," Adult: $3.30 (card) / $4 (cash)
Child: $2.00 (card / cash) "
PBS 736,City Transit Pte Ltd,Tampines Avenue 9 to Temasek Boulevard,1,13,3223,Tanjong Pagar Station Exit C,Anson Road,103.8463247,1.275703395,One trip at 7.35am," Adult: $3.30 (card) / $4 (cash)
Child: $2.00 (card / cash) "
PBS 736,City Transit Pte Ltd,Tampines Avenue 9 to Temasek Boulevard,1,14,3151,Aft Telok Ayer St,Cecil Street,103.8477623,1.278921246,One trip at 7.35am," Adult: $3.30 (card) / $4 (cash)
Child: $2.00 (card / cash) "
PBS 736,City Transit Pte Ltd,Tampines Avenue 9 to Temasek Boulevard,1,15,3021,Prudential Tower,Cecil Street,103.849989,1.282555246,One trip at 7.35am," Adult: $3.30 (card) / $4 (cash)
Child: $2.00 (card / cash) "
PBS 736,City Transit Pte Ltd,Tampines Avenue 9 to Temasek Boulevard,1,16,-,Clifford Centre,Collyer Quay,,,One trip at 7.35am," Adult: $3.30 (card) / $4 (cash)
Child: $2.00 (card / cash) "
PBS 736,City Transit Pte Ltd,Tampines Avenue 9 to Temasek Boulevard,1,17,3011,Fullerton Square,Fullerton Road,,,One trip at 7.35am," Adult: $3.30 (card) / $4 (cash)
Child: $2.00 (card / cash) "
PBS 736,City Transit Pte Ltd,Tampines Avenue 9 to Temasek Boulevard,1,18,2151,Suntec Convention Centre,Temasek Boulevard,,,One trip at 7.35am," Adult: $3.30 (card) / $4 (cash)
Child: $2.00 (card / cash) "
PBS 736,City Transit Pte Ltd,Tampines Avenue 9 to Temasek Boulevard,1,19,2141,Suntec Tower Two,Temasek Boulevard,103.8593381,1.295765716,One trip at 7.35am," Adult: $3.30 (card) / $4 (cash)
Child: $2.00 (card / cash) "
PBS 740,MyBus Pte Ltd,Sembawang Drive - Changi Business Park,1,1,58341,Blk 405,Sembawang Drive,103.8168777,1.452679929,Three trips from 7.00am to 7.50am / 25 min, $4.00 (card) / $4.50 (cash) 
PBS 740,MyBus Pte Ltd,Sembawang Drive - Changi Business Park,1,2,58311,Blk 354 Car Park,Sembawang Drive,103.8181046,1.450197954,Three trips from 7.00am to 7.50am / 25 min, $4.00 (card) / $4.50 (cash) 
PBS 740,MyBus Pte Ltd,Sembawang Drive - Changi Business Park,1,3,58219,Opp Sembawang Station,Sembawang Way,103.8199297,1.449534637,Three trips from 7.00am to 7.50am / 25 min, $4.00 (card) / $4.50 (cash) 
PBS 740,MyBus Pte Ltd,Sembawang Drive - Changi Business Park,1,4,58159,After Admiral Hill,Canberra Road,,,Three trips from 7.00am to 7.50am / 25 min, $4.00 (card) / $4.50 (cash) 
PBS 740,MyBus Pte Ltd,Sembawang Drive - Changi Business Park,1,5,58109,Opp Blk 311,Canberra Road,103.823093,1.446676079,Three trips from 7.00am to 7.50am / 25 min, $4.00 (card) / $4.50 (cash) 
PBS 740,MyBus Pte Ltd,Sembawang Drive - Changi Business Park,1,6,58029,Aft Canberra Road,Sembawang Road,103.8239851,1.443159194,Three trips from 7.00am to 7.50am / 25 min, $4.00 (card) / $4.50 (cash) 
PBS 740,MyBus Pte Ltd,Sembawang Drive - Changi Business Park,1,7,58019,Aft Sembawang Shopping Centre,Sembawang Road,103.82473,1.440851088,Three trips from 7.00am to 7.50am / 25 min, $4.00 (card) / $4.50 (cash) 
PBS 740,MyBus Pte Ltd,Sembawang Drive - Changi Business Park,1,8,57139,Aft Jalan Kemuning,Sembawang Road,103.8255963,1.437956621,Three trips from 7.00am to 7.50am / 25 min, $4.00 (card) / $4.50 (cash) 
PBS 740,MyBus Pte Ltd,Sembawang Drive - Changi Business Park,1,9,57129,Blk 114,Sembawang Road,103.8264145,1.434186569,Three trips from 7.00am to 7.50am / 25 min, $4.00 (card) / $4.50 (cash) 
PBS 740,MyBus Pte Ltd,Sembawang Drive - Changi Business Park,1,10,59119,Opp Blk 701A,Yishun Avenue 5,103.8279487,1.43037444,Three trips from 7.00am to 7.50am / 25 min, $4.00 (card) / $4.50 (cash) 
PBS 740,MyBus Pte Ltd,Sembawang Drive - Changi Business Park,1,11,59149,Blk 145,Yishun Avenue 5,103.83218,1.430618611,Three trips from 7.00am to 7.50am / 25 min, $4.00 (card) / $4.50 (cash) 
PBS 740,MyBus Pte Ltd,Sembawang Drive - Changi Business Park,1,12,59069,Opp Blk 757,Yishun Avenue 2,103.8353696,1.426572948,Three trips from 7.00am to 7.50am / 25 min, $4.00 (card) / $4.50 (cash) 
PBS 740,MyBus Pte Ltd,Sembawang Drive - Changi Business Park,1,13,59059,Blk 608,Yishun Avenue 2,103.8349794,1.420546029,Three trips from 7.00am to 7.50am / 25 min, $4.00 (card) / $4.50 (cash) 
PBS 740,MyBus Pte Ltd,Sembawang Drive - Changi Business Park,1,14,59049,Opp Khatib Station,Yishun Avenue 2,103.8333998,1.417009982,Three trips from 7.00am to 7.50am / 25 min, $4.00 (card) / $4.50 (cash) 
PBS 740,MyBus Pte Ltd,Sembawang Drive - Changi Business Park,1,15,59039,Yishun Sports Hall,Yishun Avenue 2,103.831563,1.413428716,Three trips from 7.00am to 7.50am / 25 min, $4.00 (card) / $4.50 (cash) 
PBS 740,MyBus Pte Ltd,Sembawang Drive - Changi Business Park,1,16,96069,Mera Terrace Playground,Upper Changi Road East ,,,Three trips from 7.00am to 7.50am / 25 min, $4.00 (card) / $4.50 (cash) 
PBS 740,MyBus Pte Ltd,Sembawang Drive - Changi Business Park,1,17,96049,Upper Changi Station/SUTD,Upper Changi Road East,,,Three trips from 7.00am to 7.50am / 25 min, $4.00 (card) / $4.50 (cash) 
PBS 740,MyBus Pte Ltd,Sembawang Drive - Changi Business Park,1,18,96419,Eightrium,Changi South Avenue 1,103.9638595,1.3376443,Three trips from 7.00am to 7.50am / 25 min, $4.00 (card) / $4.50 (cash) 
PBS 740,MyBus Pte Ltd,Sembawang Drive - Changi Business Park,1,19,-,IBM Place,Changi Business Park Avenue 1,103.9638594,1.3360398,Three trips from 7.00am to 7.50am / 25 min, $4.00 (card) / $4.50 (cash) 
PBS 740,MyBus Pte Ltd,Sembawang Drive - Changi Business Park,1,20,96401,Honeywell Building,Changi Business Park Central 1,103.9659831,1.3367799,Three trips from 7.00am to 7.50am / 25 min, $4.00 (card) / $4.50 (cash) 
PBS 740,MyBus Pte Ltd,Sembawang Drive - Changi Business Park,1,21,96361,Aft Akzonobel,Changi Business Park Central 2,103.966437,1.336491101,Three trips from 7.00am to 7.50am / 25 min, $4.00 (card) / $4.50 (cash) 
PBS 740,MyBus Pte Ltd,Sembawang Drive - Changi Business Park,1,22,-,Plaza 8,Changi Business Park Central 1,103.9645692,1.3340451,Three trips from 7.00am to 7.50am / 25 min, $4.00 (card) / $4.50 (cash) 
PBS 740,MyBus Pte Ltd,Sembawang Drive - Changi Business Park,1,23,96321,DBS Asia Hub,Changi South Avenue 2 ,103.9653246,1.332082717,Three trips from 7.00am to 7.50am / 25 min, $4.00 (card) / $4.50 (cash) 
PBS 740,MyBus Pte Ltd,Sembawang Drive - Changi Business Park,1,24,96331,Premier,Changi South Avenue 2 ,,,Three trips from 7.00am to 7.50am / 25 min, $4.00 (card) / $4.50 (cash) 
PBS 740,MyBus Pte Ltd,Sembawang Drive - Changi Business Park,1,25,96341,Aft Sunny Metal & Engrg,Changi South Avenue 2 ,,,Three trips from 7.00am to 7.50am / 25 min, $4.00 (card) / $4.50 (cash) 
PBS 740,MyBus Pte Ltd,Sembawang Drive - Changi Business Park,1,26,96351,Before Changi South Street 1,Changi South Avenue 4 ,,,Three trips from 7.00am to 7.50am / 25 min, $4.00 (card) / $4.50 (cash) 
PBS 740,MyBus Pte Ltd,Sembawang Drive - Changi Business Park,2,1,96419,Eightrium,Changi South Avenue 1,103.9638595,1.3376443,Two trips at 5.45pm and 6.20pm/ 35 min, $4.00 (card) / $4.50 (cash) 
PBS 740,MyBus Pte Ltd,Sembawang Drive - Changi Business Park,2,2,-,IBM Place,Changi Business Park Avenue 1,103.9638594,1.3360398,Two trips at 5.45pm and 6.20pm/ 35 min, $4.00 (card) / $4.50 (cash) 
PBS 740,MyBus Pte Ltd,Sembawang Drive - Changi Business Park,2,3,96401,Honeywell Building,Changi Business Park Central 1,103.9659831,1.3367799,Two trips at 5.45pm and 6.20pm/ 35 min, $4.00 (card) / $4.50 (cash) 
PBS 740,MyBus Pte Ltd,Sembawang Drive - Changi Business Park,2,4,96361,Aft Akzonobel,Changi Business Park Central 2,103.966437,1.336491101,Two trips at 5.45pm and 6.20pm/ 35 min, $4.00 (card) / $4.50 (cash) 
PBS 740,MyBus Pte Ltd,Sembawang Drive - Changi Business Park,2,5,-,Plaza 8,Changi Business Park Central 1,103.9645692,1.3340451,Two trips at 5.45pm and 6.20pm/ 35 min, $4.00 (card) / $4.50 (cash) 
PBS 740,MyBus Pte Ltd,Sembawang Drive - Changi Business Park,2,6,-,Plaza 8 Blk 1,Changi Business Park Crescent,103.9660716,1.3329524,Two trips at 5.45pm and 6.20pm/ 35 min, $4.00 (card) / $4.50 (cash) 
PBS 740,MyBus Pte Ltd,Sembawang Drive - Changi Business Park,2,7,-,Citibank,Changi Business Park Avenue 3,103.9663908,1.3342261,Two trips at 5.45pm and 6.20pm/ 35 min, $4.00 (card) / $4.50 (cash) 
PBS 740,MyBus Pte Ltd,Sembawang Drive - Changi Business Park,2,8,-,Bus stop outside Rigel Innovation Centre,Changi Business Park Vista,103.9675272,1.3372672,Two trips at 5.45pm and 6.20pm/ 35 min, $4.00 (card) / $4.50 (cash) 
PBS 740,MyBus Pte Ltd,Sembawang Drive - Changi Business Park,2,9,59031,Opp Yishun Sports Hall,Yishun Avenue 2,103.8308396,1.412777472,Two trips at 5.45pm and 6.20pm/ 35 min, $4.00 (card) / $4.50 (cash) 
PBS 740,MyBus Pte Ltd,Sembawang Drive - Changi Business Park,2,10,-,Pick-up/Drop-off point outside Khatib Station,Yishun Avenue 2,103.8332734,1.4176943,Two trips at 5.45pm and 6.20pm/ 35 min, $4.00 (card) / $4.50 (cash) 
PBS 740,MyBus Pte Ltd,Sembawang Drive - Changi Business Park,2,11,59061,Blk 763,Yishun Avenue 2,103.8349582,1.425563992,Two trips at 5.45pm and 6.20pm/ 35 min, $4.00 (card) / $4.50 (cash) 
PBS 740,MyBus Pte Ltd,Sembawang Drive - Changi Business Park,2,12,-,Pick-up/Drop-off point outside Yishun Station,Yishun Avenue 2,103.8345913,1.4303172,Two trips at 5.45pm and 6.20pm/ 35 min, $4.00 (card) / $4.50 (cash) 
PBS 740,MyBus Pte Ltd,Sembawang Drive - Changi Business Park,2,13,59141,Blk 741,Yishun Avenue 5,103.8327554,1.430343832,Two trips at 5.45pm and 6.20pm/ 35 min, $4.00 (card) / $4.50 (cash) 
PBS 740,MyBus Pte Ltd,Sembawang Drive - Changi Business Park,2,14,57111,Opp Blk 101,Sembawang Road,103.8265494,1.431236226,Two trips at 5.45pm and 6.20pm/ 35 min, $4.00 (card) / $4.50 (cash) 
PBS 740,MyBus Pte Ltd,Sembawang Drive - Changi Business Park,2,15,57121,Opp Blk 115B,Sembawang Road,103.8263113,1.433450833,Two trips at 5.45pm and 6.20pm/ 35 min, $4.00 (card) / $4.50 (cash) 
PBS 740,MyBus Pte Ltd,Sembawang Drive - Changi Business Park,2,16,57131,Opp Jalan Kemuning,Sembawang Road,103.8252975,1.438084138,Two trips at 5.45pm and 6.20pm/ 35 min, $4.00 (card) / $4.50 (cash) 
PBS 740,MyBus Pte Ltd,Sembawang Drive - Changi Business Park,2,17,58011,Opp Sembawang Shopping Centre,Sembawang Road,103.8241875,1.441356114,Two trips at 5.45pm and 6.20pm/ 35 min, $4.00 (card) / $4.50 (cash) 
PBS 740,MyBus Pte Ltd,Sembawang Drive - Changi Business Park,2,18,58021,Bef Canberra Road,Sembawang Road,103.8236786,1.44324137,Two trips at 5.45pm and 6.20pm/ 35 min, $4.00 (card) / $4.50 (cash) 
PBS 740,MyBus Pte Ltd,Sembawang Drive - Changi Business Park,2,19,58101,Blk 311,Canberra Road,103.8228228,1.446672778,Two trips at 5.45pm and 6.20pm/ 35 min, $4.00 (card) / $4.50 (cash) 
PBS 740,MyBus Pte Ltd,Sembawang Drive - Changi Business Park,2,20,58151,Bef Sembawang Station,Canberra Road,103.8220134,1.448359043,Two trips at 5.45pm and 6.20pm/ 35 min, $4.00 (card) / $4.50 (cash) 
PBS 740,MyBus Pte Ltd,Sembawang Drive - Changi Business Park,2,21,58211,Sembawang Station,Sembawang Way,103.819794,1.449262026,Two trips at 5.45pm and 6.20pm/ 35 min, $4.00 (card) / $4.50 (cash) 
PBS 740,MyBus Pte Ltd,Sembawang Drive - Changi Business Park,2,22,58319,Blk 357C,Sembawang Drive,103.8180219,1.449769339,Two trips at 5.45pm and 6.20pm/ 35 min, $4.00 (card) / $4.50 (cash) 
PBS 740,MyBus Pte Ltd,Sembawang Drive - Changi Business Park,2,23,58349,Blk 478,Sembawang Drive,103.8164234,1.452731395,Two trips at 5.45pm and 6.20pm/ 35 min, $4.00 (card) / $4.50 (cash) 
PBS 742,MyBus Pte Ltd,Ang Mo Kio Avenue 3 - Changi Business Park,1,1,66101,Blk 516,Ang Mo Kio Avenue 3,103.873259,1.370940455,One trip at 7.30am, $3.50 (card) / $4.00 (cash) 
PBS 742,MyBus Pte Ltd,Ang Mo Kio Avenue 3 - Changi Business Park,1,2,64101,Opp Gracehaven Salvation Army,Yio Chu Kang Road,103.8765394,1.372121197,One trip at 7.30am, $3.50 (card) / $4.00 (cash) 
PBS 742,MyBus Pte Ltd,Ang Mo Kio Avenue 3 - Changi Business Park,1,3,64491,Hougang 1,Hougang Avenue 9,103.8790517,1.375130278,One trip at 7.30am, $3.50 (card) / $4.00 (cash) 
PBS 742,MyBus Pte Ltd,Ang Mo Kio Avenue 3 - Changi Business Park,1,4,64481,Bet Blks 930/931,Hougang Avenue 9,103.8807864,1.375144743,One trip at 7.30am, $3.50 (card) / $4.00 (cash) 
PBS 742,MyBus Pte Ltd,Ang Mo Kio Avenue 3 - Changi Business Park,1,5,64471,Blk 917,Hougang Avenue 9,103.8839678,1.374548056,One trip at 7.30am, $3.50 (card) / $4.00 (cash) 
PBS 742,MyBus Pte Ltd,Ang Mo Kio Avenue 3 - Changi Business Park,1,6,64351,Opp Montfort School,Hougang Avenue 8,103.8880821,1.374811105,One trip at 7.30am, $3.50 (card) / $4.00 (cash) 
PBS 742,MyBus Pte Ltd,Ang Mo Kio Avenue 3 - Changi Business Park,1,7,64361,Blk 535,Hougang Avenue 8,103.8905489,1.376345092,One trip at 7.30am, $3.50 (card) / $4.00 (cash) 
PBS 742,MyBus Pte Ltd,Ang Mo Kio Avenue 3 - Changi Business Park,1,8,64031,Blk 436,Hougang Avenue 8,103.8936608,1.376999957,One trip at 7.30am, $3.50 (card) / $4.00 (cash) 
PBS 742,MyBus Pte Ltd,Ang Mo Kio Avenue 3 - Changi Business Park,1,9,64021,Blk 458,Hougang Avenue 10,103.8966385,1.377889502,One trip at 7.30am, $3.50 (card) / $4.00 (cash) 
PBS 742,MyBus Pte Ltd,Ang Mo Kio Avenue 3 - Changi Business Park,1,10,65011,Opp The Rivervale,Punggol Road,103.8972095,1.381596968,One trip at 7.30am, $3.50 (card) / $4.00 (cash) 
PBS 742,MyBus Pte Ltd,Ang Mo Kio Avenue 3 - Changi Business Park,1,11,65021,Opp Blk 110,Punggol Road,103.8996135,1.384031362,One trip at 7.30am, $3.50 (card) / $4.00 (cash) 
PBS 742,MyBus Pte Ltd,Ang Mo Kio Avenue 3 - Changi Business Park,1,12,65031,Blk 227D,Punggol Road,103.9016264,1.387118273,One trip at 7.30am, $3.50 (card) / $4.00 (cash) 
PBS 742,MyBus Pte Ltd,Ang Mo Kio Avenue 3 - Changi Business Park,1,13,65041,Blk 231,Punggol Road,103.9016227,1.389844124,One trip at 7.30am, $3.50 (card) / $4.00 (cash) 
PBS 742,MyBus Pte Ltd,Ang Mo Kio Avenue 3 - Changi Business Park,1,14,96069,Mera Terrace Playground,Upper Changi Road East ,,,One trip at 7.30am, $3.50 (card) / $4.00 (cash) 
PBS 742,MyBus Pte Ltd,Ang Mo Kio Avenue 3 - Changi Business Park,1,15,96049,Upper Changi Station/SUTD,Upper Changi Road East,,,One trip at 7.30am, $3.50 (card) / $4.00 (cash) 
PBS 742,MyBus Pte Ltd,Ang Mo Kio Avenue 3 - Changi Business Park,1,16,96419,Eightrium,Changi South Avenue 1,103.9638595,1.3376443,One trip at 7.30am, $3.50 (card) / $4.00 (cash) 
PBS 742,MyBus Pte Ltd,Ang Mo Kio Avenue 3 - Changi Business Park,1,17,-,The IBM Place,Changi Business Park Avenue 1,103.9638594,1.3360398,One trip at 7.30am, $3.50 (card) / $4.00 (cash) 
PBS 742,MyBus Pte Ltd,Ang Mo Kio Avenue 3 - Changi Business Park,1,18,96401,Honeywell Building,Changi Business Park Central 1,103.9659831,1.3367799,One trip at 7.30am, $3.50 (card) / $4.00 (cash) 
PBS 742,MyBus Pte Ltd,Ang Mo Kio Avenue 3 - Changi Business Park,1,19,96361,Aft Akzonoble House,Changi Business Park Central 2,103.966437,1.336491101,One trip at 7.30am, $3.50 (card) / $4.00 (cash) 
PBS 742,MyBus Pte Ltd,Ang Mo Kio Avenue 3 - Changi Business Park,1,20,-,Plaza 8,Changi Business Park Central 1,103.9645692,1.3340451,One trip at 7.30am, $3.50 (card) / $4.00 (cash) 
PBS 742,MyBus Pte Ltd,Ang Mo Kio Avenue 3 - Changi Business Park,1,21,96321,DBS Asia Hub,Changi South Avenue 2,103.9653246,1.332082717,One trip at 7.30am, $3.50 (card) / $4.00 (cash) 
PBS 742,MyBus Pte Ltd,Ang Mo Kio Avenue 3 - Changi Business Park,1,22,96331,Premier,Changi South Avenue 2 ,,,One trip at 7.30am, $3.50 (card) / $4.00 (cash) 
PBS 742,MyBus Pte Ltd,Ang Mo Kio Avenue 3 - Changi Business Park,1,23,96341,Aft Sunny Metal & Engrg,Changi South Avenue 2 ,,,One trip at 7.30am, $3.50 (card) / $4.00 (cash) 
PBS 742,MyBus Pte Ltd,Ang Mo Kio Avenue 3 - Changi Business Park,1,24,96351,Before Changi South Street 1,Changi South Avenue 4 ,,,One trip at 7.30am, $3.50 (card) / $4.00 (cash) 
PBS 742,MyBus Pte Ltd,Ang Mo Kio Avenue 3 - Changi Business Park,2,1,96419,Eightrium,Changi South Avenue 1,103.9638595,1.3376443,One trip at 6.00pm, $3.50 (card) / $4.00 (cash) 
PBS 742,MyBus Pte Ltd,Ang Mo Kio Avenue 3 - Changi Business Park,2,2,-,The IBM Place,Changi Business Park Avenue 1,103.9638594,1.3360398,One trip at 6.00pm, $3.50 (card) / $4.00 (cash) 
PBS 742,MyBus Pte Ltd,Ang Mo Kio Avenue 3 - Changi Business Park,2,3,96401,Honeywell Building,Changi Business Park Central 1,103.9659831,1.3367799,One trip at 6.00pm, $3.50 (card) / $4.00 (cash) 
PBS 742,MyBus Pte Ltd,Ang Mo Kio Avenue 3 - Changi Business Park,2,4,96361,Aft Akzonobel,Changi Business Park Central 2,103.966437,1.336491101,One trip at 6.00pm, $3.50 (card) / $4.00 (cash) 
PBS 742,MyBus Pte Ltd,Ang Mo Kio Avenue 3 - Changi Business Park,2,5,-,Plaza 8,Changi Business Park Central 1,103.9645692,1.3340451,One trip at 6.00pm, $3.50 (card) / $4.00 (cash) 
PBS 742,MyBus Pte Ltd,Ang Mo Kio Avenue 3 - Changi Business Park,2,6,-,Plaza 8 Blk 1,Changi Business Park Crescent,103.9660716,1.3329524,One trip at 6.00pm, $3.50 (card) / $4.00 (cash) 
PBS 742,MyBus Pte Ltd,Ang Mo Kio Avenue 3 - Changi Business Park,2,7,-,Citibank,Changi Business Park Avenue 3,103.9663908,1.3342261,One trip at 6.00pm, $3.50 (card) / $4.00 (cash) 
PBS 742,MyBus Pte Ltd,Ang Mo Kio Avenue 3 - Changi Business Park,2,8,-,Bus stop outside Rigel Innovation Centre,Changi Business Park Vista,103.9675272,1.3372672,One trip at 6.00pm, $3.50 (card) / $4.00 (cash) 
PBS 742,MyBus Pte Ltd,Ang Mo Kio Avenue 3 - Changi Business Park,2,9,65059,St. Anne's Church,Punggol Road,103.9012936,1.393084408,One trip at 6.00pm, $3.50 (card) / $4.00 (cash) 
PBS 742,MyBus Pte Ltd,Ang Mo Kio Avenue 3 - Changi Business Park,2,10,65049,Blk 126A,Punggol Road,103.9018717,1.389935,One trip at 6.00pm, $3.50 (card) / $4.00 (cash) 
PBS 742,MyBus Pte Ltd,Ang Mo Kio Avenue 3 - Changi Business Park,2,11,65039,Blk 124,Punggol Road,103.901924,1.387327419,One trip at 6.00pm, $3.50 (card) / $4.00 (cash) 
PBS 742,MyBus Pte Ltd,Ang Mo Kio Avenue 3 - Changi Business Park,2,12,65029,Opp Blk 111,Punggol Road,103.9006158,1.384615,One trip at 6.00pm, $3.50 (card) / $4.00 (cash) 
PBS 742,MyBus Pte Ltd,Ang Mo Kio Avenue 3 - Changi Business Park,2,13,65019,The Rivervale,Punggol Road,103.8974924,1.381514078,One trip at 6.00pm, $3.50 (card) / $4.00 (cash) 
PBS 742,MyBus Pte Ltd,Ang Mo Kio Avenue 3 - Changi Business Park,2,14,64029,Opp Blk 458,Hougang Avenue 10,103.8968828,1.377816174,One trip at 6.00pm, $3.50 (card) / $4.00 (cash) 
PBS 742,MyBus Pte Ltd,Ang Mo Kio Avenue 3 - Changi Business Park,2,15,64039,Blk 434,Hougang Avenue 8,103.8939376,1.376687532,One trip at 6.00pm, $3.50 (card) / $4.00 (cash) 
PBS 742,MyBus Pte Ltd,Ang Mo Kio Avenue 3 - Changi Business Park,2,16,64369,Blk 532,Hougang Avenue 8,103.8914935,1.376344484,One trip at 6.00pm, $3.50 (card) / $4.00 (cash) 
PBS 742,MyBus Pte Ltd,Ang Mo Kio Avenue 3 - Changi Business Park,2,17,64359,Montfort School,Hougang Avenue 8,103.8891876,1.375286778,One trip at 6.00pm, $3.50 (card) / $4.00 (cash) 
PBS 742,MyBus Pte Ltd,Ang Mo Kio Avenue 3 - Changi Business Park,2,18,64411,Blk 670,Hougang Avenue 4,,,One trip at 6.00pm, $3.50 (card) / $4.00 (cash) 
PBS 742,MyBus Pte Ltd,Ang Mo Kio Avenue 3 - Changi Business Park,2,19,64479,Blk 665,Hougang Avenue 9,103.88354,1.374401341,One trip at 6.00pm, $3.50 (card) / $4.00 (cash) 
PBS 742,MyBus Pte Ltd,Ang Mo Kio Avenue 3 - Changi Business Park,2,20,64489,Blk 946A,Hougang Avenue 9,103.8806769,1.37488765,One trip at 6.00pm, $3.50 (card) / $4.00 (cash) 
PBS 742,MyBus Pte Ltd,Ang Mo Kio Avenue 3 - Changi Business Park,2,21,64499,Regentville,Hougang Avenue 9,103.8782886,1.374882857,One trip at 6.00pm, $3.50 (card) / $4.00 (cash) 
PBS 742,MyBus Pte Ltd,Ang Mo Kio Avenue 3 - Changi Business Park,2,22,64109,Gracehaven Salvation Army,Yio Chu Kang Road,103.876909,1.372023302,One trip at 6.00pm, $3.50 (card) / $4.00 (cash) 
PBS 742,MyBus Pte Ltd,Ang Mo Kio Avenue 3 - Changi Business Park,2,23,66109,Blk 151,Ang Mo Kio Avenue 3,103.8746132,1.369979225,One trip at 6.00pm, $3.50 (card) / $4.00 (cash) 
PBS 753,Ren Quan Transport,Flora Road - Anson Road,1,1,98319,After Ballota Park,Mariam Way,103.9684569,1.35923694,One trip at 7.40am, $4.50 (card) / $5.50 (cash) 
PBS 753,Ren Quan Transport,Flora Road - Anson Road,1,2,-,Outside Estella Gardens,Flora Road,103.965681,1.359868,One trip at 7.40am, $4.50 (card) / $5.50 (cash) 
PBS 753,Ren Quan Transport,Flora Road - Anson Road,1,3,76249,Blk 370,Tampines Avenue 7,103.9594744,1.358366398,One trip at 7.40am, $4.50 (card) / $5.50 (cash) 
PBS 753,Ren Quan Transport,Flora Road - Anson Road,1,4,76469,East Spring Secondary School,Tampines Street 34,103.9598505,1.356303394,One trip at 7.40am, $4.50 (card) / $5.50 (cash) 
PBS 753,Ren Quan Transport,Flora Road - Anson Road,1,5,76439,Blk 351,Tampines Street 33,103.9626053,1.352881667,One trip at 7.40am, $4.50 (card) / $5.50 (cash) 
PBS 753,Ren Quan Transport,Flora Road - Anson Road,1,6,76449,Blk 343,Tampines Street 33,103.9611301,1.352075082,One trip at 7.40am, $4.50 (card) / $5.50 (cash) 
PBS 753,Ren Quan Transport,Flora Road - Anson Road,1,7,76459,Blk 323,Tampines Street 33,103.9587319,1.352080031,One trip at 7.40am, $4.50 (card) / $5.50 (cash) 
PBS 753,Ren Quan Transport,Flora Road - Anson Road,1,8,76419,Blk 307A,Tampines Street 32,103.9564853,1.353662435,One trip at 7.40am, $4.50 (card) / $5.50 (cash) 
PBS 753,Ren Quan Transport,Flora Road - Anson Road,1,9,96129,Opp Blk 135,Simei Road,103.9579512,1.347458355,One trip at 7.40am, $4.50 (card) / $5.50 (cash) 
PBS 753,Ren Quan Transport,Flora Road - Anson Road,1,10,96189,Blk 166,Simei Road,103.9579362,1.345297803,One trip at 7.40am, $4.50 (card) / $5.50 (cash) 
PBS 753,Ren Quan Transport,Flora Road - Anson Road,1,11,96199,Opp Blk 224,Simei Road,103.9579698,1.34285961,One trip at 7.40am, $4.50 (card) / $5.50 (cash) 
PBS 753,Ren Quan Transport,Flora Road - Anson Road,1,12,96039,Expo Hall 4/5/6,Upper Changi Road East,103.9584342,1.335608333,One trip at 7.40am, $4.50 (card) / $5.50 (cash) 
PBS 753,Ren Quan Transport,Flora Road - Anson Road,1,13,96029,Expo Hall 1/2/3,Upper Changi Road East,103.9562003,1.333242055,One trip at 7.40am, $4.50 (card) / $5.50 (cash) 
PBS 753,Ren Quan Transport,Flora Road - Anson Road,1,14,2149,Suntec Tower Three,Temasek Boulevard,103.8595553,1.295604598,One trip at 7.40am, $4.50 (card) / $5.50 (cash) 
PBS 753,Ren Quan Transport,Flora Road - Anson Road,1,15,2161,Promenade Station Exit B,Temasek Avenue,103.8609316,1.29268554,One trip at 7.40am, $4.50 (card) / $5.50 (cash) 
PBS 753,Ren Quan Transport,Flora Road - Anson Road,1,16,2061,The Esplanade,Raffles Avenue,103.8564966,1.289872008,One trip at 7.40am, $4.50 (card) / $5.50 (cash) 
PBS 753,Ren Quan Transport,Flora Road - Anson Road,1,17,3129,UIC Building,Shenton Way,103.8495672,1.278070035,One trip at 7.40am, $4.50 (card) / $5.50 (cash) 
PBS 753,Ren Quan Transport,Flora Road - Anson Road,1,18,3223,Tanjong Pagar Station Exit C,Anson Road,103.8463247,1.275703395,One trip at 7.40am, $4.50 (card) / $5.50 (cash) 
PBS 762,City Transit Pte Ltd,West Coast Road to Beach Road,1,1,20129,Bet Blks 50/51,West Coast Road,103.7375411,1.32034555,One trip at 8am, Adult/Senior Citizen: $3.50 (cash)/$3.10 (card);Child/Student: $2 (card/cash) 
PBS 762,City Transit Pte Ltd,West Coast Road to Beach Road,1,2,20239,Aft Hanasah Mosque,Teban Gardens Road,103.7394701,1.3224688,One trip at 8am, Adult/Senior Citizen: $3.50 (cash)/$3.10 (card);Child/Student: $2 (card/cash) 
PBS 762,City Transit Pte Ltd,West Coast Road to Beach Road,1,3,20219,Opp Blk 41,Teban Gardens Road,103.7414333,1.3220569,One trip at 8am, Adult/Senior Citizen: $3.50 (cash)/$3.10 (card);Child/Student: $2 (card/cash) 
PBS 762,City Transit Pte Ltd,West Coast Road to Beach Road,1,4,20209,Bef Jurong Town Hall Rd,Teban Gardens Road,103.7440744,1.32043333,One trip at 8am, Adult/Senior Citizen: $3.50 (cash)/$3.10 (card);Child/Student: $2 (card/cash) 
PBS 762,City Transit Pte Ltd,West Coast Road to Beach Road,1,5,20181,Ayer Rajah CC,Pandan Gardens,103.7474585,1.32048479,One trip at 8am, Adult/Senior Citizen: $3.50 (cash)/$3.10 (card);Child/Student: $2 (card/cash) 
PBS 762,City Transit Pte Ltd,West Coast Road to Beach Road,1,6,20191,Blk 407,Pandan Gardens,103.7484564,1.31924167,One trip at 8am, Adult/Senior Citizen: $3.50 (cash)/$3.10 (card);Child/Student: $2 (card/cash) 
PBS 762,City Transit Pte Ltd,West Coast Road to Beach Road,1,7,20149,Blk 408,West Coast Road,103.7489727,1.3179597,One trip at 8am, Adult/Senior Citizen: $3.50 (cash)/$3.10 (card);Child/Student: $2 (card/cash) 
PBS 762,City Transit Pte Ltd,West Coast Road to Beach Road,1,8,20139,Opp Angliss Building,West Coast Road,103.7520438,1.31584167,One trip at 8am, Adult/Senior Citizen: $3.50 (cash)/$3.10 (card);Child/Student: $2 (card/cash) 
PBS 762,City Transit Pte Ltd,West Coast Road to Beach Road,1,9,20289,The Japanese Sec Sch,West Coast Highway,103.7550342,1.31248802,One trip at 8am, Adult/Senior Citizen: $3.50 (cash)/$3.10 (card);Child/Student: $2 (card/cash) 
PBS 762,City Transit Pte Ltd,West Coast Road to Beach Road,1,10,20299,Opp Tanglin Secondary School,West Coast Road,103.7585754,1.31092804,One trip at 8am, Adult/Senior Citizen: $3.50 (cash)/$3.10 (card);Child/Student: $2 (card/cash) 
PBS 762,City Transit Pte Ltd,West Coast Road to Beach Road,1,11,17079,Blk 512,West Coast Road,103.7599936,1.30968304,One trip at 8am, Adult/Senior Citizen: $3.50 (cash)/$3.10 (card);Child/Student: $2 (card/cash) 
PBS 762,City Transit Pte Ltd,West Coast Road to Beach Road,1,12,17069,Opp Blk 701,West Coast Road,103.7621407,1.30776637,One trip at 8am, Adult/Senior Citizen: $3.50 (cash)/$3.10 (card);Child/Student: $2 (card/cash) 
PBS 762,City Transit Pte Ltd,West Coast Road to Beach Road,1,13,17049,Blk 601,West Coast Road,103.7645982,1.30470638,One trip at 8am, Adult/Senior Citizen: $3.50 (cash)/$3.10 (card);Child/Student: $2 (card/cash) 
PBS 762,City Transit Pte Ltd,West Coast Road to Beach Road,1,14,17039,Opp Kent Ridge Sec Sch,West Coast Road,103.7660643,1.30153165,One trip at 8am, Adult/Senior Citizen: $3.50 (cash)/$3.10 (card);Child/Student: $2 (card/cash) 
PBS 762,City Transit Pte Ltd,West Coast Road to Beach Road,1,15,17389,Opp West Bay Resort Condominium,West Coast Road,103.7670019,1.29908139,One trip at 8am, Adult/Senior Citizen: $3.50 (cash)/$3.10 (card);Child/Student: $2 (card/cash) 
PBS 762,City Transit Pte Ltd,West Coast Road to Beach Road,1,16,17029,Opp Waseda S Senior High School,West Coast Road,103.767103,1.2969457,One trip at 8am, Adult/Senior Citizen: $3.50 (cash)/$3.10 (card);Child/Student: $2 (card/cash) 
PBS 762,City Transit Pte Ltd,West Coast Road to Beach Road,1,17,17019,Varsity Park,West Coast Road,103.7670518,1.29379748,One trip at 8am, Adult/Senior Citizen: $3.50 (cash)/$3.10 (card);Child/Student: $2 (card/cash) 
PBS 762,City Transit Pte Ltd,West Coast Road to Beach Road,1,18,3222,Hub Synergy Point,Anson Road,103.8448956,1.27397837,One trip at 8am, Adult/Senior Citizen: $3.50 (cash)/$3.10 (card);Child/Student: $2 (card/cash) 
PBS 762,City Transit Pte Ltd,West Coast Road to Beach Road,1,19,3111,Aft Capital Tower,Robinson Road,103.8481012,1.27782595,One trip at 8am, Adult/Senior Citizen: $3.50 (cash)/$3.10 (card);Child/Student: $2 (card/cash) 
PBS 762,City Transit Pte Ltd,West Coast Road to Beach Road,1,20,3071,80 Robinson Rd,Robinson Road,103.8494003,1.2799061,One trip at 8am, Adult/Senior Citizen: $3.50 (cash)/$3.10 (card);Child/Student: $2 (card/cash) 
PBS 762,City Transit Pte Ltd,West Coast Road to Beach Road,1,21,3031,Raffles Place Station Exit F,Robinson Road,103.8508608,1.28207492,One trip at 8am, Adult/Senior Citizen: $3.50 (cash)/$3.10 (card);Child/Student: $2 (card/cash) 
PBS 762,City Transit Pte Ltd,West Coast Road to Beach Road,1,22,-,Along the road outside Clifford Centre,Collyer Quay,103.852694,1.28369,One trip at 8am, Adult/Senior Citizen: $3.50 (cash)/$3.10 (card);Child/Student: $2 (card/cash) 
PBS 762,City Transit Pte Ltd,West Coast Road to Beach Road,1,23,3011,Outside Fullerton Square,Fullerton Road,103.8534222,1.28561841,One trip at 8am, Adult/Senior Citizen: $3.50 (cash)/$3.10 (card);Child/Student: $2 (card/cash) 
PBS 762,City Transit Pte Ltd,West Coast Road to Beach Road,1,24,2151,Suntec Convention Centre,Temasek Boulevard,103.8578462,1.29317776,One trip at 8am, Adult/Senior Citizen: $3.50 (cash)/$3.10 (card);Child/Student: $2 (card/cash) 
PBS 762,City Transit Pte Ltd,West Coast Road to Beach Road,1,25,2141,Outside Suntec Tower Two,Temasek Boulevard,103.8593382,1.29576572,One trip at 8am, Adult/Senior Citizen: $3.50 (cash)/$3.10 (card);Child/Student: $2 (card/cash) 
PBS 762,City Transit Pte Ltd,West Coast Road to Beach Road,1,26,1511,Opp The Gateway,Beach Road,103.8586452,1.29919826,One trip at 8am, Adult/Senior Citizen: $3.50 (cash)/$3.10 (card);Child/Student: $2 (card/cash) 
PBS 767,City Bus Services,Pasir Ris Drive 4 to Beach Road,1,1,78221,Blk 231A CP,Pasir Ris Drive 4,103.9612256,1.37417518,One trip at 7.40am," Card: $3.50 per adult; $2.00 per child/
Cash: $4.00 per adult "
PBS 767,City Bus Services,Pasir Ris Drive 4 to Beach Road,1,2,78209,Blk 242,Pasir Ris Street 21,103.9622142,1.37136503,One trip at 7.40am," Card: $3.50 per adult; $2.00 per child/
Cash: $4.00 per adult "
PBS 767,City Bus Services,Pasir Ris Drive 4 to Beach Road,1,3,78219,Opp Blk 204,Pasir Ris Street 21,103.9632782,1.36725694,One trip at 7.40am," Card: $3.50 per adult; $2.00 per child/
Cash: $4.00 per adult "
PBS 767,City Bus Services,Pasir Ris Drive 4 to Beach Road,1,4,98111,Blk 256/ Opp Loyang Point,Pasir Ris Drive 2,103.9642447,1.36733773,One trip at 7.40am," Card: $3.50 per adult; $2.00 per child/
Cash: $4.00 per adult "
PBS 767,City Bus Services,Pasir Ris Drive 4 to Beach Road,1,5,97109,Aft Jalan Mariam,Old Tampines Road,103.9670262,1.36281876,One trip at 7.40am," Card: $3.50 per adult; $2.00 per child/
Cash: $4.00 per adult "
PBS 767,City Bus Services,Pasir Ris Drive 4 to Beach Road,1,6,98089,Bef Jalan Batalong,Old Tampines Road,103.9641429,1.36163641,One trip at 7.40am," Card: $3.50 per adult; $2.00 per child/
Cash: $4.00 per adult "
PBS 767,City Bus Services,Pasir Ris Drive 4 to Beach Road,1,7,98301,Avila Gardens,Flora Road,103.9648761,1.36001389,One trip at 7.40am," Card: $3.50 per adult; $2.00 per child/
Cash: $4.00 per adult "
PBS 767,City Bus Services,Pasir Ris Drive 4 to Beach Road,1,8,98291,Opp Palm Isles,Flora Drive,103.9651894,1.356979,One trip at 7.40am," Card: $3.50 per adult; $2.00 per child/
Cash: $4.00 per adult "
PBS 767,City Bus Services,Pasir Ris Drive 4 to Beach Road,1,9,3151,Aft Telok Ayer St,Cecil Street,103.8477624,1.27892125,One trip at 7.40am," Card: $3.50 per adult; $2.00 per child/
Cash: $4.00 per adult "
PBS 767,City Bus Services,Pasir Ris Drive 4 to Beach Road,1,10,3021,Prudential Tower,Cecil Street,103.849989,1.28255525,One trip at 7.40am," Card: $3.50 per adult; $2.00 per child/
Cash: $4.00 per adult "
PBS 767,City Bus Services,Pasir Ris Drive 4 to Beach Road,1,11,-, Outside Clifford Centre,Collyer Quay,103.852694,1.28369,One trip at 7.40am," Card: $3.50 per adult; $2.00 per child/
Cash: $4.00 per adult "
PBS 767,City Bus Services,Pasir Ris Drive 4 to Beach Road,1,12,3011,Fullerton Square,Fullerton Road,103.8534222,1.28561841,One trip at 7.40am," Card: $3.50 per adult; $2.00 per child/
Cash: $4.00 per adult "
PBS 767,City Bus Services,Pasir Ris Drive 4 to Beach Road,1,13,2151,Suntec Convention Centre,Temasek Boulevard,103.8578462,1.29317776,One trip at 7.40am," Card: $3.50 per adult; $2.00 per child/
Cash: $4.00 per adult "
PBS 767,City Bus Services,Pasir Ris Drive 4 to Beach Road,1,14,2141,Suntec Tower Two,Temasek Boulevard,103.8593382,1.29576572,One trip at 7.40am," Card: $3.50 per adult; $2.00 per child/
Cash: $4.00 per adult "
PBS 767,City Bus Services,Pasir Ris Drive 4 to Beach Road,1,15,1511,Opp The Gateway,Beach Road,103.8586452,1.29919826,One trip at 7.40am," Card: $3.50 per adult; $2.00 per child/
Cash: $4.00 per adult "
PBS 776,Ren Quan Transport ,Sembawang Road - Changi Business Park,1,1,58059,Opp Blk 592C,Sembawang Road ,103.828663,1.450790077,One trip at 7.30am, $4.50 (card) / $5.50 (cash) 
PBS 776,Ren Quan Transport ,Sembawang Road - Changi Business Park,1,2,58049,Opp Blk 590C,Sembawang Road ,103.8270354,1.449195252,One trip at 7.30am, $4.50 (card) / $5.50 (cash) 
PBS 776,Ren Quan Transport ,Sembawang Road - Changi Business Park,1,3,-,Pick-up/Drop-off point opposite Canberra Station,Canberra Link,103.830351,1.44284,One trip at 7.30am, $4.50 (card) / $5.50 (cash) 
PBS 776,Ren Quan Transport ,Sembawang Road - Changi Business Park,1,4,59529,Opp Yishun Emerald,Yishun Avenue 2 ,103.8318143,1.440350529,One trip at 7.30am, $4.50 (card) / $5.50 (cash) 
PBS 776,Ren Quan Transport ,Sembawang Road - Changi Business Park,1,5,59259,Darul Makmur Mosque,Yishun Avenue 2 ,103.8337979,1.437167834,One trip at 7.30am, $4.50 (card) / $5.50 (cash) 
PBS 776,Ren Quan Transport ,Sembawang Road - Changi Business Park,1,6,59239,Blk 291,Yishun Ring Road,103.8368437,1.43560782,One trip at 7.30am, $4.50 (card) / $5.50 (cash) 
PBS 776,Ren Quan Transport ,Sembawang Road - Changi Business Park,1,7,59249,Blk 257,Yishun Ring Road,103.8394374,1.434360863,One trip at 7.30am, $4.50 (card) / $5.50 (cash) 
PBS 776,Ren Quan Transport ,Sembawang Road - Changi Business Park,1,8,59389,Opp Blk 314,Yishun Ring Road,103.8420825,1.432020719,One trip at 7.30am, $4.50 (card) / $5.50 (cash) 
PBS 776,Ren Quan Transport ,Sembawang Road - Changi Business Park,1,9,59399,Opp Blk 367,Yishun Ring Road,103.8455206,1.430267508,One trip at 7.30am, $4.50 (card) / $5.50 (cash) 
PBS 776,Ren Quan Transport ,Sembawang Road - Changi Business Park,1,10,59409,Evangel Family Church,Yishun Ring Road,103.8464062,1.426638831,One trip at 7.30am, $4.50 (card) / $5.50 (cash) 
PBS 776,Ren Quan Transport ,Sembawang Road - Changi Business Park,1,11,59419,Blk 413,Yishun Ring Road,103.8459803,1.42525968,One trip at 7.30am, $4.50 (card) / $5.50 (cash) 
PBS 776,Ren Quan Transport ,Sembawang Road - Changi Business Park,1,12,59639,Bet Blk 445/449,Yishun Ring Road,103.8441239,1.423181667,One trip at 7.30am, $4.50 (card) / $5.50 (cash) 
PBS 776,Ren Quan Transport ,Sembawang Road - Changi Business Park,1,13,59579,Blk 456,Yishun Ring Road,103.8438985,1.4202643,One trip at 7.30am, $4.50 (card) / $5.50 (cash) 
PBS 776,Ren Quan Transport ,Sembawang Road - Changi Business Park,1,14,59719,Opp Blk 672C,Yishun Ring Road,103.842005,1.417565449,One trip at 7.30am, $4.50 (card) / $5.50 (cash) 
PBS 776,Ren Quan Transport ,Sembawang Road - Changi Business Park,1,15,59449,Opp Naval Base Primary School,Yishun Avenue 4 ,103.8395392,1.415529722,One trip at 7.30am, $4.50 (card) / $5.50 (cash) 
PBS 776,Ren Quan Transport ,Sembawang Road - Changi Business Park,1,16,59731,Blk 512A,Yishun Avenue 1,103.8414952,1.41412923,One trip at 7.30am, $4.50 (card) / $5.50 (cash) 
PBS 776,Ren Quan Transport ,Sembawang Road - Changi Business Park,1,17,59741,Opp Orchid Country Club,Yishun Avenue 1 ,103.8446406,1.415548823,One trip at 7.30am, $4.50 (card) / $5.50 (cash) 
PBS 776,Ren Quan Transport ,Sembawang Road - Changi Business Park,1,18,59751,Opp The Shaughnessy,Yishun Avenue 1 ,103.845908,1.417255357,One trip at 7.30am, $4.50 (card) / $5.50 (cash) 
PBS 776,Ren Quan Transport ,Sembawang Road - Changi Business Park,1,19,59471,Blk 430B,Yishun Avenue 1 ,103.8490197,1.42111543,One trip at 7.30am, $4.50 (card) / $5.50 (cash) 
PBS 776,Ren Quan Transport ,Sembawang Road - Changi Business Park,1,20,59781,Aft Yishun Avenue 6,Yishun Avenue 1 ,103.8512581,1.42321686,One trip at 7.30am, $4.50 (card) / $5.50 (cash) 
PBS 776,Ren Quan Transport ,Sembawang Road - Changi Business Park,1,21,59771,Blk 469B,Yishun Avenue 1 ,103.852066,1.423939,One trip at 7.30am, $4.50 (card) / $5.50 (cash) 
PBS 776,Ren Quan Transport ,Sembawang Road - Changi Business Park,1,22,59791,Blk 471A,Yishun Avenue 1 ,103.853576,1.425903,One trip at 7.30am, $4.50 (card) / $5.50 (cash) 
PBS 776,Ren Quan Transport ,Sembawang Road - Changi Business Park,1,23,96049,Upper Changi Station/Singapore University of Technology and Design,Upper Changi Road East ,103.9612789,1.340414503,One trip at 7.30am, $4.50 (card) / $5.50 (cash) 
PBS 776,Ren Quan Transport ,Sembawang Road - Changi Business Park,1,24,-,Outside Eightrium @ Changi Business Park,Changi South Avenue 1,103.9638595,1.3376443,One trip at 7.30am, $4.50 (card) / $5.50 (cash) 
PBS 776,Ren Quan Transport ,Sembawang Road - Changi Business Park,1,25,-,Outside The IBM Place,Changi Business Park Avenue 1,103.9638594,1.3360398,One trip at 7.30am, $4.50 (card) / $5.50 (cash) 
PBS 776,Ren Quan Transport ,Sembawang Road - Changi Business Park,1,26,96401,Honeywell Building,Changi Business Park Central 1 ,103.965988,1.403060915,One trip at 7.30am, $4.50 (card) / $5.50 (cash) 
PBS 776,Ren Quan Transport ,Sembawang Road - Changi Business Park,1,27,96361,Aft Akzonobel,Changi Business Park Central 2,103.966437,1.336491101,One trip at 7.30am, $4.50 (card) / $5.50 (cash) 
PBS 776,Ren Quan Transport ,Sembawang Road - Changi Business Park,1,28,96321,DBS Asia Hub,Changi South Avenue 2 ,103.9653246,1.332082717,One trip at 7.30am, $4.50 (card) / $5.50 (cash) 
LCS1 (Tampines) ,SBS Transit Ltd,Tampines Avenue 9 - Airline Road,1,1,75279,Opp Blk 721,Tampines Ave 9,103.936204,1.36047494,Two trips at 7.00am and 7.30am, $3.20 (card) 
LCS1 (Tampines) ,SBS Transit Ltd,Tampines Avenue 9 - Airline Road,1,2,75269,Opp Blks 710/713,Tampines Ave 6,103.9381422,1.35917286,Two trips at 7.00am and 7.30am, $3.20 (card) 
LCS1 (Tampines) ,SBS Transit Ltd,Tampines Avenue 9 - Airline Road,1,3,75139,Blk 863,Tampines Ave 5,103.936125,1.35563964,Two trips at 7.00am and 7.30am, $3.20 (card) 
LCS1 (Tampines) ,SBS Transit Ltd,Tampines Avenue 9 - Airline Road,1,4,75149,Blk 867A,Tampines Ave 5,103.9336639,1.35597194,Two trips at 7.00am and 7.30am, $3.20 (card) 
LCS1 (Tampines) ,SBS Transit Ltd,Tampines Avenue 9 - Airline Road,1,5,75159,Blk 874,Tampines Ave 8,103.9314664,1.35405115,Two trips at 7.00am and 7.30am, $3.20 (card) 
LCS1 (Tampines) ,SBS Transit Ltd,Tampines Avenue 9 - Airline Road,1,6,75101,Blk 880,Tampines Ave 3,103.9315015,1.35109968,Two trips at 7.00am and 7.30am, $3.20 (card) 
LCS1 (Tampines) ,SBS Transit Ltd,Tampines Avenue 9 - Airline Road,1,7,75081,Blk 831,Tampines Ave 3,103.9342674,1.34986942,Two trips at 7.00am and 7.30am, $3.20 (card) 
LCS1 (Tampines) ,SBS Transit Ltd,Tampines Avenue 9 - Airline Road,1,8,75071,Opp Blk 819,Tampines Ave 3,103.9365425,1.34893303,Two trips at 7.00am and 7.30am, $3.20 (card) 
LCS1 (Tampines) ,SBS Transit Ltd,Tampines Avenue 9 - Airline Road,1,9,76281,East View Primary School,Tampines Ave 4,103.9384863,1.34758374,Two trips at 7.00am and 7.30am, $3.20 (card) 
LCS1 (Tampines) ,SBS Transit Ltd,Tampines Avenue 9 - Airline Road,1,10,75051,Tampines West Station Exit B,Tampines Ave 1,103.9400815,1.34503394,Two trips at 7.00am and 7.30am, $3.20 (card) 
LCS1 (Tampines) ,SBS Transit Ltd,Tampines Avenue 9 - Airline Road,1,11,98121,Krislite Building,Loyang Way,103.970232,1.37205479,Two trips at 7.00am and 7.30am, $3.20 (card) 
LCS1 (Tampines) ,SBS Transit Ltd,Tampines Avenue 9 - Airline Road,1,12,98131,Bef Loyang Way 1,Loyang Way,103.9722588,1.37411403,Two trips at 7.00am and 7.30am, $3.20 (card) 
LCS1 (Tampines) ,SBS Transit Ltd,Tampines Avenue 9 - Airline Road,1,13,98061,Opp Engine Test Facility,Loyang Ave,103.9771662,1.3765281,Two trips at 7.00am and 7.30am, $3.20 (card) 
LCS1 (Tampines) ,SBS Transit Ltd,Tampines Avenue 9 - Airline Road,1,14,98071,Loyang Way 4/Soxal,Loyang Ave,103.9783893,1.37965444,Two trips at 7.00am and 7.30am, $3.20 (card) 
LCS1 (Tampines) ,SBS Transit Ltd,Tampines Avenue 9 - Airline Road,1,15,99181,Bef Singapore Aviation Academy,Telok Paku Rd,103.9885031,1.38775413,Two trips at 7.00am and 7.30am, $3.20 (card) 
LCS1 (Tampines) ,SBS Transit Ltd,Tampines Avenue 9 - Airline Road,1,16,95171,Prologis,Alps Ave,104.0020734,1.37462795,Two trips at 7.00am and 7.30am, $3.20 (card) 
LCS1 (Tampines) ,SBS Transit Ltd,Tampines Avenue 9 - Airline Road,1,17,95181,Menlo Worldwide,Alps Ave,104.0018984,1.37700619,Two trips at 7.00am and 7.30am, $3.20 (card) 
LCS1 (Tampines) ,SBS Transit Ltd,Tampines Avenue 9 - Airline Road,1,18,95191,Opp DB Schenker,Alps Ave,104.0009264,1.38009119,Two trips at 7.00am and 7.30am, $3.20 (card) 
LCS1 (Tampines) ,SBS Transit Ltd,Tampines Avenue 9 - Airline Road,1,19,95141,Aft Cargo Building D,Airline Rd,103.9981914,1.38138618,Two trips at 7.00am and 7.30am, $3.20 (card) 
LCS1 (Tampines) ,SBS Transit Ltd,Tampines Avenue 9 - Airline Road,1,20,95061,SIA Hanger,Airline Rd,103.996539,1.37755167,Two trips at 7.00am and 7.30am, $3.20 (card) 
LCS1 (Tampines) ,SBS Transit Ltd,Tampines Avenue 9 - Airline Road,1,21,95051,3rd Cargo Agents,Airline Rd,103.9961958,1.37528324,Two trips at 7.00am and 7.30am, $3.20 (card) 
LCS1 (Tampines) ,SBS Transit Ltd,Tampines Avenue 9 - Airline Road,1,22,95041,CIAS Cargo Terminal,Airport Cargo Rd,103.9957004,1.37265452,Two trips at 7.00am and 7.30am, $3.20 (card) 
LCS1 (Tampines) ,SBS Transit Ltd,Tampines Avenue 9 - Airline Road,1,23,95039,Airfreight Terminal Building,Airport Cargo Rd,103.9945788,1.37218944,Two trips at 7.00am and 7.30am, $3.20 (card) 
LCS1 (Tampines) ,SBS Transit Ltd,Tampines Avenue 9 - Airline Road,1,24,95049,SATS Cargo Terminal,Airport Cargo Rd,103.9944342,1.37359444,Two trips at 7.00am and 7.30am, $3.20 (card) 
LCS1 (Tampines) ,SBS Transit Ltd,Tampines Avenue 9 - Airline Road,1,25,95069,Opp SIA Hanger,Airline Rd,103.9964316,1.37789848,Two trips at 7.00am and 7.30am, $3.20 (card) 
LCS1 (Tampines) ,SBS Transit Ltd,Tampines Avenue 9 - Airline Road,1,26,95149,Bef Cargo Building D,Airline Rd,103.9978568,1.38128155,Two trips at 7.00am and 7.30am, $3.20 (card) 
LCS1 (Tampines) ,SBS Transit Ltd,Tampines Avenue 9 - Airline Road,2,1,95141,Aft Cargo Building D,Airline Rd,103.9981914,1.38138618,Two trips at 5.45pm and 6.15pm, $3.20 (card) 
LCS1 (Tampines) ,SBS Transit Ltd,Tampines Avenue 9 - Airline Road,2,2,95061,SIA Hanger,Airline Rd,103.996539,1.37755167,Two trips at 5.45pm and 6.15pm, $3.20 (card) 
LCS1 (Tampines) ,SBS Transit Ltd,Tampines Avenue 9 - Airline Road,2,3,95051,3rd Cargo Agents,Airline Rd,103.9961958,1.37528324,Two trips at 5.45pm and 6.15pm, $3.20 (card) 
LCS1 (Tampines) ,SBS Transit Ltd,Tampines Avenue 9 - Airline Road,2,4,95041,CIAS Cargo Terminal,Airport Cargo Rd,103.9957004,1.37265452,Two trips at 5.45pm and 6.15pm, $3.20 (card) 
LCS1 (Tampines) ,SBS Transit Ltd,Tampines Avenue 9 - Airline Road,2,5,95039,Airfreight Terminal Building,Airport Cargo Rd,103.9945788,1.37218944,Two trips at 5.45pm and 6.15pm, $3.20 (card) 
LCS1 (Tampines) ,SBS Transit Ltd,Tampines Avenue 9 - Airline Road,2,6,95049,SATS Cargo Terminal,Airport Cargo Rd,103.9944342,1.37359444,Two trips at 5.45pm and 6.15pm, $3.20 (card) 
LCS1 (Tampines) ,SBS Transit Ltd,Tampines Avenue 9 - Airline Road,2,7,95069,Opp SIA Hanger,Airline Rd,103.9964316,1.37789848,Two trips at 5.45pm and 6.15pm, $3.20 (card) 
LCS1 (Tampines) ,SBS Transit Ltd,Tampines Avenue 9 - Airline Road,2,8,95149,Bef Cargo Building D,Airline Rd,103.9978568,1.38128155,Two trips at 5.45pm and 6.15pm, $3.20 (card) 
LCS1 (Tampines) ,SBS Transit Ltd,Tampines Avenue 9 - Airline Road,2,9,95189,Expeditors,Alps Ave,104.0014725,1.37874471,Two trips at 5.45pm and 6.15pm, $3.20 (card) 
LCS1 (Tampines) ,SBS Transit Ltd,Tampines Avenue 9 - Airline Road,2,10,95179,DHL,Alps Ave,104.0022164,1.37635787,Two trips at 5.45pm and 6.15pm, $3.20 (card) 
LCS1 (Tampines) ,SBS Transit Ltd,Tampines Avenue 9 - Airline Road,2,11,99189,Singapore Aviation Academy,Telok Paku Rd,103.9897164,1.38841417,Two trips at 5.45pm and 6.15pm, $3.20 (card) 
LCS1 (Tampines) ,SBS Transit Ltd,Tampines Avenue 9 - Airline Road,2,12,98079,Opp Loyang Way 4/Soxal,Loyang Ave,103.9787007,1.37859017,Two trips at 5.45pm and 6.15pm, $3.20 (card) 
LCS1 (Tampines) ,SBS Transit Ltd,Tampines Avenue 9 - Airline Road,2,13,98069,Aft Engine Test Facility,Loyang Ave,103.9767787,1.37571022,Two trips at 5.45pm and 6.15pm, $3.20 (card) 
LCS1 (Tampines) ,SBS Transit Ltd,Tampines Avenue 9 - Airline Road,2,14,98139,Aft Loyang Way 1,Loyang Way,103.9723601,1.37394092,Two trips at 5.45pm and 6.15pm, $3.20 (card) 
LCS1 (Tampines) ,SBS Transit Ltd,Tampines Avenue 9 - Airline Road,2,15,98129,Opp Krislite Building,Loyang Way,103.970533,1.37213167,Two trips at 5.45pm and 6.15pm, $3.20 (card) 
LCS1 (Tampines) ,SBS Transit Ltd,Tampines Avenue 9 - Airline Road,2,16,75059,Bef Tampines West Station,Tampines Ave 1,103.9402169,1.34471169,Two trips at 5.45pm and 6.15pm, $3.20 (card) 
LCS1 (Tampines) ,SBS Transit Ltd,Tampines Avenue 9 - Airline Road,2,17,76289,Blk 801,Tampines Ave 4,103.9381457,1.34738728,Two trips at 5.45pm and 6.15pm, $3.20 (card) 
LCS1 (Tampines) ,SBS Transit Ltd,Tampines Avenue 9 - Airline Road,2,18,75079,Blk 819,Tampines Ave 3,103.9370122,1.34858249,Two trips at 5.45pm and 6.15pm, $3.20 (card) 
LCS1 (Tampines) ,SBS Transit Ltd,Tampines Avenue 9 - Airline Road,2,19,75089,Blk 827,Tampines Ave 3,103.9340473,1.34977146,Two trips at 5.45pm and 6.15pm, $3.20 (card) 
LCS1 (Tampines) ,SBS Transit Ltd,Tampines Avenue 9 - Airline Road,2,20,75109,Blk 888,Tampines Ave 3,103.9310242,1.3511514,Two trips at 5.45pm and 6.15pm, $3.20 (card) 
LCS1 (Tampines) ,SBS Transit Ltd,Tampines Avenue 9 - Airline Road,2,21,75151,Opp Blk 871A,Tampines Ave 8,103.9314521,1.35451781,Two trips at 5.45pm and 6.15pm, $3.20 (card) 
LCS1 (Tampines) ,SBS Transit Ltd,Tampines Avenue 9 - Airline Road,2,22,75141,Blk 730,Tampines Ave 5,103.9337789,1.35625,Two trips at 5.45pm and 6.15pm, $3.20 (card) 
LCS1 (Tampines) ,SBS Transit Ltd,Tampines Avenue 9 - Airline Road,2,23,75131,Bet Blks 701/702,Tampines Ave 5,103.9370965,1.35594818,Two trips at 5.45pm and 6.15pm, $3.20 (card) 
LCS1 (Tampines) ,SBS Transit Ltd,Tampines Avenue 9 - Airline Road,2,24,75261,Bet Blks 710/713,Tampines Ave 6,103.9379678,1.35801998,Two trips at 5.45pm and 6.15pm, $3.20 (card) 
LCS1 (Tampines) ,SBS Transit Ltd,Tampines Avenue 9 - Airline Road,2,25,75271,Blk 721,Tampines Ave 9,103.936015,1.36024833,Two trips at 5.45pm and 6.15pm, $3.20 (card) 
LCS2 (Punggol) ,SBS Transit Ltd,Punggol Way - Airline Road,1,1,65611,Nibong Stn Exit B,Punggol Way,103.9003026,1.41138059,Two trips at 7.00am and 7.30am, $3.20 (card) 
LCS2 (Punggol) ,SBS Transit Ltd,Punggol Way - Airline Road,1,2,65601,Sumang Station Exit B,Punggol Ctrl,103.89849,1.40769806,Two trips at 7.00am and 7.30am, $3.20 (card) 
LCS2 (Punggol) ,SBS Transit Ltd,Punggol Way - Airline Road,1,3,65141,Aft Soo Teck Station,Punggol Way,103.8971639,1.40454806,Two trips at 7.00am and 7.30am, $3.20 (card) 
LCS2 (Punggol) ,SBS Transit Ltd,Punggol Way - Airline Road,1,4,65339,Blk 268C,Punggol Field,103.8980439,1.40313307,Two trips at 7.00am and 7.30am, $3.20 (card) 
LCS2 (Punggol) ,SBS Transit Ltd,Punggol Way - Airline Road,1,5,65251,Punggol Station/Waterway Point,Punggol Ctrl,103.9029962,1.40502619,Two trips at 7.00am and 7.30am, $3.20 (card) 
LCS2 (Punggol) ,SBS Transit Ltd,Punggol Way - Airline Road,1,6,65221,Blk 303D,Punggol Ctrl,103.9048076,1.40402843,Two trips at 7.00am and 7.30am, $3.20 (card) 
LCS2 (Punggol) ,SBS Transit Ltd,Punggol Way - Airline Road,1,7,65281,Punggol Sec/Blk 601B,Punggol Ctrl,103.9078331,1.40201165,Two trips at 7.00am and 7.30am, $3.20 (card) 
LCS2 (Punggol) ,SBS Transit Ltd,Punggol Way - Airline Road,1,8,65271,Opp Blk 188,Punggol Ctrl,103.910274,1.400166,Two trips at 7.00am and 7.30am, $3.20 (card) 
LCS2 (Punggol) ,SBS Transit Ltd,Punggol Way - Airline Road,1,9,65261,Blk 649,Punggol Ctrl,103.9147884,1.39695155,Two trips at 7.00am and 7.30am, $3.20 (card) 
LCS2 (Punggol) ,SBS Transit Ltd,Punggol Way - Airline Road,1,10,98121,Krislite Building,Loyang Way,103.970232,1.37205479,Two trips at 7.00am and 7.30am, $3.20 (card) 
LCS2 (Punggol) ,SBS Transit Ltd,Punggol Way - Airline Road,1,11,98131,Bef Loyang Way 1,Loyang Way,103.9722588,1.37411403,Two trips at 7.00am and 7.30am, $3.20 (card) 
LCS2 (Punggol) ,SBS Transit Ltd,Punggol Way - Airline Road,1,12,98061,Opp Engine Test Facility,Loyang Ave,103.9771662,1.3765281,Two trips at 7.00am and 7.30am, $3.20 (card) 
LCS2 (Punggol) ,SBS Transit Ltd,Punggol Way - Airline Road,1,13,98071,Loyang Way 4/Soxal,Loyang Ave,103.9783893,1.37965444,Two trips at 7.00am and 7.30am, $3.20 (card) 
LCS2 (Punggol) ,SBS Transit Ltd,Punggol Way - Airline Road,1,14,99181,Bef Singapore Aviation Academy,Telok Paku Rd,103.9885031,1.38775413,Two trips at 7.00am and 7.30am, $3.20 (card) 
LCS2 (Punggol) ,SBS Transit Ltd,Punggol Way - Airline Road,1,15,95171,Prologis,Alps Ave,104.0020734,1.37462795,Two trips at 7.00am and 7.30am, $3.20 (card) 
LCS2 (Punggol) ,SBS Transit Ltd,Punggol Way - Airline Road,1,16,95181,Menlo Worldwide,Alps Ave,104.0018984,1.37700619,Two trips at 7.00am and 7.30am, $3.20 (card) 
LCS2 (Punggol) ,SBS Transit Ltd,Punggol Way - Airline Road,1,17,95191,Opp DB Schenker,Alps Ave,104.0009264,1.38009119,Two trips at 7.00am and 7.30am, $3.20 (card) 
LCS2 (Punggol) ,SBS Transit Ltd,Punggol Way - Airline Road,1,18,95141,Aft Cargo Building D,Airline Rd,103.9981914,1.38138618,Two trips at 7.00am and 7.30am, $3.20 (card) 
LCS2 (Punggol) ,SBS Transit Ltd,Punggol Way - Airline Road,1,19,95061,SIA Hanger,Airline Rd,103.996539,1.37755167,Two trips at 7.00am and 7.30am, $3.20 (card) 
LCS2 (Punggol) ,SBS Transit Ltd,Punggol Way - Airline Road,1,20,95051,3rd Cargo Agents,Airline Rd,103.9961958,1.37528324,Two trips at 7.00am and 7.30am, $3.20 (card) 
LCS2 (Punggol) ,SBS Transit Ltd,Punggol Way - Airline Road,1,21,95041,CIAS Cargo Terminal,Airport Cargo Rd,103.9957004,1.37265452,Two trips at 7.00am and 7.30am, $3.20 (card) 
LCS2 (Punggol) ,SBS Transit Ltd,Punggol Way - Airline Road,1,22,95039,Airfreight Ter Building,Airport Cargo Rd,103.9945788,1.37218944,Two trips at 7.00am and 7.30am, $3.20 (card) 
LCS2 (Punggol) ,SBS Transit Ltd,Punggol Way - Airline Road,1,23,95049,SATS Cargo Terminal,Airport Cargo Rd,103.9944342,1.37359444,Two trips at 7.00am and 7.30am, $3.20 (card) 
LCS2 (Punggol) ,SBS Transit Ltd,Punggol Way - Airline Road,1,24,95069,Opp SIA Hanger,Airline Rd,103.9964316,1.37789848,Two trips at 7.00am and 7.30am, $3.20 (card) 
LCS2 (Punggol) ,SBS Transit Ltd,Punggol Way - Airline Road,1,25,95149,Bef Cargo Building D,Airline Rd,103.9978568,1.38128155,Two trips at 7.00am and 7.30am, $3.20 (card) 
LCS2 (Punggol) ,SBS Transit Ltd,Punggol Way - Airline Road,2,1,95141,Aft Cargo Building D,Airline Rd,103.9981914,1.38138618,Two trips at 5.45pm and 6.15pm, $3.20 (card) 
LCS2 (Punggol) ,SBS Transit Ltd,Punggol Way - Airline Road,2,2,95061,SIA Hanger,Airline Rd,103.996539,1.37755167,Two trips at 5.45pm and 6.15pm, $3.20 (card) 
LCS2 (Punggol) ,SBS Transit Ltd,Punggol Way - Airline Road,2,3,95051,3rd Cargo Agents,Airline Rd,103.9961958,1.37528324,Two trips at 5.45pm and 6.15pm, $3.20 (card) 
LCS2 (Punggol) ,SBS Transit Ltd,Punggol Way - Airline Road,2,4,95041,CIAS Cargo Terminal,Airport Cargo Rd,103.9957004,1.37265452,Two trips at 5.45pm and 6.15pm, $3.20 (card) 
LCS2 (Punggol) ,SBS Transit Ltd,Punggol Way - Airline Road,2,5,95039,Airfreight Terminal Building,Airport Cargo Rd,103.9945788,1.37218944,Two trips at 5.45pm and 6.15pm, $3.20 (card) 
LCS2 (Punggol) ,SBS Transit Ltd,Punggol Way - Airline Road,2,6,95049,SATS Cargo Terminal,Airport Cargo Rd,103.9944342,1.37359444,Two trips at 5.45pm and 6.15pm, $3.20 (card) 
LCS2 (Punggol) ,SBS Transit Ltd,Punggol Way - Airline Road,2,7,95069,Opp SIA Hanger,Airline Rd,103.9964316,1.37789848,Two trips at 5.45pm and 6.15pm, $3.20 (card) 
LCS2 (Punggol) ,SBS Transit Ltd,Punggol Way - Airline Road,2,8,95149,Bef Cargo Building D,Airline Rd,103.9978568,1.38128155,Two trips at 5.45pm and 6.15pm, $3.20 (card) 
LCS2 (Punggol) ,SBS Transit Ltd,Punggol Way - Airline Road,2,9,95189,Expeditors,Alps Ave,104.0014725,1.37874471,Two trips at 5.45pm and 6.15pm, $3.20 (card) 
LCS2 (Punggol) ,SBS Transit Ltd,Punggol Way - Airline Road,2,10,95179,DHL,Alps Ave,104.0022164,1.37635787,Two trips at 5.45pm and 6.15pm, $3.20 (card) 
LCS2 (Punggol) ,SBS Transit Ltd,Punggol Way - Airline Road,2,11,99189,Singapore Aviation Academy,Telok Paku Rd,103.9897164,1.38841417,Two trips at 5.45pm and 6.15pm, $3.20 (card) 
LCS2 (Punggol) ,SBS Transit Ltd,Punggol Way - Airline Road,2,12,98079,Opp Loyang Way 4/Soxal,Loyang Ave,103.9787007,1.37859017,Two trips at 5.45pm and 6.15pm, $3.20 (card) 
LCS2 (Punggol) ,SBS Transit Ltd,Punggol Way - Airline Road,2,13,98069,Aft Engine Test Facility,Loyang Ave,103.9767787,1.37571022,Two trips at 5.45pm and 6.15pm, $3.20 (card) 
LCS2 (Punggol) ,SBS Transit Ltd,Punggol Way - Airline Road,2,14,98139,Aft Loyang Way 1,Loyang Way,103.9723601,1.37394092,Two trips at 5.45pm and 6.15pm, $3.20 (card) 
LCS2 (Punggol) ,SBS Transit Ltd,Punggol Way - Airline Road,2,15,98129,Opp Krislite Building,Loyang Way,103.970533,1.37213167,Two trips at 5.45pm and 6.15pm, $3.20 (card) 
LCS2 (Punggol) ,SBS Transit Ltd,Punggol Way - Airline Road,2,16,65269,Blk 162B,Punggol Ctrl,103.9146722,1.39671015,Two trips at 5.45pm and 6.15pm, $3.20 (card) 
LCS2 (Punggol) ,SBS Transit Ltd,Punggol Way - Airline Road,2,17,65279,Bet Blks 187/188,Punggol Ctrl,103.9110341,1.39929726,Two trips at 5.45pm and 6.15pm, $3.20 (card) 
LCS2 (Punggol) ,SBS Transit Ltd,Punggol Way - Airline Road,2,18,65289,Opp Punggol Sec/Blk 195E,Punggol Ctrl,103.9076298,1.40173746,Two trips at 5.45pm and 6.15pm, $3.20 (card) 
LCS2 (Punggol) ,SBS Transit Ltd,Punggol Way - Airline Road,2,19,65229,Blk 298,Punggol Ctrl,103.9055693,1.40320219,Two trips at 5.45pm and 6.15pm, $3.20 (card) 
LCS2 (Punggol) ,SBS Transit Ltd,Punggol Way - Airline Road,2,20,65259,Punggol Station/Interchange,Punggol Ctrl,103.9018719,1.40535194,Two trips at 5.45pm and 6.15pm, $3.20 (card) 
LCS2 (Punggol) ,SBS Transit Ltd,Punggol Way - Airline Road,2,21,65331,Opp Blk 268D,Punggol Field,103.8985181,1.402865,Two trips at 5.45pm and 6.15pm, $3.20 (card) 
LCS2 (Punggol) ,SBS Transit Ltd,Punggol Way - Airline Road,2,22,65149,Bef Soo Teck Station,Punggol Way,103.8969248,1.40444047,Two trips at 5.45pm and 6.15pm, $3.20 (card) 
LCS2 (Punggol) ,SBS Transit Ltd,Punggol Way - Airline Road,2,23,65609,Sumang Station Exit A,Punggol Ctrl,103.8981261,1.40774611,Two trips at 5.45pm and 6.15pm, $3.20 (card) 
LCS2 (Punggol) ,SBS Transit Ltd,Punggol Way - Airline Road,2,24,65619,Nibong Station Exit A,Punggol Way,103.9000028,1.41153764,Two trips at 5.45pm and 6.15pm, $3.20 (card) 
PBS TM3,Dynacle Connections Pte Ltd,Tampines Avenue 2 to Jalan Bukit Merah,1,1,76071,Blk 141,Tampines Avenue 2,103.9451781,1.34802639,One trip at 7.16am,"PRE-BOOKING REQUIRED
$7.50 per trip (via operator's app/website)
Bulk options available
10 trips: $66 ($6.60/trip)
20 trips: $124 ($6.20/trip)
For booking details and further information, please contact the operator directly."
PBS TM3,Dynacle Connections Pte Ltd,Tampines Avenue 2 to Jalan Bukit Merah,1,2,76081,Opp The Holy Trinity Ch,Tampines Avenue 2,103.9493231,1.34950194,One trip at 7.16am,"PRE-BOOKING REQUIRED
$7.50 per trip (via operator's app/website)
Bulk options available
10 trips: $66 ($6.60/trip)
20 trips: $124 ($6.20/trip)
For booking details and further information, please contact the operator directly."
PBS TM3,Dynacle Connections Pte Ltd,Tampines Avenue 2 to Jalan Bukit Merah,1,3,76091,Blk 206,Tampines Avenue 2,103.9527517,1.35071636,One trip at 7.16am,"PRE-BOOKING REQUIRED
$7.50 per trip (via operator's app/website)
Bulk options available
10 trips: $66 ($6.60/trip)
20 trips: $124 ($6.20/trip)
For booking details and further information, please contact the operator directly."
PBS TM3,Dynacle Connections Pte Ltd,Tampines Avenue 2 to Jalan Bukit Merah,1,4,76311,Blk 460,Tampines Avenue 9,103.9553566,1.35791502,One trip at 7.16am,"PRE-BOOKING REQUIRED
$7.50 per trip (via operator's app/website)
Bulk options available
10 trips: $66 ($6.60/trip)
20 trips: $124 ($6.20/trip)
For booking details and further information, please contact the operator directly."
PBS TM3,Dynacle Connections Pte Ltd,Tampines Avenue 2 to Jalan Bukit Merah,1,5,76341,Blk 464,Tampines Avenue 9,103.9553501,1.35976305,One trip at 7.16am,"PRE-BOOKING REQUIRED
$7.50 per trip (via operator's app/website)
Bulk options available
10 trips: $66 ($6.60/trip)
20 trips: $124 ($6.20/trip)
For booking details and further information, please contact the operator directly."
PBS TM3,Dynacle Connections Pte Ltd,Tampines Avenue 2 to Jalan Bukit Merah,1,6,76351,Blk 484,Tampines Avenue 9,103.9530913,1.36213822,One trip at 7.16am,"PRE-BOOKING REQUIRED
$7.50 per trip (via operator's app/website)
Bulk options available
10 trips: $66 ($6.60/trip)
20 trips: $124 ($6.20/trip)
For booking details and further information, please contact the operator directly."
PBS TM3,Dynacle Connections Pte Ltd,Tampines Avenue 2 to Jalan Bukit Merah,1,7,76361,Blk 430,Tampines Avenue 9,103.9503227,1.36002525,One trip at 7.16am,"PRE-BOOKING REQUIRED
$7.50 per trip (via operator's app/website)
Bulk options available
10 trips: $66 ($6.60/trip)
20 trips: $124 ($6.20/trip)
For booking details and further information, please contact the operator directly."
PBS TM3,Dynacle Connections Pte Ltd,Tampines Avenue 2 to Jalan Bukit Merah,1,8,76541,Citylife@ Tampines,Tampines Avenue 9,103.940633,1.360247,One trip at 7.16am,"PRE-BOOKING REQUIRED
$7.50 per trip (via operator's app/website)
Bulk options available
10 trips: $66 ($6.60/trip)
20 trips: $124 ($6.20/trip)
For booking details and further information, please contact the operator directly."
PBS TM3,Dynacle Connections Pte Ltd,Tampines Avenue 2 to Jalan Bukit Merah,1,9,75271,Blk 721,Tampines Avenue 9,103.936015,1.36024833,One trip at 7.16am,"PRE-BOOKING REQUIRED
$7.50 per trip (via operator's app/website)
Bulk options available
10 trips: $66 ($6.60/trip)
20 trips: $124 ($6.20/trip)
For booking details and further information, please contact the operator directly."
PBS TM3,Dynacle Connections Pte Ltd,Tampines Avenue 2 to Jalan Bukit Merah,1,10,75339,Blk 734,Tampines Street 71,103.9341521,1.3584631,One trip at 7.16am,"PRE-BOOKING REQUIRED
$7.50 per trip (via operator's app/website)
Bulk options available
10 trips: $66 ($6.60/trip)
20 trips: $124 ($6.20/trip)
For booking details and further information, please contact the operator directly."
PBS TM3,Dynacle Connections Pte Ltd,Tampines Avenue 2 to Jalan Bukit Merah,1,11,75141,Blk 730,Tampines Avenue 5,103.9337789,1.35625,One trip at 7.16am,"PRE-BOOKING REQUIRED
$7.50 per trip (via operator's app/website)
Bulk options available
10 trips: $66 ($6.60/trip)
20 trips: $124 ($6.20/trip)
For booking details and further information, please contact the operator directly."
PBS TM3,Dynacle Connections Pte Ltd,Tampines Avenue 2 to Jalan Bukit Merah,1,12,75161,Blk 855,Tampines Street 83,103.9345607,1.35324997,One trip at 7.16am,"PRE-BOOKING REQUIRED
$7.50 per trip (via operator's app/website)
Bulk options available
10 trips: $66 ($6.60/trip)
20 trips: $124 ($6.20/trip)
For booking details and further information, please contact the operator directly."
PBS TM3,Dynacle Connections Pte Ltd,Tampines Avenue 2 to Jalan Bukit Merah,1,13,75201,Blk 835,Tampines Street 83,103.9335338,1.35078501,One trip at 7.16am,"PRE-BOOKING REQUIRED
$7.50 per trip (via operator's app/website)
Bulk options available
10 trips: $66 ($6.60/trip)
20 trips: $124 ($6.20/trip)
For booking details and further information, please contact the operator directly."
PBS TM3,Dynacle Connections Pte Ltd,Tampines Avenue 2 to Jalan Bukit Merah,1,14,75109,Blk 888,Tampines Avenue 3,103.9310242,1.3511514,One trip at 7.16am,"PRE-BOOKING REQUIRED
$7.50 per trip (via operator's app/website)
Bulk options available
10 trips: $66 ($6.60/trip)
20 trips: $124 ($6.20/trip)
For booking details and further information, please contact the operator directly."
PBS TM3,Dynacle Connections Pte Ltd,Tampines Avenue 2 to Jalan Bukit Merah,1,15,75039,Springfield Sec Sch,Tampines Avenue 8,103.9295682,1.35065772,One trip at 7.16am,"PRE-BOOKING REQUIRED
$7.50 per trip (via operator's app/website)
Bulk options available
10 trips: $66 ($6.60/trip)
20 trips: $124 ($6.20/trip)
For booking details and further information, please contact the operator directly."
PBS TM3,Dynacle Connections Pte Ltd,Tampines Avenue 2 to Jalan Bukit Merah,1,16,75259,Tropica Condo,Tampines Avenue 1,103.9279803,1.34913806,One trip at 7.16am,"PRE-BOOKING REQUIRED
$7.50 per trip (via operator's app/website)
Bulk options available
10 trips: $66 ($6.60/trip)
20 trips: $124 ($6.20/trip)
For booking details and further information, please contact the operator directly."
PBS TM3,Dynacle Connections Pte Ltd,Tampines Avenue 2 to Jalan Bukit Merah,1,17,14121,Opp HarbourFront Int,Telok Blangah Road,103.8192566,1.2659135,One trip at 7.16am,"PRE-BOOKING REQUIRED
$7.50 per trip (via operator's app/website)
Bulk options available
10 trips: $66 ($6.60/trip)
20 trips: $124 ($6.20/trip)
For booking details and further information, please contact the operator directly."
PBS TM3,Dynacle Connections Pte Ltd,Tampines Avenue 2 to Jalan Bukit Merah,1,18,-,Mapletree Business City Coach Bay,Alexandra Terrace,103.799024,1.274193,One trip at 7.16am,"PRE-BOOKING REQUIRED
$7.50 per trip (via operator's app/website)
Bulk options available
10 trips: $66 ($6.60/trip)
20 trips: $124 ($6.20/trip)
For booking details and further information, please contact the operator directly."
PBS TM3,Dynacle Connections Pte Ltd,Tampines Avenue 2 to Jalan Bukit Merah,1,19,15149,Opp Labrador Pk Stn,Pasir Panjang Road,103.8005555,1.27341872,One trip at 7.16am,"PRE-BOOKING REQUIRED
$7.50 per trip (via operator's app/website)
Bulk options available
10 trips: $66 ($6.60/trip)
20 trips: $124 ($6.20/trip)
For booking details and further information, please contact the operator directly."
PBS TM3,Dynacle Connections Pte Ltd,Tampines Avenue 2 to Jalan Bukit Merah,1,20,15041,Alexndra Retail Ctr,Alexandra Road,103.801892,1.274632,One trip at 7.16am,"PRE-BOOKING REQUIRED
$7.50 per trip (via operator's app/website)
Bulk options available
10 trips: $66 ($6.60/trip)
20 trips: $124 ($6.20/trip)
For booking details and further information, please contact the operator directly."
PBS TM3,Dynacle Connections Pte Ltd,Tampines Avenue 2 to Jalan Bukit Merah,1,21,11511,Alexandra Hosp,Alexandra Road,103.8025188,1.28594687,One trip at 7.16am,"PRE-BOOKING REQUIRED
$7.50 per trip (via operator's app/website)
Bulk options available
10 trips: $66 ($6.60/trip)
20 trips: $124 ($6.20/trip)
For booking details and further information, please contact the operator directly."
PBS TM3,Dynacle Connections Pte Ltd,Tampines Avenue 2 to Jalan Bukit Merah,1,22,11019,Bef Blk 2,Jalan Bukit Merah,103.8056568,1.28679633,One trip at 7.16am,"PRE-BOOKING REQUIRED
$7.50 per trip (via operator's app/website)
Bulk options available
10 trips: $66 ($6.60/trip)
20 trips: $124 ($6.20/trip)
For booking details and further information, please contact the operator directly."
PBS TM3,Dynacle Connections Pte Ltd,Tampines Avenue 2 to Jalan Bukit Merah,1,23,10119,Opp Pacific Tech Ctr,Jalan Bukit Merah,103.8112252,1.28598009,One trip at 7.16am,"PRE-BOOKING REQUIRED
$7.50 per trip (via operator's app/website)
Bulk options available
10 trips: $66 ($6.60/trip)
20 trips: $124 ($6.20/trip)
For booking details and further information, please contact the operator directly."
PBS TM3,Dynacle Connections Pte Ltd,Tampines Avenue 2 to Jalan Bukit Merah,1,24,10109,Bukit Merah Sec Sch,Jalan Bukit Merah,103.8137053,1.28535316,One trip at 7.16am,"PRE-BOOKING REQUIRED
$7.50 per trip (via operator's app/website)
Bulk options available
10 trips: $66 ($6.60/trip)
20 trips: $124 ($6.20/trip)
For booking details and further information, please contact the operator directly."
PBS TM3,Dynacle Connections Pte Ltd,Tampines Avenue 2 to Jalan Bukit Merah,1,25,10099,Opp Bt Merah Town Ctr,Jalan Bukit Merah,103.8176572,1.28420924,One trip at 7.16am,"PRE-BOOKING REQUIRED
$7.50 per trip (via operator's app/website)
Bulk options available
10 trips: $66 ($6.60/trip)
20 trips: $124 ($6.20/trip)
For booking details and further information, please contact the operator directly."
PBS TM3,Dynacle Connections Pte Ltd,Tampines Avenue 2 to Jalan Bukit Merah,1,26,10089,Blk 119,Jalan Bukit Merah,103.8216566,1.28292332,One trip at 7.16am,"PRE-BOOKING REQUIRED
$7.50 per trip (via operator's app/website)
Bulk options available
10 trips: $66 ($6.60/trip)
20 trips: $124 ($6.20/trip)
For booking details and further information, please contact the operator directly."
PBS TM3,Dynacle Connections Pte Ltd,Jalan Bukit Merah to Tampines Avenue 5,2,1,10091,Bukit Merah Town Centre,Jalan Bukit Merah,103.8178396,1.28394109,One trip at 6.10pm,"PRE-BOOKING REQUIRED
$6.50 per trip (via operator's app/website)
Bulk options available
10 trips: $63 ($6.30/trip)
20 trips: $120 ($6.00/trip)
30 trips: $171 ($5.70/trip)
For booking details and further information, please contact the operator directly."
PBS TM3,Dynacle Connections Pte Ltd,Jalan Bukit Merah to Tampines Avenue 5,2,2,11519,Opposite Queensway Shopping Centre,Alexandra Road ,103.8033413,1.28665742,One trip at 6.10pm,"PRE-BOOKING REQUIRED
$6.50 per trip (via operator's app/website)
Bulk options available
10 trips: $63 ($6.30/trip)
20 trips: $120 ($6.00/trip)
30 trips: $171 ($5.70/trip)
For booking details and further information, please contact the operator directly."
PBS TM3,Dynacle Connections Pte Ltd,Jalan Bukit Merah to Tampines Avenue 5,2,3,18019,Before Telok Blangah Hill Park,Alexandra Road,103.8025231,1.28091056,One trip at 6.10pm,"PRE-BOOKING REQUIRED
$6.50 per trip (via operator's app/website)
Bulk options available
10 trips: $63 ($6.30/trip)
20 trips: $120 ($6.00/trip)
30 trips: $171 ($5.70/trip)
For booking details and further information, please contact the operator directly."
PBS TM3,Dynacle Connections Pte Ltd,Jalan Bukit Merah to Tampines Avenue 5,2,4,15059,Opposite Alexandra Point,Alexandra Road,103.8027011,1.27686194,One trip at 6.10pm,"PRE-BOOKING REQUIRED
$6.50 per trip (via operator's app/website)
Bulk options available
10 trips: $63 ($6.30/trip)
20 trips: $120 ($6.00/trip)
30 trips: $171 ($5.70/trip)
For booking details and further information, please contact the operator directly."
PBS TM3,Dynacle Connections Pte Ltd,Jalan Bukit Merah to Tampines Avenue 5,2,5,15049,Opposite Alexandra Retail Centre,Alexandra Road,103.8021635,1.27459054,One trip at 6.10pm,"PRE-BOOKING REQUIRED
$6.50 per trip (via operator's app/website)
Bulk options available
10 trips: $63 ($6.30/trip)
20 trips: $120 ($6.00/trip)
30 trips: $171 ($5.70/trip)
For booking details and further information, please contact the operator directly."
PBS TM3,Dynacle Connections Pte Ltd,Jalan Bukit Merah to Tampines Avenue 5,2,6,15159,Mapletree Business City,Pasir Panjang Road,103.7983935,1.27426304,One trip at 6.10pm,"PRE-BOOKING REQUIRED
$6.50 per trip (via operator's app/website)
Bulk options available
10 trips: $63 ($6.30/trip)
20 trips: $120 ($6.00/trip)
30 trips: $171 ($5.70/trip)
For booking details and further information, please contact the operator directly."
PBS TM3,Dynacle Connections Pte Ltd,Jalan Bukit Merah to Tampines Avenue 5,2,7,15149,Opposite Labrador Park Station,Pasir Panjang Road,103.8005555,1.27341872,One trip at 6.10pm,"PRE-BOOKING REQUIRED
$6.50 per trip (via operator's app/website)
Bulk options available
10 trips: $63 ($6.30/trip)
20 trips: $120 ($6.00/trip)
30 trips: $171 ($5.70/trip)
For booking details and further information, please contact the operator directly."
PBS TM3,Dynacle Connections Pte Ltd,Jalan Bukit Merah to Tampines Avenue 5,2,8,-,Passenger pick-up/ drop-off point outside Harbourfront Station Exit D,Telok Blangah Road,103.82165,1.2658551,One trip at 6.10pm,"PRE-BOOKING REQUIRED
$6.50 per trip (via operator's app/website)
Bulk options available
10 trips: $63 ($6.30/trip)
20 trips: $120 ($6.00/trip)
30 trips: $171 ($5.70/trip)
For booking details and further information, please contact the operator directly."
PBS TM3,Dynacle Connections Pte Ltd,Jalan Bukit Merah to Tampines Avenue 5,2,9,75251,Opposite Tropica Condominium,Tampines Avenue 1,103.9278336,1.34949833,One trip at 6.10pm,"PRE-BOOKING REQUIRED
$6.50 per trip (via operator's app/website)
Bulk options available
10 trips: $63 ($6.30/trip)
20 trips: $120 ($6.00/trip)
30 trips: $171 ($5.70/trip)
For booking details and further information, please contact the operator directly."
PBS TM3,Dynacle Connections Pte Ltd,Jalan Bukit Merah to Tampines Avenue 5,2,10,75031,Opposite Springfield Secondary School,Tampines Avenue 8 ,103.9294624,1.35080697,One trip at 6.10pm,"PRE-BOOKING REQUIRED
$6.50 per trip (via operator's app/website)
Bulk options available
10 trips: $63 ($6.30/trip)
20 trips: $120 ($6.00/trip)
30 trips: $171 ($5.70/trip)
For booking details and further information, please contact the operator directly."
PBS TM3,Dynacle Connections Pte Ltd,Jalan Bukit Merah to Tampines Avenue 5,2,11,75101,Blk 880,Tampines Avenue 3,103.9315015,1.35109968,One trip at 6.10pm,"PRE-BOOKING REQUIRED
$6.50 per trip (via operator's app/website)
Bulk options available
10 trips: $63 ($6.30/trip)
20 trips: $120 ($6.00/trip)
30 trips: $171 ($5.70/trip)
For booking details and further information, please contact the operator directly."
PBS TM3,Dynacle Connections Pte Ltd,Jalan Bukit Merah to Tampines Avenue 5,2,12,75209,Blk 882A,Tampines Street 83,103.93361,1.35145,One trip at 6.10pm,"PRE-BOOKING REQUIRED
$6.50 per trip (via operator's app/website)
Bulk options available
10 trips: $63 ($6.30/trip)
20 trips: $120 ($6.00/trip)
30 trips: $171 ($5.70/trip)
For booking details and further information, please contact the operator directly."
PBS TM3,Dynacle Connections Pte Ltd,Jalan Bukit Merah to Tampines Avenue 5,2,13,75169,Opposite Blk 853,Tampines Street 83,103.9344061,1.3532764,One trip at 6.10pm,"PRE-BOOKING REQUIRED
$6.50 per trip (via operator's app/website)
Bulk options available
10 trips: $63 ($6.30/trip)
20 trips: $120 ($6.00/trip)
30 trips: $171 ($5.70/trip)
For booking details and further information, please contact the operator directly."
PBS TM3,Dynacle Connections Pte Ltd,Jalan Bukit Merah to Tampines Avenue 5,2,14,75149,Blk 867A,Tampines Avenue 5,103.9336639,1.35597194,One trip at 6.10pm,"PRE-BOOKING REQUIRED
$6.50 per trip (via operator's app/website)
Bulk options available
10 trips: $63 ($6.30/trip)
20 trips: $120 ($6.00/trip)
30 trips: $171 ($5.70/trip)
For booking details and further information, please contact the operator directly."
PBS TM3,Dynacle Connections Pte Ltd,Jalan Bukit Merah to Tampines Avenue 5,2,15,75131,Between Blks 701/702,Tampines Avenue 5,103.9370965,1.35594818,One trip at 6.10pm,"PRE-BOOKING REQUIRED
$6.50 per trip (via operator's app/website)
Bulk options available
10 trips: $63 ($6.30/trip)
20 trips: $120 ($6.00/trip)
30 trips: $171 ($5.70/trip)
For booking details and further information, please contact the operator directly."
PBS 721,Leisure Frontier (S) Pte Ltd,Brickland Road to North Buona Vista Road,1,1,40441,Blk 238,Tengah Dr,103.731808,1.357394,Two trips at 7.30am and 8.00am,"$5.00 (card)
$100.00 (monthly fare)"
PBS 721,Leisure Frontier (S) Pte Ltd,Brickland Road to North Buona Vista Road,1,2,40431,Blk 237A,Tengah Gdn Wk,103.731808,1.357394,Two trips at 7.30am and 8.00am,"$5.00 (card)
$100.00 (monthly fare)"
PBS 721,Leisure Frontier (S) Pte Ltd,Brickland Road to North Buona Vista Road,1,3,40421,Blk 220A,Tengah Gdn Wk,103.731808,1.357394,Two trips at 7.30am and 8.00am,"$5.00 (card)
$100.00 (monthly fare)"
PBS 721,Leisure Frontier (S) Pte Ltd,Brickland Road to North Buona Vista Road,1,4,40411,Blk 221B,Tengah Gdn Ave,103.731808,1.357394,Two trips at 7.30am and 8.00am,"$5.00 (card)
$100.00 (monthly fare)"
PBS 721,Leisure Frontier (S) Pte Ltd,Brickland Road to North Buona Vista Road,1,5,40401,Blk 224A,Tengah Boulevard,103.733186,1.359258,Two trips at 7.30am and 8.00am,"$5.00 (card)
$100.00 (monthly fare)"
PBS 721,Leisure Frontier (S) Pte Ltd,Brickland Road to North Buona Vista Road,1,6,40389,Tengah Community Club,Plantation Cres,103.73427,1.35636,Two trips at 7.30am and 8.00am,"$5.00 (card)
$100.00 (monthly fare)"
PBS 721,Leisure Frontier (S) Pte Ltd,Brickland Road to North Buona Vista Road,1,7,18079,Opposite National University Hospital,Buona Vista Flyover,103.7845539,1.29648177,Two trips at 7.30am and 8.00am,"$5.00 (card)
$100.00 (monthly fare)"
PBS 721,Leisure Frontier (S) Pte Ltd,Brickland Road to North Buona Vista Road,1,8,18151,Opposite One-North Station/Galaxis,Portsdown Rd,103.7886429,1.30051083,Two trips at 7.30am and 8.00am,"$5.00 (card)
$100.00 (monthly fare)"
PBS 721,Leisure Frontier (S) Pte Ltd,Brickland Road to North Buona Vista Road,1,9,-,Along the road outside Matrix,Biopolis Drive,1.303221,103.792772,Two trips at 7.30am and 8.00am,"$5.00 (card)
$100.00 (monthly fare)"
PBS 721,Leisure Frontier (S) Pte Ltd,Brickland Road to North Buona Vista Road,1,10,-,PUDO point outside MOE Building,North Buona Vista Road,103.7904631,1.3057993,Two trips at 7.30am and 8.00am,"$5.00 (card)
$100.00 (monthly fare)"
PBS 721,Leisure Frontier (S) Pte Ltd,North Buona Vista Road to Choa Chu Kang Avenue 3,2,1,-,PUDO point outside MOE Building,North Buona Vista Road,103.7904631,1.3057993,One trip at 6.00pm,"$5.00 (card)
$100.00 (monthly fare)"
PBS 721,Leisure Frontier (S) Pte Ltd,North Buona Vista Road to Choa Chu Kang Avenue 3,2,2,-,Along the road outside Proteos,Biopolis Drive,103.792885,1.30314,One trip at 6.00pm,"$5.00 (card)
$100.00 (monthly fare)"
PBS 721,Leisure Frontier (S) Pte Ltd,North Buona Vista Road to Choa Chu Kang Avenue 3,2,3,18159,One-North Stn/Galaxis,Portsdown Rd,103.7885837,1.300346899,One trip at 6.00pm,"$5.00 (card)
$100.00 (monthly fare)"
PBS 721,Leisure Frontier (S) Pte Ltd,North Buona Vista Road to Choa Chu Kang Avenue 3,2,4,18071,National University Hospital,Buona Vista Flyover,103.784491,1.295425,One trip at 6.00pm,"$5.00 (card)
$100.00 (monthly fare)"
PBS 721,Leisure Frontier (S) Pte Ltd,North Buona Vista Road to Choa Chu Kang Avenue 3,2,5,40441,Blk 238,Tengah Dr,103.731808,1.357394,One trip at 6.00pm,"$5.00 (card)
$100.00 (monthly fare)"
PBS 721,Leisure Frontier (S) Pte Ltd,North Buona Vista Road to Choa Chu Kang Avenue 3,2,6,40431,Blk 237A,Tengah Gdn Wk,103.731808,1.357394,One trip at 6.00pm,"$5.00 (card)
$100.00 (monthly fare)"
PBS 721,Leisure Frontier (S) Pte Ltd,North Buona Vista Road to Choa Chu Kang Avenue 3,2,7,40421,Blk 220A,Tengah Gdn Wk,103.731808,1.357394,One trip at 6.00pm,"$5.00 (card)
$100.00 (monthly fare)"
PBS 721,Leisure Frontier (S) Pte Ltd,North Buona Vista Road to Choa Chu Kang Avenue 3,2,8,40411,Blk 221B,Tengah Gdn Ave,103.731808,1.357394,One trip at 6.00pm,"$5.00 (card)
$100.00 (monthly fare)"
PBS 721,Leisure Frontier (S) Pte Ltd,North Buona Vista Road to Choa Chu Kang Avenue 3,2,9,40401,Blk 224A,Tengah Boulevard,103.733186,1.359258,One trip at 6.00pm,"$5.00 (card)
$100.00 (monthly fare)"
PBS 721,Leisure Frontier (S) Pte Ltd,North Buona Vista Road to Choa Chu Kang Avenue 3,2,10,40389,Tengah Community Club,Plantation Cres,103.73427,1.35636,One trip at 6.00pm,"$5.00 (card)
$100.00 (monthly fare)"
PBS 747,Dynacle Connections Pte Ltd,Canberra Road to Telok Blangah Road,1,1,58121,Blk 424A CP,Canberra Rd,103.8192948,1.45329116,One trip at 7.15am,"PRE-BOOKING REQUIRED
$6.50 per trip (via operator's app/website)
Bulk options available
10 trips: $57 ($5.70/trip)
20 trips: $108 ($5.40/trip)
30 trips: $153 ($5.10/trip)
40 trips: $192 ($4.80/trip)
For booking details and further information, please contact the operator directly."
PBS 747,Dynacle Connections Pte Ltd,Canberra Road to Telok Blangah Road,1,2,58351,Blk 483,Sembawang Dr,103.8149106,1.45593549,One trip at 7.15am,"PRE-BOOKING REQUIRED
$6.50 per trip (via operator's app/website)
Bulk options available
10 trips: $57 ($5.70/trip)
20 trips: $108 ($5.40/trip)
30 trips: $153 ($5.10/trip)
40 trips: $192 ($4.80/trip)
For booking details and further information, please contact the operator directly."
PBS 747,Dynacle Connections Pte Ltd,Canberra Road to Telok Blangah Road,1,3,58341,Blk 405,Sembawang Dr,103.8168777,1.45267993,One trip at 7.15am,"PRE-BOOKING REQUIRED
$6.50 per trip (via operator's app/website)
Bulk options available
10 trips: $57 ($5.70/trip)
20 trips: $108 ($5.40/trip)
30 trips: $153 ($5.10/trip)
40 trips: $192 ($4.80/trip)
For booking details and further information, please contact the operator directly."
PBS 747,Dynacle Connections Pte Ltd,Canberra Road to Telok Blangah Road,1,4,58321,Bet Blks 357/359,Admiralty Dr,103.8161452,1.45020574,One trip at 7.15am,"PRE-BOOKING REQUIRED
$6.50 per trip (via operator's app/website)
Bulk options available
10 trips: $57 ($5.70/trip)
20 trips: $108 ($5.40/trip)
30 trips: $153 ($5.10/trip)
40 trips: $192 ($4.80/trip)
For booking details and further information, please contact the operator directly."
PBS 747,Dynacle Connections Pte Ltd,Canberra Road to Telok Blangah Road,1,5,58271,Blk 335,Sembawang Cres,103.8147065,1.44702784,One trip at 7.15am,"PRE-BOOKING REQUIRED
$6.50 per trip (via operator's app/website)
Bulk options available
10 trips: $57 ($5.70/trip)
20 trips: $108 ($5.40/trip)
30 trips: $153 ($5.10/trip)
40 trips: $192 ($4.80/trip)
For booking details and further information, please contact the operator directly."
PBS 747,Dynacle Connections Pte Ltd,Canberra Road to Telok Blangah Road,1,6,58281,Sembawang Sec Sch,Sembawang Cres,103.8162666,1.44501368,One trip at 7.15am,"PRE-BOOKING REQUIRED
$6.50 per trip (via operator's app/website)
Bulk options available
10 trips: $57 ($5.70/trip)
20 trips: $108 ($5.40/trip)
30 trips: $153 ($5.10/trip)
40 trips: $192 ($4.80/trip)
For booking details and further information, please contact the operator directly."
PBS 747,Dynacle Connections Pte Ltd,Canberra Road to Telok Blangah Road,1,7,58371,Bet Blks 325/326,Sembawang Cres,103.8190895,1.4444901,One trip at 7.15am,"PRE-BOOKING REQUIRED
$6.50 per trip (via operator's app/website)
Bulk options available
10 trips: $57 ($5.70/trip)
20 trips: $108 ($5.40/trip)
30 trips: $153 ($5.10/trip)
40 trips: $192 ($4.80/trip)
For booking details and further information, please contact the operator directly."
PBS 747,Dynacle Connections Pte Ltd,Canberra Road to Telok Blangah Road,1,8,58391,Blk 303,Sembawang Ave,103.8224122,1.44426472,One trip at 7.15am,"PRE-BOOKING REQUIRED
$6.50 per trip (via operator's app/website)
Bulk options available
10 trips: $57 ($5.70/trip)
20 trips: $108 ($5.40/trip)
30 trips: $153 ($5.10/trip)
40 trips: $192 ($4.80/trip)
For booking details and further information, please contact the operator directly."
PBS 747,Dynacle Connections Pte Ltd,Canberra Road to Telok Blangah Road,1,9,58041,Blk 590C,Sembawang Rd,103.8268558,1.44939347,One trip at 7.15am,"PRE-BOOKING REQUIRED
$6.50 per trip (via operator's app/website)
Bulk options available
10 trips: $57 ($5.70/trip)
20 trips: $108 ($5.40/trip)
30 trips: $153 ($5.10/trip)
40 trips: $192 ($4.80/trip)
For booking details and further information, please contact the operator directly."
PBS 747,Dynacle Connections Pte Ltd,Canberra Road to Telok Blangah Road,1,10,58051,Blk 592C,Sembawang Rd,103.8284308,1.45087972,One trip at 7.15am,"PRE-BOOKING REQUIRED
$6.50 per trip (via operator's app/website)
Bulk options available
10 trips: $57 ($5.70/trip)
20 trips: $108 ($5.40/trip)
30 trips: $153 ($5.10/trip)
40 trips: $192 ($4.80/trip)
For booking details and further information, please contact the operator directly."
PBS 747,Dynacle Connections Pte Ltd,Canberra Road to Telok Blangah Road,1,11,58511,Blk 104C,Canberra st,103.8315,1.44964,One trip at 7.15am,"PRE-BOOKING REQUIRED
$6.50 per trip (via operator's app/website)
Bulk options available
10 trips: $57 ($5.70/trip)
20 trips: $108 ($5.40/trip)
30 trips: $153 ($5.10/trip)
40 trips: $192 ($4.80/trip)
For booking details and further information, please contact the operator directly."
PBS 747,Dynacle Connections Pte Ltd,Canberra Road to Telok Blangah Road,1,12,58521,BLK 106A,Canberra st,103.8326,1.44819389,One trip at 7.15am,"PRE-BOOKING REQUIRED
$6.50 per trip (via operator's app/website)
Bulk options available
10 trips: $57 ($5.70/trip)
20 trips: $108 ($5.40/trip)
30 trips: $153 ($5.10/trip)
40 trips: $192 ($4.80/trip)
For booking details and further information, please contact the operator directly."
PBS 747,Dynacle Connections Pte Ltd,Canberra Road to Telok Blangah Road,1,13,58531,BLK 129A,Canberra Way,103.8323,1.44543806,One trip at 7.15am,"PRE-BOOKING REQUIRED
$6.50 per trip (via operator's app/website)
Bulk options available
10 trips: $57 ($5.70/trip)
20 trips: $108 ($5.40/trip)
30 trips: $153 ($5.10/trip)
40 trips: $192 ($4.80/trip)
For booking details and further information, please contact the operator directly."
PBS 747,Dynacle Connections Pte Ltd,Canberra Road to Telok Blangah Road,1,14,-,PUDO point outside Canberra Station Exit E,Canberra Lk,103.829781,1.443344,One trip at 7.15am,"PRE-BOOKING REQUIRED
$6.50 per trip (via operator's app/website)
Bulk options available
10 trips: $57 ($5.70/trip)
20 trips: $108 ($5.40/trip)
30 trips: $153 ($5.10/trip)
40 trips: $192 ($4.80/trip)
For booking details and further information, please contact the operator directly."
PBS 747,Dynacle Connections Pte Ltd,Canberra Road to Telok Blangah Road,1,15,59529,Opp Yishun Emerald,Yishun Ave 2,103.8318143,1.44035053,One trip at 7.15am,"PRE-BOOKING REQUIRED
$6.50 per trip (via operator's app/website)
Bulk options available
10 trips: $57 ($5.70/trip)
20 trips: $108 ($5.40/trip)
30 trips: $153 ($5.10/trip)
40 trips: $192 ($4.80/trip)
For booking details and further information, please contact the operator directly."
PBS 747,Dynacle Connections Pte Ltd,Canberra Road to Telok Blangah Road,1,16,59259,Darul Makmur Mque,Yishun Ave 2,103.8337979,1.43716783,One trip at 7.15am,"PRE-BOOKING REQUIRED
$6.50 per trip (via operator's app/website)
Bulk options available
10 trips: $57 ($5.70/trip)
20 trips: $108 ($5.40/trip)
30 trips: $153 ($5.10/trip)
40 trips: $192 ($4.80/trip)
For booking details and further information, please contact the operator directly."
PBS 747,Dynacle Connections Pte Ltd,Canberra Road to Telok Blangah Road,1,17,10091,Bt Merah Town Ctr,Jln Bt Merah,103.8178396,1.28394109,One trip at 7.15am,"PRE-BOOKING REQUIRED
$6.50 per trip (via operator's app/website)
Bulk options available
10 trips: $57 ($5.70/trip)
20 trips: $108 ($5.40/trip)
30 trips: $153 ($5.10/trip)
40 trips: $192 ($4.80/trip)
For booking details and further information, please contact the operator directly."
PBS 747,Dynacle Connections Pte Ltd,Canberra Road to Telok Blangah Road,1,18,10111,Opp Blk 28,Jln Bt Merah,103.8093541,1.28592835,One trip at 7.15am,"PRE-BOOKING REQUIRED
$6.50 per trip (via operator's app/website)
Bulk options available
10 trips: $57 ($5.70/trip)
20 trips: $108 ($5.40/trip)
30 trips: $153 ($5.10/trip)
40 trips: $192 ($4.80/trip)
For booking details and further information, please contact the operator directly."
PBS 747,Dynacle Connections Pte Ltd,Canberra Road to Telok Blangah Road,1,19,11519,Opp Queensway Shop Ctr,Alexandra Rd,103.8033413,1.28665742,One trip at 7.15am,"PRE-BOOKING REQUIRED
$6.50 per trip (via operator's app/website)
Bulk options available
10 trips: $57 ($5.70/trip)
20 trips: $108 ($5.40/trip)
30 trips: $153 ($5.10/trip)
40 trips: $192 ($4.80/trip)
For booking details and further information, please contact the operator directly."
PBS 747,Dynacle Connections Pte Ltd,Canberra Road to Telok Blangah Road,1,20,18019,Bef Telok Blangah Hill Pk,Alexandra Rd,103.8025231,1.28091056,One trip at 7.15am,"PRE-BOOKING REQUIRED
$6.50 per trip (via operator's app/website)
Bulk options available
10 trips: $57 ($5.70/trip)
20 trips: $108 ($5.40/trip)
30 trips: $153 ($5.10/trip)
40 trips: $192 ($4.80/trip)
For booking details and further information, please contact the operator directly."
PBS 747,Dynacle Connections Pte Ltd,Canberra Road to Telok Blangah Road,1,21,15159,Mapletree Business City,Pasir Panjang Rd,103.7983935,1.27426304,One trip at 7.15am,"PRE-BOOKING REQUIRED
$6.50 per trip (via operator's app/website)
Bulk options available
10 trips: $57 ($5.70/trip)
20 trips: $108 ($5.40/trip)
30 trips: $153 ($5.10/trip)
40 trips: $192 ($4.80/trip)
For booking details and further information, please contact the operator directly."
PBS 747,Dynacle Connections Pte Ltd,Canberra Road to Telok Blangah Road,1,22,15149,Opp Labrador Pk Stn,Pasir Panjang Rd,103.8005555,1.27341872,One trip at 7.15am,"PRE-BOOKING REQUIRED
$6.50 per trip (via operator's app/website)
Bulk options available
10 trips: $57 ($5.70/trip)
20 trips: $108 ($5.40/trip)
30 trips: $153 ($5.10/trip)
40 trips: $192 ($4.80/trip)
For booking details and further information, please contact the operator directly."
PBS 747,Dynacle Connections Pte Ltd,Canberra Road to Telok Blangah Road,1,23,14189,Aft Alexandra Rd,Telok Blangah Rd,103.8039836,1.27269303,One trip at 7.15am,"PRE-BOOKING REQUIRED
$6.50 per trip (via operator's app/website)
Bulk options available
10 trips: $57 ($5.70/trip)
20 trips: $108 ($5.40/trip)
30 trips: $153 ($5.10/trip)
40 trips: $192 ($4.80/trip)
For booking details and further information, please contact the operator directly."
PBS 747,Dynacle Connections Pte Ltd,Canberra Road to Telok Blangah Road,1,24,,PUDO point outside Harbourfront Station Exit D,Telok Blangah Road,103.821367,1.265861,One trip at 7.15am,"PRE-BOOKING REQUIRED
$6.50 per trip (via operator's app/website)
Bulk options available
10 trips: $57 ($5.70/trip)
20 trips: $108 ($5.40/trip)
30 trips: $153 ($5.10/trip)
40 trips: $192 ($4.80/trip)
For booking details and further information, please contact the operator directly."
PBS 738,Ng Ing Tsair Bus Service,Bedok Reservoir Road to Punggol Digital District,1,1,75069,Blk 960A,Bedok Resvr Rd,103.9367,1.34066333,One trip at 7.45am,$3.30 (card/cash) / $74 (monthly)
PBS 738,Ng Ing Tsair Bus Service,Bedok Reservoir Road to Punggol Digital District,1,2,75349,The Clearwater Condo,Bedok Resvr Rd,103.9339578,1.33811825,One trip at 7.45am,$3.30 (card/cash) / $74 (monthly)
PBS 738,Ng Ing Tsair Bus Service,Bedok Reservoir Road to Punggol Digital District,1,3,-,Bedok Reservoir Station Exit B,Bedok Nth Ave 3,103.933365,1.33652,One trip at 7.45am,$3.30 (card/cash) / $74 (monthly)
PBS 738,Ng Ing Tsair Bus Service,Bedok Reservoir Road to Punggol Digital District,1,4,84219,Blk 139,Bedok Nth Ave 3,103.9348131,1.32940889,One trip at 7.45am,$3.30 (card/cash) / $74 (monthly)
PBS 738,Ng Ing Tsair Bus Service,Bedok Reservoir Road to Punggol Digital District,1,5,-,Bedok Stn Exit A Passenger pick up,New Upper Changi Rd,103.9295,1.323 ,One trip at 7.45am,$3.30 (card/cash) / $74 (monthly)
PBS 738,Ng Ing Tsair Bus Service,Bedok Reservoir Road to Punggol Digital District,1,6,84041,Blk 221A,New Upper Changi Rd,103.934688,1.32469052,One trip at 7.45am,$3.30 (card/cash) / $74 (monthly)
PBS 738,Ng Ing Tsair Bus Service,Bedok Reservoir Road to Punggol Digital District,1,7,84191,Blk 220 CP,Bedok Nth Ave 3,103.9353376,1.32566319,One trip at 7.45am,$3.30 (card/cash) / $74 (monthly)
PBS 738,Ng Ing Tsair Bus Service,Bedok Reservoir Road to Punggol Digital District,1,8,84211,Blk 403,Bedok Nth Ave 3,103.93447,1.33012,One trip at 7.45am,$3.30 (card/cash) / $74 (monthly)
PBS 738,Ng Ing Tsair Bus Service,Bedok Reservoir Road to Punggol Digital District,1,9,84349,Fengshan Pr Sch,Bedok Nth Rd,103.9323322,1.33091749,One trip at 7.45am,$3.30 (card/cash) / $74 (monthly)
PBS 738,Ng Ing Tsair Bus Service,Bedok Reservoir Road to Punggol Digital District,1,10,84329,Blk 414,Bedok Nth Rd,103.9297006,1.33029323,One trip at 7.45am,$3.30 (card/cash) / $74 (monthly)
PBS 738,Ng Ing Tsair Bus Service,Bedok Reservoir Road to Punggol Digital District,1,11,84319,Blk 428,Bedok Nth Rd,103.9277152,1.32980565,One trip at 7.45am,$3.30 (card/cash) / $74 (monthly)
PBS 738,Ng Ing Tsair Bus Service,Bedok Reservoir Road to Punggol Digital District,1,12,84369,Blk 45,Bedok Nth Rd,103.924608,1.329162,One trip at 7.45am,$3.30 (card/cash) / $74 (monthly)
PBS 738,Ng Ing Tsair Bus Service,Bedok Reservoir Road to Punggol Digital District,1,13,65709,Bef SIT Punggol,New Punggol Rd,103.910496,1.411316,One trip at 7.45am,$3.30 (card/cash) / $74 (monthly)
PBS 738,Ng Ing Tsair Bus Service,Bedok Reservoir Road to Punggol Digital District,1,14,65729,Punggol Coast Stn,New Punggol Rd,103.911277,1.414675,One trip at 7.45am,$3.30 (card/cash) / $74 (monthly)
PBS 738,Ng Ing Tsair Bus Service,Bedok Reservoir Road to Punggol Digital District,1,15,-,Tower 98 Punggol Digital District,Punggol Way,103.9137112,1.4159633,One trip at 7.45am,$3.30 (card/cash) / $74 (monthly)
PBS 738,Ng Ing Tsair Bus Service,Bedok Reservoir Road to Punggol Digital District,1,16,-,Tower 88/90/92 Punggol Digital District,Punggol Way,103.910999,1.4156258,One trip at 7.45am,$3.30 (card/cash) / $74 (monthly)
