O,D,flow,dist
0,0,0,0.0
0,1,0,9.05295459424817
0,2,0,4.136140210380713
0,3,0,10.50310107960947
0,4,0,16.013893122659464
0,5,0,20.09628508024729
0,6,0,17.61246974424736
0,7,0,14.877521098412727
0,8,0,18.580501472152566
0,9,0,11.58490895069899
0,10,0,1.8240804377411872
0,11,0,4.561152222960575
0,12,0,34.08744839946283
0,13,0,16.22465609219424
0,14,0,2.907325560392455
0,15,0,23.12781826807505
0,16,0,4.269029579574837
0,17,0,12.048393775372771
0,18,0,24.505026919759228
0,19,0,25.793922257777652
0,20,0,19.563662971014097
0,21,0,29.16575565901392
0,22,0,15.324864524312376
0,23,0,27.663207482579445
0,24,0,35.9587006003687
0,25,0,12.494884172792187
0,26,0,28.09904777165084
0,27,0,5.433688961151576
0,28,0,15.099810093682306
0,29,0,27.24546576504821
0,30,0,13.095206250272321
0,31,0,19.52604872988117
0,32,0,21.730143576844636
0,33,0,19.1598905132807
0,34,0,14.257255565477426
0,35,0,7.387337045209183
0,36,0,6.667679608081906
0,37,0,16.57581274778232
0,38,0,4.001159556005203
0,39,0,25.109041339666426
0,40,0,4.556034712659943
0,41,0,10.18484196121389
0,42,0,17.009639582444535
0,43,0,27.14825525927192
0,44,0,15.498606859638535
0,45,0,8.41076297535812
0,46,0,8.407836334045113
0,47,0,9.463885160884239
0,48,0,14.317898268292328
0,49,0,19.429809379309468
0,50,0,13.61355026109083
0,51,0,11.440350896489665
0,52,0,21.898324284669794
0,53,0,11.865511294231954
0,54,0,16.19392628222006
0,55,0,26.152966938572426
0,56,0,20.624160258343277
0,57,0,20.102856995710187
0,58,0,30.11560478306753
0,59,0,1.2141883184360815
0,60,0,8.496229381153931
0,61,0,25.068382345370395
0,62,0,20.295808320015766
0,63,0,7.009870286528703
0,64,0,3.6864055805317055
0,65,0,17.79809661235015
0,66,0,2.69206105326432
0,67,0,3.599782050994437
0,68,0,18.44837587130578
0,69,0,22.750232528377573
0,70,0,6.252006935745048
0,71,0,17.014895124097826
0,72,0,13.069840512943584
0,73,0,19.158345042515567
0,74,0,9.101341232507636
0,75,0,11.295964089769642
0,76,0,14.05962056789633
0,77,0,21.151159111375033
0,78,0,17.64869427961023
0,79,0,1.7567458164447267
0,80,0,31.88917634935337
0,81,0,5.708967050940777
0,82,0,12.6564213727997
0,83,0,6.1176965157835586
0,84,0,7.626442697588835
0,85,0,5.689807682181314
0,86,0,3.3881731423245993
0,87,0,23.36474878149826
0,88,0,11.50969353421131
0,89,0,32.66222782194941
0,90,0,29.274285006465792
0,91,0,6.554489646087424
0,92,0,16.781723812191906
0,93,0,21.863905349766277
0,94,0,10.743873023885774
0,95,0,20.992884430168896
0,96,0,14.139083425534569
0,97,0,9.671513177978188
1,0,0,9.05295459424817
1,1,0,0.0
1,2,0,11.347179051932084
1,3,0,1.722514910808142
1,4,0,12.518224664885137
1,5,0,13.24843221509684
1,6,0,13.102813994892736
1,7,0,5.825345008973285
1,8,0,10.875398706496478
1,9,0,7.924073056680218
1,10,0,9.84983200868308
1,11,0,5.702599509517287
1,12,0,30.122177600169167
1,13,0,7.887304647231552
1,14,0,6.62677880162634
1,15,0,17.74061628390942
1,16,0,13.181484830808952
1,17,0,3.935113112507394
1,18,0,26.126591566960123
1,19,0,18.227367577965072
1,20,0,18.88019242738253
1,21,0,29.68023754864317
1,22,0,9.647112047302148
1,23,0,21.56586921361093
1,24,0,33.21379306812799
1,25,0,17.077821856508397
1,26,0,26.092222988338616
1,27,0,11.56621034257012
1,28,0,15.275527493393561
1,29,0,22.77627177688914
1,30,0,4.055962029438018
1,31,0,16.836018508857677
1,32,0,17.46958451662044
1,33,0,10.447237912621102
1,34,0,5.400644521068698
1,35,0,15.143185818154183
1,36,0,8.200892373404713
1,37,0,7.649463845641715
1,38,0,9.574431064410431
1,39,0,20.793657871230447
1,40,0,10.763495999449349
1,41,0,10.808356113839205
1,42,0,17.382547091074102
1,43,0,23.5827576827932
1,44,0,13.46737606274908
1,45,0,9.703114746659589
1,46,0,6.034952279023207
1,47,0,1.3523953372159985
1,48,0,15.161579604205086
1,49,0,15.898321204329509
1,50,0,12.671374943990124
1,51,0,10.228837089537032
1,52,0,15.101550165628314
1,53,0,14.628727125659559
1,54,0,19.172012449092627
1,55,0,21.239450785880592
1,56,0,14.874734871789764
1,57,0,11.356606906303297
1,58,0,25.5084896866041
1,59,0,8.37498685710972
1,60,0,2.454284194870798
1,61,0,21.55569363545192
1,62,0,15.439025848095767
1,63,0,3.743668908983052
1,64,0,7.72584859219955
1,65,0,16.013153058864614
1,66,0,6.6401757889189215
1,67,0,12.445880992969657
1,68,0,10.027280332555588
1,69,0,19.626679251822054
1,70,0,10.445313858126967
1,71,0,7.970527406010711
1,72,0,10.880979581954126
1,73,0,13.244638917953013
1,74,0,7.546289829835939
1,75,0,12.635567460616745
1,76,0,16.2116237662593
1,77,0,18.241434286036842
1,78,0,14.34948276540967
1,79,0,10.788673235847572
1,80,0,27.824270161558935
1,81,0,3.378714514238554
1,82,0,12.683083652151325
1,83,0,3.2194958807743714
1,84,0,4.414826373449587
1,85,0,6.65131398255268
1,86,0,8.569004249446223
1,87,0,18.985042340095834
1,88,0,4.907563656068944
1,89,0,27.983613418229236
1,90,0,25.318812433214543
1,91,0,12.195586699906753
1,92,0,16.284559411098595
1,93,0,14.189902604756103
1,94,0,5.465346414214079
1,95,0,12.966742367792914
1,96,0,6.2600793433715465
1,97,0,13.049985905062842
2,0,0,4.136140210380713
2,1,0,11.347179051932084
2,2,0,0.0
2,3,0,12.41460893667614
2,4,0,14.54979015714476
2,5,0,19.93684385485831
2,6,0,16.450297205885203
2,7,0,16.920982874827686
2,8,0,19.037641567629354
2,9,0,10.912812463917941
2,10,0,5.590804404386102
2,11,0,8.297805657350102
2,12,0,31.985102713110475
2,13,0,17.278522634244496
2,14,0,4.861141618261841
2,15,0,22.02547013242394
2,16,0,5.652010677932447
2,17,0,13.357466903836238
2,18,0,20.772148889341878
2,19,0,25.842152221228027
2,20,0,16.672957739892862
2,21,0,25.625869901738536
2,22,0,14.95535430795627
2,23,0,26.753931351601274
2,24,0,33.33533325623893
2,25,0,15.991041710395015
2,26,0,25.365010525098302
2,27,0,9.098574682945012
2,28,0,12.203154545001544
2,29,0,25.540561696378386
2,30,0,15.315643819272296
2,31,0,17.414354144906724
2,32,0,20.165082215616973
2,33,0,20.413659643007247
2,34,0,15.907266634860747
2,35,0,9.76100885631001
2,36,0,5.305095437982266
2,37,0,18.211772266883678
2,38,0,1.9967281186684447
2,39,0,23.411426337210877
2,40,0,8.345196105376619
2,41,0,7.846352701604945
2,42,0,13.895386524018463
2,43,0,25.0506136478816
2,44,0,13.453926299669826
2,45,0,6.284212043486654
2,46,0,8.223102743736296
2,47,0,12.14062738094745
2,48,0,11.24223669571742
2,49,0,17.682829791180247
2,50,0,11.339290599872864
2,51,0,9.670057578378373
2,52,0,21.611782743581124
2,53,0,8.333583277317599
2,54,0,12.35028095804608
2,55,0,24.6933389814626
2,56,0,19.83960409441514
2,57,0,21.363558753652836
2,58,0,28.389107366793723
2,59,0,3.6938335438591925
2,60,0,9.93508175283632
2,61,0,23.021491790226733
2,62,0,19.09303295954465
2,63,0,10.392746526137499
2,64,0,3.685211428402973
2,65,0,15.439955901183186
2,66,0,6.34587404183093
2,67,0,2.9166722842283903
2,68,0,19.44511836514161
2,69,0,20.63897089959346
2,70,0,3.338288681931908
2,71,0,18.935418685225724
2,72,0,11.426936902114035
2,73,0,18.554345366974175
2,74,0,8.198720010351844
2,75,0,8.399681052837108
2,76,0,10.549327584275428
2,77,0,19.032669275154955
2,78,0,15.938483567499885
2,79,0,3.502478050238916
2,80,0,29.87632946416291
2,81,0,8.443696717859831
2,82,0,10.107020271250393
2,83,0,8.127690981520411
2,84,0,8.302854390971502
2,85,0,5.523768977211311
2,86,0,7.519006081153441
2,87,0,21.77124076333749
2,88,0,12.18534235907149
2,89,0,30.9070686222221
2,90,0,27.279664628713235
2,91,0,2.6440923576683057
2,92,0,13.999412809780301
2,93,0,22.131642497104103
2,94,0,11.01858149386094
2,95,0,21.55330216295076
2,96,0,15.059956850166735
2,97,0,6.178318150838486
3,0,0,10.50310107960947
3,1,0,1.722514910808142
3,2,0,12.41460893667614
3,3,0,0.0
3,4,0,11.487188451141305
3,5,0,11.611086747154589
3,6,0,11.850548791895948
3,7,0,4.507985064736615
3,8,0,9.168473363927673
3,9,0,7.182113154031253
3,10,0,11.4283382712213
3,11,0,7.40242351823277
3,12,0,28.74739379632139
3,13,0,6.1661145173937655
3,14,0,7.895817951790847
3,15,0,16.255853446644647
3,16,0,14.701234075031877
3,17,0,2.2835406478923304
3,18,0,25.72865730483655
3,19,0,16.51196513111646
3,20,0,18.187719698819436
3,21,0,29.038080530832122
3,22,0,8.284684142458106
3,23,0,19.961892570010562
3,24,0,32.00073802202055
3,25,0,18.777452973481925
3,26,0,25.0501981640778
3,27,0,13.273146813578506
3,28,0,14.86062691698514
3,29,0,21.37758058990443
3,30,0,2.9830766250256087
3,31,0,15.821843281564323
3,32,0,16.16540134831736
3,33,0,8.785772685373866
3,34,0,3.774180446358807
3,35,0,16.81345052057455
3,36,0,8.650038904909907
3,37,0,6.077268833807911
3,38,0,10.539472001959421
3,39,0,19.43677172642533
3,40,0,12.45971239364301
3,41,0,10.7523419645917
3,42,0,16.930655560052013
3,43,0,22.313676506823175
3,44,0,12.69258279860043
3,45,0,9.894904793097258
3,46,0,5.99277092460746
3,47,0,2.5552539739830262
3,48,0,14.881287353673672
3,49,0,14.752802571017943
3,50,0,12.159124418047115
3,51,0,9.834238695849361
3,52,0,13.455915707910428
3,53,0,14.74073300083724
3,54,0,19.163917604969924
3,55,0,19.789564142545963
3,56,0,13.371073950260762
3,57,0,9.707418705855202
3,58,0,24.070659025989656
3,59,0,9.721424884356583
3,60,0,2.61696097116485
3,61,0,20.317008326459664
3,62,0,14.069942895909467
3,63,0,5.445240570125486
3,64,0,8.733485814248189
3,65,0,15.191883421930136
3,66,0,8.215971044489516
3,67,0,13.77444807799498
3,68,0,8.315709500359802
3,69,0,18.479788899610394
3,70,0,11.09856897854869
3,71,0,6.570494509406717
3,72,0,10.21853450457277
3,73,0,11.740464719339933
3,74,0,7.404999494175778
3,75,0,12.584700480678153
3,76,0,16.14031431617205
3,77,0,17.156562925962934
3,78,0,13.29032179620112
3,79,0,12.207373258719912
3,80,0,26.448160452663725
3,81,0,4.956344636128046
3,82,0,12.367620981412218
3,83,0,4.435073056131798
3,84,0,4.662494777385849
3,85,0,7.307547233077282
3,86,0,10.251545808200298
3,87,0,17.639431776168752
3,88,0,3.6856985880081727
3,89,0,26.522565938318042
3,90,0,23.975405632288602
3,91,0,12.959037219491123
3,92,0,15.701720841009895
3,93,0,12.475533797448483
3,94,0,4.621005582770906
3,95,0,11.244242824020183
3,96,0,4.577048782238794
3,97,0,13.361129300490342
4,0,0,16.013893122659464
4,1,0,12.518224664885137
4,2,0,14.54979015714476
4,3,0,11.487188451141305
4,4,0,0.0
4,5,0,7.374624948312818
4,6,0,2.1556599107167633
4,7,0,13.272271071915387
4,8,0,8.695227886205572
4,9,0,4.836839841063267
4,10,0,17.75774561220969
4,11,0,16.101555906696134
4,12,0,18.22523811367431
4,13,0,9.865082710772048
4,14,0,13.391552810076863
4,15,0,7.532197711276976
4,16,0,19.720434021277125
4,17,0,9.699654906649583
4,18,0,15.667669193729775
4,19,0,12.904661665128813
4,20,0,7.366533098222369
4,21,0,18.037098837012564
4,22,0,4.130661766052317
4,23,0,12.318540786991951
4,24,0,20.799501444108106
4,25,0,27.837844309227325
4,26,0,13.579708009021441
4,27,0,21.04227012408109
4,28,0,6.143316749908834
4,29,0,11.233278341933909
4,30,0,13.237446380664347
4,31,0,4.334884480206677
4,32,0,5.718153601801934
4,33,0,12.29673882904368
4,34,0,11.43544372269077
4,35,0,23.381039602778554
4,36,0,9.500324436371924
4,37,0,12.406354465124982
4,38,0,12.883605200538895
4,39,0,9.099237076568377
4,40,0,20.100513393616318
4,41,0,6.929903285744482
4,42,0,7.444961149091907
4,43,0,11.380977199811118
4,44,0,2.441880993995898
4,45,0,8.27617771810784
4,46,0,7.922886353114557
4,47,0,13.809732107866715
4,48,0,7.041061448307112
4,49,0,3.52419485790845
4,50,0,4.146082265220005
4,51,0,4.888302278163447
4,52,0,8.404454831886744
4,53,0,9.572384171572406
4,54,0,11.903230065805772
4,55,0,10.190644506546738
4,56,0,5.816024008439195
4,57,0,12.949055511831626
4,58,0,14.102845319524345
4,59,0,14.800222712198801
4,60,0,10.353034378472824
4,61,0,9.296146599826823
4,62,0,4.589232042365849
4,63,0,15.59972595120525
4,64,0,12.356457030774447
4,65,0,4.111627030165241
4,66,0,15.463966441007047
4,67,0,17.34232054156219
4,68,0,10.791709005642103
4,69,0,7.178428900843415
4,70,0,11.274879318039991
4,71,0,13.854795209038388
4,72,0,3.1293024494310244
4,73,0,5.1229450367304175
4,74,0,6.926347373369106
4,75,0,7.437285699093391
4,76,0,9.237414228643386
4,77,0,5.731608703610577
4,78,0,1.8388704356085046
4,79,0,16.93820308748198
4,80,0,15.977920262164613
4,81,0,13.575235861201572
4,82,0,5.58345722050584
4,83,0,12.082883802156916
4,84,0,9.39439197968995
4,85,0,10.346299499700024
4,86,0,18.04683070083189
4,87,0,7.352142328109196
4,88,0,7.8088757983373105
4,89,0,16.650090811174973
4,90,0,13.374129860067482
4,91,0,12.866132883220317
4,92,0,5.719381120860686
4,93,0,10.290039923725466
4,94,0,7.061469212260539
4,95,0,10.733774149576025
4,96,0,8.66017931325303
4,97,0,10.145926971319446
5,0,0,20.09628508024729
5,1,0,13.24843221509684
5,2,0,19.93684385485831
5,3,0,11.611086747154589
5,4,0,7.374624948312818
5,5,0,0.0
5,6,0,5.438988544405934
5,7,0,10.616940626240702
5,8,0,3.1387940282582703
5,9,0,9.046353864376519
5,10,0,21.56838380571638
5,11,0,18.49454787046195
5,12,0,18.135597145612444
5,13,0,6.323851749923338
5,14,0,17.19537677381297
5,15,0,5.537274031775851
5,16,0,24.26599464337128
5,17,0,9.330135679172123
5,18,0,22.141547982170074
5,19,0,5.936395405889729
5,20,0,13.80893706512751
5,21,0,23.396286292711743
5,22,0,4.990349439372729
5,23,0,8.386145150327438
5,24,0,22.280630992331407
5,25,0,30.269157519871417
5,26,0,16.89890224217927
5,27,0,24.221581122093475
5,28,0,13.511542728418107
5,29,0,10.899154199251798
5,30,0,11.624120382256839
5,31,0,9.585524709100483
5,32,0,7.179750933935635
5,33,0,6.86514604305624
5,34,0,9.190224435133524
5,35,0,27.308853403866678
5,36,0,14.639724257686158
5,37,0,8.648964329438156
5,38,0,18.00781270328207
5,39,0,9.433324230268907
5,40,0,23.32180965126291
5,41,0,13.375365667916427
5,42,0,14.641747027546444
5,43,0,12.718609500745588
5,44,0,9.803952074876761
5,45,0,14.169957915816372
5,46,0,11.855240979144549
5,47,0,14.134136092479594
5,48,0,14.409281645737732
5,49,0,7.748426163502193
5,50,0,11.382928076785834
5,51,0,11.18591970139422
5,52,0,1.8613477884735175
5,53,0,16.71017707136906
5,54,0,19.274141613743154
5,55,0,9.043715248630209
5,56,0,3.068974572043731
5,57,0,7.095400412663899
5,58,0,13.216780090479805
5,59,0,18.970338549688286
5,60,0,12.144744494848178
5,61,0,11.165875135428777
5,62,0,5.088399646775887
5,63,0,16.975588417146206
5,64,0,16.861315401123857
5,65,0,10.772102044720542
5,66,0,18.630921176843643
5,67,0,22.379051112732704
5,68,0,5.576775689927617
5,69,0,10.386990068581175
5,70,0,17.024770046153623
5,71,0,9.989349003426101
5,72,0,9.719418396186184
5,73,0,2.399745989512979
5,74,0,11.751030794667782
5,75,0,14.389287179641112
5,76,0,16.589915431924545
5,77,0,9.902980079384387
5,78,0,7.770254083672837
5,79,0,21.449741595695055
5,80,0,15.893705698943764
5,81,0,15.78816529143211
5,82,0,12.719222999776742
5,83,0,14.56632083618605
5,84,0,12.480281499544779
5,85,0,14.697565952186547
5,86,0,21.087828761000846
5,87,0,7.967828317676403
5,88,0,8.811793768118504
5,89,0,15.478584203579958
5,90,0,13.734793412151811
5,91,0,18.897579194292458
5,92,0,12.881543614021037
5,93,0,2.942977984862657
5,94,0,9.355450520962302
5,95,0,3.8109171471891936
5,96,0,7.062290383861964
5,97,0,16.871398681832183
6,0,0,17.61246974424736
6,1,0,13.102813994892736
6,2,0,16.450297205885203
6,3,0,11.850548791895948
6,4,0,2.1556599107167633
6,5,0,5.438988544405934
6,6,0,0.0
6,7,0,12.88894209929162
6,8,0,7.2574472261169465
6,9,0,6.0817321420806625
6,10,0,19.305566695648068
6,11,0,17.250357401148666
6,12,0,17.095946275590308
6,13,0,9.05492795203002
6,14,0,14.880185122174288
6,15,0,5.581828710879551
6,16,0,21.463849816621163
6,17,0,9.815166386369281
6,18,0,16.948145741315887
6,19,0,10.783985796388171
6,20,0,8.560066281607314
6,21,0,18.77822055481406
6,22,0,3.66590075023549
6,23,0,10.311462994252471
6,24,0,20.15026610342864
6,25,0,29.10894959978159
6,26,0,13.42622854570815
6,27,0,22.458920644258505
6,28,0,8.139789915291596
6,29,0,9.857415045738954
6,30,0,13.15737414350373
6,31,0,4.6654697940415115
6,32,0,4.392755056060808
6,33,0,11.075770721337715
6,34,0,11.093300674805247
6,35,0,24.999779351986174
6,36,0,11.276657987406068
6,37,0,11.670833111306894
6,38,0,14.70701321806539
6,39,0,7.784237012799446
6,40,0,21.51977097474948
6,41,0,8.991655125666036
6,42,0,9.202907639865286
6,43,0,10.480649438478336
6,44,0,4.453192934058636
6,45,0,10.226876136489185
6,46,0,9.293336061028876
6,47,0,14.316562935081883
6,48,0,9.108936169130226
6,49,0,3.091356439367316
6,50,0,6.29885466036753
6,51,0,6.874875171340326
6,52,0,6.3003233540572765
6,53,0,11.725945934304022
6,54,0,13.894157781554698
6,55,0,8.575564564265049
6,56,0,3.661049020987757
6,57,0,11.620826166730053
6,58,0,12.69013973694607
6,59,0,16.406776433297633
6,60,0,11.170212374152843
6,61,0,8.467422538212997
6,62,0,2.6853381992218903
6,63,0,16.454072898004913
6,64,0,14.015274806845298
6,65,0,5.399826184051158
6,66,0,16.814189474353633
6,67,0,19.183592904030956
6,68,0,9.57429943693358
6,69,0,6.71179406776439
6,70,0,13.228829518105556
6,71,0,13.138238161371214
6,72,0,5.145602042386715
6,73,0,3.0820128505345514
6,74,0,8.534580817749363
6,75,0,9.585806959519365
6,76,0,11.323541008002334
6,77,0,5.585144726440346
6,78,0,2.4001453241691295
6,79,0,18.65285812931613
6,80,0,14.808700030688453
6,81,0,14.62297960738791
6,82,0,7.739114298352238
6,83,0,13.169239614694563
6,84,0,10.56649005299643
6,85,0,11.923624609346723
6,86,0,19.397961421009267
6,87,0,5.971383351020897
6,88,0,8.209987436836125
6,89,0,15.227329391934914
6,90,0,12.2583152718925
6,91,0,14.892098001941712
6,92,0,7.4429090584648945
6,93,0,8.381828938671307
6,94,0,7.830016316631807
6,95,0,9.021340886617375
6,96,0,8.314639767477658
6,97,0,12.276886092045649
7,0,0,14.877521098412727
7,1,0,5.825345008973285
7,2,0,16.920982874827686
7,3,0,4.507985064736615
7,4,0,13.272271071915387
7,5,0,10.616940626240702
7,6,0,12.88894209929162
7,7,0,0.0
7,8,0,7.558179637870628
7,9,0,10.07842623725088
7,10,0,15.632346804123575
7,11,0,11.282818090456955
7,12,0,28.69199375866796
7,13,0,4.298474149493907
7,14,0,12.371525569794084
7,15,0,15.994952597184394
7,16,0,18.994379344789593
7,17,0,4.243196937127847
7,18,0,28.567364513677727
7,19,0,14.202871227253052
7,20,0,20.534585631588417
7,21,0,31.304409136750802
7,22,0,9.289703691042513
7,23,0,18.822133478524304
7,24,0,32.55282771710622
7,25,0,21.64408855855815
7,26,0,26.28952471696351
7,27,0,16.994057862290376
7,28,0,17.885637112794342
7,29,0,21.36290161473728
7,30,0,1.8628108324498254
7,31,0,17.409142711818998
7,32,0,16.74194724859641
7,33,0,5.377516614667103
7,34,0,1.838347084829398
7,35,0,20.729038717389084
7,36,0,12.929075142068875
7,37,0,2.3664959398596315
7,38,0,15.034327154118321
7,39,0,19.666465782284178
7,40,0,16.272330614502756
7,41,0,14.47737070488983
7,42,0,19.82463573860063
7,43,0,22.821868698431388
7,44,0,15.063361051360072
7,45,0,13.927468781935358
7,46,0,9.985327419444525
7,47,0,5.689106006098926
7,48,0,18.141761333434836
7,49,0,15.978571892132216
7,50,0,15.109433026491283
7,51,0,13.11555300617985
7,52,0,12.249004043080252
7,53,0,18.57047378448826
7,54,0,22.760533880718018
7,55,0,19.575371245654026
7,56,0,13.167280421472807
7,57,0,6.1374455658572975
7,58,0,23.805675053465308
7,59,0,14.168242653391472
7,60,0,7.039784109664597
7,61,0,20.995210990986465
7,62,0,14.484718200149763
7,63,0,8.873532690934926
7,64,0,13.238062797102254
7,65,0,17.33077557968649
7,66,0,12.438005019310776
7,67,0,18.235446693377703
7,68,0,5.632703678589884
7,69,0,19.54396743882474
7,70,0,15.46901588579779
7,71,0,2.1648184418133867
7,72,0,12.988527471979836
7,73,0,11.658797457255448
7,74,0,11.192466244015158
7,75,0,16.256288122905513
7,76,0,19.6967041147033
7,77,0,18.472616498066284
7,78,0,14.87152457090749
7,79,0,16.609591374818002
7,80,0,26.424517868330067
7,81,0,9.19485657512897
7,82,0,15.654569024296903
7,83,0,8.907923127425505
7,84,0,8.964661485004221
7,85,0,11.726691380218695
7,86,0,14.16766745494582
7,87,0,17.981823008716724
7,88,0,6.314242540106025
7,89,0,26.094758459683295
7,90,0,24.142648893615497
7,91,0,17.374410177555003
7,92,0,18.368281452122883
7,93,0,10.380617350788773
7,94,0,7.755771189508594
7,95,0,8.808954014188867
7,96,0,4.6205393878639685
7,97,0,17.435198465929048
8,0,0,18.580501472152566
8,1,0,10.875398706496478
8,2,0,19.037641567629354
8,3,0,9.168473363927673
8,4,0,8.695227886205572
8,5,0,3.1387940282582703
8,6,0,7.2574472261169465
8,7,0,7.558179637870628
8,8,0,0.0
8,9,0,8.607923197916184
8,10,0,19.89398099876759
8,11,0,16.399981791158826
8,12,0,21.270223536830876
8,13,0,3.3274527271493852
8,14,0,15.684442800691997
8,15,0,8.664842498538919
8,16,0,22.833714530803267
8,17,0,6.967338194254483
8,18,0,24.195215203581498
8,19,0,7.370446057259776
8,20,0,15.807480860541112
8,21,0,25.910487985756692
8,22,0,5.004070593923108
8,23,0,11.276174858047563
8,24,0,25.399708700821847
8,25,0,27.94568546781118
8,26,0,19.799900259802616
8,27,0,22.24092213863223
8,28,0,14.681480398063647
8,29,0,14.035081564637185
8,30,0,8.71628161236021
8,31,0,11.84417274610037
8,32,0,10.030651523264169
8,33,0,3.9228070352040834
8,34,0,6.271390995478547
8,35,0,25.553388875637808
8,36,0,13.880548951160403
8,37,0,5.517098457246639
8,38,0,17.050627122707077
8,39,0,12.52398487520252
8,40,0,21.37622924904009
8,41,0,13.421890240769198
8,42,0,16.135696400050815
8,43,0,15.789903077760403
8,44,0,11.082116650761149
8,45,0,13.834074623255225
8,46,0,10.815540515296057
8,47,0,11.590010664316486
8,48,0,15.399086289600948
8,49,0,10.090390733220561
8,50,0,12.20062068281633
8,51,0,11.341545025893808
8,52,0,4.690824599183621
8,53,0,17.17792430747142
8,54,0,20.346398536804134
8,55,0,12.182496100979222
8,56,0,6.0330187184945565
8,57,0,4.373006824645474
8,58,0,16.344679926583986
8,59,0,17.533677632345743
8,60,0,10.223115575122375
8,61,0,14.155927536270124
8,62,0,7.807523581967167
8,63,0,14.613190500986121
8,64,0,15.66821668682455
8,65,0,12.60256906261555
8,66,0,16.80674156340614
8,67,0,21.225629198061252
8,68,0,2.5052845935171866
8,69,0,13.152691611504904
8,70,0,16.441859022499152
8,71,0,6.850842302348307
8,72,0,10.221872522493259
8,73,0,4.832585713030757
8,74,0,11.115566363569975
8,75,0,14.751073890898367
8,76,0,17.458034706426105
8,77,0,12.450477036817103
8,78,0,9.644157197723727
8,79,0,20.076314226693903
8,80,0,19.03163019147069
8,81,0,13.751419769613603
8,82,0,13.345446837888389
8,83,0,12.699045811201174
8,84,0,11.019956016128381
8,85,0,13.570259934974189
8,86,0,19.134749018191695
8,87,0,10.987447343041966
8,88,0,7.0730266227327965
8,89,0,18.57760643334892
8,90,0,16.86656663081394
8,91,0,18.40081588553896
8,92,0,14.414541875498776
8,93,0,3.3387759287422094
8,94,0,8.03644499047399
8,95,0,2.5276993492028588
8,96,0,4.6412500346049645
8,97,0,16.933143507781246
9,0,0,11.58490895069899
9,1,0,7.924073056680218
9,2,0,10.912812463917941
9,3,0,7.182113154031253
9,4,0,4.836839841063267
9,5,0,9.046353864376519
9,6,0,6.0817321420806625
9,7,0,10.07842623725088
9,8,0,8.607923197916184
9,9,0,0.0
9,10,0,13.24641443788428
9,11,0,11.278421236399769
9,12,0,23.013671284768165
9,13,0,7.989714742912824
9,14,0,8.809703703365303
9,15,0,11.545232042155451
9,16,0,15.55527610370062
9,17,0,5.929672950415596
9,18,0,18.642237573472602
9,19,0,14.975256755754536
9,20,0,11.011375819784607
9,21,0,21.85705377509558
9,22,0,4.056005089598958
9,23,0,16.1009780469919
9,24,0,25.62128636077529
9,25,0,23.07229758447216
9,26,0,18.264305130750145
9,27,0,16.37818288434717
9,28,0,7.83753451964871
9,29,0,15.891895049950943
9,30,0,9.50119903776793
9,31,0,9.029016907024465
9,32,0,10.368348746890184
9,33,0,11.079041167706658
9,34,0,8.32573364012091
9,35,0,18.965800186619653
9,36,0,5.607796548723757
9,37,0,10.017170891322998
9,38,0,9.018207940986215
9,39,0,13.784318466255392
9,40,0,15.438675523524806
9,41,0,4.91662373829052
9,42,0,9.84216973032573
9,43,0,16.208159544576652
9,44,0,5.547729601750308
9,45,0,5.239270344943943
9,46,0,3.213074459483253
9,47,0,9.260803467639825
9,48,0,8.065512362398357
9,49,0,8.355503750141825
9,50,0,5.071985555914066
9,51,0,3.1072186575361718
9,52,0,10.699141825306393
9,53,0,8.912519304889114
9,54,0,12.774252503043575
9,55,0,14.657288716984102
9,56,0,9.075686327038953
9,57,0,11.94706122317846
9,58,0,18.743676238936214
9,59,0,10.39046699536655
9,60,0,5.616143375018232
9,61,0,14.127068014377798
9,62,0,8.746237723287607
9,63,0,10.796799506100605
9,64,0,8.068742062040284
9,65,0,8.089089122545362
9,66,0,10.74060446670216
9,67,0,13.455312978852684
9,68,0,9.755617267204798
9,69,0,12.007024472106316
9,70,0,7.991381486612188
9,71,0,11.294453785044377
9,72,0,3.0419830391052995
9,73,0,7.687449641786463
9,74,0,2.714092454764239
9,75,0,6.47899593657692
9,76,0,9.716972981293363
9,77,0,10.52340561554471
9,78,0,6.66007030744239
9,79,0,12.726303965032514
9,80,0,20.749440884824637
9,81,0,8.73845480374942
9,82,0,5.5952347004395495
9,83,0,7.2463965500567395
9,84,0,4.564714767945833
9,85,0,5.923874485223512
9,86,0,13.326332538584909
9,87,0,11.989329447924183
9,88,0,3.810526407889572
9,89,0,21.28713991861403
9,90,0,18.15895330126768
9,91,0,9.89782332503165
9,92,0,8.533326706283532
9,93,0,11.417127304252503
9,94,0,2.5628700784693743
9,95,0,11.114360880236136
9,96,0,5.991479051186781
9,97,0,8.37231072221057
10,0,0,1.8240804377411872
10,1,0,9.84983200868308
10,2,0,5.590804404386102
10,3,0,11.4283382712213
10,4,0,17.75774561220969
10,5,0,21.56838380571638
10,6,0,19.305566695648068
10,7,0,15.632346804123575
10,8,0,19.89398099876759
10,9,0,13.24641443788428
10,10,0,0.0
10,11,0,4.5804478878011725
10,12,0,35.87220012850977
10,13,0,17.36883076743768
10,14,0,4.444934371944789
10,15,0,24.788402172430235
10,16,0,3.438061085681214
10,17,0,13.17603881479617
10,18,0,26.217870952358663
10,19,0,27.178994524010267
10,20,0,21.38542068999304
10,21,0,30.929733706491625
10,22,0,16.885070287340685
10,23,0,29.27329072539998
10,24,0,37.77883674317727
10,25,0,10.687244824859896
10,26,0,29.922752347960035
10,27,0,3.6343853254663334
10,28,0,16.91878377571384
10,29,0,28.99074548371425
10,30,0,13.799038795898085
10,31,0,21.326025759915495
10,32,0,23.467644787301477
10,33,0,20.19455706087625
10,34,0,15.201737204974183
10,35,0,5.754347176875789
10,36,0,8.475908775132329
10,37,0,17.48772738797317
10,38,0,5.7775325146027345
10,39,0,26.85688099711242
10,40,0,2.7939129760374453
10,41,0,12.008630089033895
10,42,0,18.818302982637373
10,43,0,28.937942129679232
10,44,0,17.30122466653375
10,45,0,10.234107715218542
10,46,0,10.042769136762088
10,47,0,10.027998836004908
10,48,0,16.125853705008094
10,49,0,21.195682632519276
10,50,0,15.431890388206408
10,51,0,13.237158505693968
10,52,0,23.391077647017365
10,53,0,13.607808403088612
10,54,0,17.859006370617223
10,55,0,27.865102301201485
10,56,0,22.234473278498033
10,57,0,21.12531403115954
10,58,0,31.859782763643054
10,59,0,3.0085372502953587
10,60,0,9.692323309889249
10,61,0,26.855502619780072
10,62,0,21.9836915316817
10,63,0,7.184660589758043
10,64,0,5.485162274976965
10,65,0,19.61485594653902
10,66,0,3.2136575730737333
10,67,0,4.09778802095617
10,68,0,19.585785995366084
10,69,0,24.545813409945143
10,70,0,8.029352042928968
10,71,0,17.793556029028615
10,72,0,14.847731547636492
10,73,0,20.73940548690847
10,74,0,10.832822582595957
10,75,0,13.109334317306395
10,76,0,15.812761392800933
10,77,0,22.949356786526348
10,78,0,19.415467113688806
10,79,0,2.2753612766272195
10,80,0,33.66623046368677
10,81,0,6.480437600147368
10,82,0,14.480501421525116
10,83,0,7.228557640811046
10,84,0,9.098538119910803
10,85,0,7.412105952791633
10,86,0,2.3059564059925046
10,87,0,25.102215691676502
10,88,0,12.861037129053033
10,89,0,34.40731792930075
10,90,0,31.051711797667867
10,91,0,8.153527695106881
10,92,0,18.604880541829353
10,93,0,23.207810585412275
10,94,0,12.221984526443098
10,95,0,22.253696262428846
10,96,0,15.361201633788614
10,97,0,11.410658578859168
11,0,0,4.561152222960575
11,1,0,5.702599509517287
11,2,0,8.297805657350102
11,3,0,7.40242351823277
11,4,0,16.101555906696134
11,5,0,18.49454787046195
11,6,0,17.250357401148666
11,7,0,11.282818090456955
11,8,0,16.399981791158826
11,9,0,11.278421236399769
11,10,0,4.5804478878011725
11,11,0,0.0
11,12,0,34.287213962776285
11,13,0,13.552360804109956
11,14,0,3.9840723599393355
11,15,0,22.429068943922783
11,16,0,8.017192098694963
11,17,0,9.44962762006501
11,18,0,27.18323153681301
11,19,0,23.769916478833263
11,20,0,21.13127495970165
11,21,0,31.441251038212553
11,22,0,14.256931794566038
11,23,0,26.610301372863226
11,24,0,36.79818191763183
11,25,0,11.901423119708051
11,26,0,29.216694564880854
11,27,0,5.873100690202102
11,28,0,16.897189915810102
11,29,0,27.107689602540663
11,30,0,9.423907237026242
11,31,0,20.14192158757339
11,32,0,21.611071129139617
11,33,0,16.143417497687288
11,34,0,11.091264015650106
11,35,0,9.466358498674378
11,36,0,8.233799013190499
11,37,0,13.295062908289138
11,38,0,7.296496486728575
11,39,0,25.02312760007599
11,40,0,5.060952819205013
11,41,0,11.847004035111347
11,42,0,18.974463766503142
11,43,0,27.482016618370423
11,44,0,16.278743238065207
11,45,0,10.18363690050231
11,46,0,8.230445959313816
11,47,0,5.598835986330439
11,48,0,16.38137026411403
11,49,0,19.62558618249391
11,50,0,14.80787206363461
11,51,0,12.333573441847626
11,52,0,20.35436937362433
11,53,0,14.65349277499705
11,54,0,19.248511966001775
11,55,0,25.760399681916567
11,56,0,19.676898913289936
11,57,0,17.045578255757157
11,58,0,29.93568455218179
11,59,0,4.606906171974764
11,60,0,6.365796803646708
11,61,0,25.397690769082836
11,62,0,19.82954299688612
11,63,0,2.6051554828487533
11,64,0,5.826247100252763
11,65,0,18.79374713841855
11,66,0,1.9566620161431971
11,67,0,8.13771779228528
11,68,0,15.717459466111446
11,69,0,23.23236705258241
11,70,0,9.197975676267014
11,71,0,13.445668008799561
11,72,0,13.625408434374172
11,73,0,18.086455236937123
11,74,0,9.509991602078019
11,75,0,13.40061377695276
11,76,0,16.690641377417208
11,77,0,21.70306027755614
11,78,0,17.901935576800536
11,79,0,6.22455702100084
11,80,0,32.01713201419373
11,81,0,2.7132447040446634
11,82,0,14.245375522437367
11,83,0,4.087720866617028
11,84,0,6.714248409178104
11,85,0,6.568740759241134
11,86,0,2.8885557741882044
11,87,0,23.21564290114571
11,88,0,9.705053917379097
11,89,0,32.46634307039733
11,90,0,29.43291000665861
11,91,0,10.23605471554423
11,92,0,18.34226735779974
11,93,0,19.737337898055575
11,94,0,9.521173855331515
11,95,0,18.598475070511327
11,96,0,11.760880673708575
11,97,0,12.589552739758792
12,0,0,34.08744839946283
12,1,0,30.122177600169167
12,2,0,31.985102713110475
12,3,0,28.74739379632139
12,4,0,18.22523811367431
12,5,0,18.135597145612444
12,6,0,17.095946275590308
12,7,0,28.69199375866796
12,8,0,21.270223536830876
12,9,0,23.013671284768165
12,10,0,35.87220012850977
12,11,0,34.287213962776285
12,12,0,0.0
12,13,0,24.398921663854306
12,14,0,31.575874299590673
12,15,0,12.70187726127511
12,16,0,37.49735950735252
12,17,0,26.562834487162167
12,18,0,19.036473711225792
12,19,0,17.298896641621596
12,20,0,16.060471791172738
12,21,0,15.740809610924027
12,22,0,20.480428798966
12,23,0,10.981118953984824
12,24,0,5.441241809741506
12,25,0,46.063036617688404
12,26,0,8.441508263325794
12,27,0,39.23894547519449
12,28,0,20.107715874016844
12,29,0,7.383457065685766
12,30,0,29.491030310873974
12,31,0,14.6042594713555
12,32,0,12.704149630926967
12,33,0,24.74558381410688
12,34,0,27.132597658331782
12,35,0,41.36554140405865
12,36,0,27.437076085282932
12,37,0,26.784539125332437
12,38,0,30.614562345829043
12,39,0,9.330964593631073
12,40,0,38.29786109784229
12,41,0,24.173671797991123
12,42,0,19.029090386250015
12,43,0,6.949771268501172
12,44,0,18.62601989931992
12,45,0,25.860761574614965
12,46,0,26.147535407658488
12,47,0,31.27596579733307
12,48,0,21.251257074044307
12,49,0,14.717019243111856
12,50,0,20.661333845901165
12,51,0,22.653425347102765
12,52,0,16.725133675867333
12,53,0,24.64306306864022
12,54,0,23.445737398978594
12,55,0,9.116660855751789
12,56,0,15.567936015047644
12,57,0,24.711101686459543
12,58,0,4.951847009392283
12,59,0,32.87655767284461
12,60,0,28.264989787193663
12,61,0,9.020102557824234
12,62,0,14.685335650467238
12,63,0,33.54623886085148
12,64,0,30.401234943507944
12,65,0,16.55234915807201
12,66,0,33.68734897367931
12,67,0,34.894494601034964
12,68,0,23.632397914801476
12,69,0,11.36706098559269
12,70,0,28.6573322897137
12,71,0,28.110480054593623
12,72,0,21.025412250747223
12,73,0,17.150952525311492
12,74,0,25.101618712079517
12,75,0,23.687215202342156
12,76,0,22.878143712769585
12,77,0,12.97590870751444
12,78,0,16.485134452473904
12,79,0,34.82118369948962
12,80,0,2.299241341037815
12,81,0,31.69694203729034
12,82,0,21.886191972015805
12,83,0,30.226553585573875
12,84,0,27.57403601585412
12,85,0,28.497632650814115
12,86,0,36.26822669645394
12,87,0,11.143864494159942
12,88,0,25.215793039747567
12,89,0,3.3201609246467694
12,90,0,4.854718253378263
12,91,0,29.78039623043267
12,92,0,18.281427967222672
12,93,0,19.354368110206256
12,94,0,24.92595530174672
12,95,0,21.026091343580397
12,96,0,24.623793750180422
12,97,0,26.313232830566402
13,0,0,16.22465609219424
13,1,0,7.887304647231552
13,2,0,17.278522634244496
13,3,0,6.1661145173937655
13,4,0,9.865082710772048
13,5,0,6.323851749923338
13,6,0,9.05492795203002
13,7,0,4.298474149493907
13,8,0,3.3274527271493852
13,9,0,7.989714742912824
13,10,0,17.36883076743768
13,11,0,13.552360804109956
13,12,0,24.398921663854306
13,13,0,0.0
13,14,0,13.399640965939488
13,15,0,11.707984280860673
13,16,0,20.490986657819477
13,17,0,4.192958232489512
13,18,0,25.50666127089138
13,19,0,10.4415383859762
13,20,0,17.230801519482284
13,21,0,27.782898488264564
13,22,0,5.734546030147481
13,23,0,14.595768714996991
13,24,0,28.327144473636515
13,25,0,24.85094246765889
13,26,0,22.286597769694854
13,27,0,19.42537589200013
13,28,0,15.25582507346455
13,29,0,17.082658025058496
13,30,0,5.390980861565005
13,31,0,13.701259041914254
13,32,0,12.612632147149773
13,33,0,3.187806720269463
13,34,0,2.949395911456025
13,35,0,22.8984688725289
13,36,0,12.447760793519098
13,37,0,2.620165634205694
13,38,0,15.286204371757686
13,39,0,15.426368467124574
13,40,0,18.597057826755673
13,41,0,12.876317723382668
13,42,0,16.996176045370273
13,43,0,18.62020411621649
13,44,0,11.984335481881027
13,45,0,12.856438046875141
13,46,0,9.272801605702044
13,47,0,8.44297807252788
13,48,0,15.75000523083996
13,49,0,12.122762217967182
13,50,0,12.548151295270452
13,51,0,11.061307261556564
13,52,0,7.995775383904578
13,53,0,16.902233107315592
13,54,0,20.621595004441552
13,55,0,15.283068947889582
13,56,0,8.904476443244372
13,57,0,4.120289531055513
13,58,0,19.50783184573084
13,59,0,15.275689175906903
13,60,0,7.7284525225369185
13,61,0,16.848612612254456
13,62,0,10.344300078667679
13,63,0,11.567824642374717
13,64,0,13.705737212400015
13,65,0,13.973713479186019
13,66,0,14.194474592972437
13,67,0,19.17027144453169
13,68,0,2.2237228522864223
13,69,0,15.543725308366332
13,70,0,15.085550481485466
13,71,0,4.086458885637011
13,72,0,10.410236337586426
13,73,0,7.442531306958071
13,74,0,9.997937464096252
13,75,0,14.467070422843257
13,76,0,17.598804322604607
13,77,0,14.59983557374795
13,78,0,11.248121910093841
13,79,0,17.829178583265215
13,80,0,22.135299714861375
13,81,0,11.005361845843513
13,82,0,13.418165038095525
13,83,0,10.149980689540584
13,84,0,8.99012222526419
13,85,0,11.759812108098217
13,86,0,16.37280255723357
13,87,0,13.776203592757316
13,88,0,5.127326569653432
13,89,0,21.79850401424402
13,90,0,19.876119915993183
13,91,0,17.07039538461478
13,92,0,15.385848265015024
13,93,0,6.44158217120845
13,94,0,6.472881107624769
13,95,0,5.0944220586864075
13,96,0,2.230916487739353
13,97,0,16.236617717001685
14,0,0,2.907325560392455
14,1,0,6.62677880162634
14,2,0,4.861141618261841
14,3,0,7.895817951790847
14,4,0,13.391552810076863
14,5,0,17.19537677381297
14,6,0,14.880185122174288
14,7,0,12.371525569794084
14,8,0,15.684442800691997
14,9,0,8.809703703365303
14,10,0,4.444934371944789
14,11,0,3.9840723599393355
14,12,0,31.575874299590673
14,13,0,13.399640965939488
14,14,0,0.0
14,15,0,20.346689999980743
14,16,0,7.1494745477244965
14,17,0,9.253034179632575
14,18,0,23.28473045675721
14,19,0,22.886823095740162
14,20,0,17.598315986393228
14,21,0,27.664003475613523
14,22,0,12.455026899727722
14,23,0,24.830525736777524
14,24,0,33.69406057129954
14,25,0,14.590024982006794
14,26,0,25.940106788142522
14,27,0,7.66362649422068
14,28,0,13.236482669333649
14,29,0,24.612702238462088
14,30,0,10.668007063237745
14,31,0,17.11390885884563
14,32,0,19.08284809859234
14,33,0,16.39204541175807
14,34,0,11.582856712225034
14,35,0,10.190757406496633
14,36,0,4.503658543384178
14,37,0,13.911132485753393
14,38,0,3.4363305442091017
14,39,0,22.484494951284685
14,40,0,6.723113904530309
14,41,0,8.178622189158544
14,42,0,15.263637083371098
14,43,0,24.665311179282522
14,44,0,13.121364661240083
14,45,0,6.4356358616199865
14,46,0,5.601021105256119
14,47,0,7.312099631027184
14,48,0,12.616797104897927
14,49,0,16.866233899567977
14,50,0,11.404040831907732
14,51,0,9.057774157956258
14,52,0,19.00272666299976
14,53,0,10.697567492819802
14,54,0,15.274566191416314
14,55,0,23.449242767987897
14,56,0,17.79110234818244
14,57,0,17.34017819362357
14,58,0,27.47834962671605
14,59,0,1.8761753686689584
14,60,0,5.689415746120593
14,61,0,22.576733034854087
14,62,0,17.553506597472886
14,63,0,5.635569887655608
14,64,0,1.8422490715093252
14,65,0,15.534511683473516
14,66,0,2.3840172904475803
14,67,0,5.881115413816764
14,68,0,15.621133589309718
14,69,0,20.304238395566433
14,70,0,5.2156367120952085
14,71,0,14.464792077382588
14,72,0,10.574698366312939
14,73,0,16.30274767014137
14,74,0,6.47565323155136
14,75,0,9.593252895123749
14,76,0,12.771352663197906
14,77,0,18.7236071602086
14,78,0,15.092233340195033
14,79,0,4.430091086317109
14,80,0,29.349257820367008
14,81,0,3.582791029689231
14,82,0,10.645115173266616
14,83,0,3.4645186756466892
14,84,0,4.7200790842096465
14,85,0,3.0945108503653387
14,86,0,4.794736789995938
14,87,0,20.715844303631236
14,88,0,8.611560519151714
14,89,0,30.02596299247113
14,90,0,26.73799175593541
14,91,0,6.376686575229942
14,92,0,14.794575280654765
14,93,0,18.960913466287632
14,94,0,7.840624246962391
14,95,0,18.109454513603993
14,96,0,11.280780812227325
14,97,0,8.611658042086923
15,0,0,23.12781826807505
15,1,0,17.74061628390942
15,2,0,22.02547013242394
15,3,0,16.255853446644647
15,4,0,7.532197711276976
15,5,0,5.537274031775851
15,6,0,5.581828710879551
15,7,0,15.994952597184394
15,8,0,8.664842498538919
15,9,0,11.545232042155451
15,10,0,24.788402172430235
15,11,0,22.429068943922783
15,12,0,12.70187726127511
15,13,0,11.707984280860673
15,14,0,20.346689999980743
15,15,0,0.0
15,16,0,27.030620079785212
15,17,0,14.013840865335608
15,18,0,18.729584979416337
15,19,0,7.512692795891897
15,20,0,11.023076789510435
15,21,0,18.99003436794465
15,22,0,8.188697862695216
15,23,0,4.797734235596458
15,24,0,16.74406756045382
15,25,0,34.33041780901291
15,26,0,11.77214692077755
15,27,0,27.839241828880528
15,28,0,12.547083197616544
15,29,0,5.380368558789949
15,30,0,16.80462690581535
15,31,0,6.8045973997662665
15,32,0,3.045870011939076
15,33,0,12.363711142640692
15,34,0,14.433159273464147
15,35,0,30.510828837980757
15,36,0,16.856842201490444
15,37,0,14.143625338977188
15,38,0,20.288767023620526
15,39,0,3.9578682158986647
15,40,0,26.906002877918752
15,41,0,14.459802562086258
15,42,0,12.88049564182787
15,43,0,7.258617916327386
15,44,0,9.284081055348437
15,45,0,15.781062574037605
15,46,0,14.745959955801439
15,47,0,18.80893382068872
15,48,0,13.687649880298325
15,49,0,5.277438410532491
15,50,0,11.422799036956157
15,51,0,12.40487167459778
15,52,0,4.510359021355723
15,53,0,16.728486322753582
15,54,0,17.977422657130173
15,55,0,3.590565531432977
15,56,0,2.89661505934968
15,57,0,12.500904477312135
15,58,0,7.864562472504762
15,59,0,21.929341010775516
15,60,0,16.142952154088356
15,61,0,5.9436668374069574
15,62,0,2.9437405062689095
15,63,0,21.328763863563598
15,64,0,19.5654782810339
15,65,0,8.82681355952828
15,66,0,22.17317285245556
15,67,0,24.765420274040835
15,68,0,11.112618840417593
15,69,0,5.930378518931303
15,70,0,18.784318294714723
15,71,0,15.51066086361412
15,72,0,10.651721421784986
15,73,0,4.519688447734171
15,74,0,14.090492911984631
15,75,0,14.820967575839562
15,76,0,15.88244416492708
15,77,0,6.208887679288783
15,78,0,6.5599667589284945
15,79,0,24.21359824606665
15,80,0,10.42969473665636
15,81,0,19.740231703438376
15,82,0,12.893876953919191
15,83,0,18.349258515058647
15,84,0,15.86948541763995
15,85,0,17.450562374240647
15,86,0,24.74029363387333
15,87,0,2.8346182247261176
15,88,0,12.901876003988747
15,89,0,10.272962928206873
15,90,0,8.202189795354546
15,91,0,20.398322759534647
15,92,0,11.252802289246718
15,93,0,7.4433019560995675
15,94,0,12.908445742453289
15,95,0,8.926217602089546
15,96,0,11.971957731337426
15,97,0,17.58505303425957
16,0,0,4.269029579574837
16,1,0,13.181484830808952
16,2,0,5.652010677932447
16,3,0,14.701234075031877
16,4,0,19.720434021277125
16,5,0,24.26599464337128
16,6,0,21.463849816621163
16,7,0,18.994379344789593
16,8,0,22.833714530803267
16,9,0,15.55527610370062
16,10,0,3.438061085681214
16,11,0,8.017192098694963
16,12,0,37.49735950735252
16,13,0,20.490986657819477
16,14,0,7.1494745477244965
16,15,0,27.030620079785212
16,16,0,0.0
16,17,0,16.31041210864567
16,18,0,26.130688307588184
16,19,0,30.0133940712737
16,20,0,22.32288912392267
16,21,0,31.11359959517269
16,22,0,19.42242151724443
16,23,0,31.651445670956896
16,24,0,38.97188803038975
16,25,0,10.88657575869504
16,26,0,31.009395799384933
16,27,0,4.887332723111043
16,28,0,17.84847093656349
16,29,0,30.88160650177009
16,30,0,17.176476117714973
16,31,0,22.89540978412252
16,32,0,25.420957189962593
16,33,0,23.40761289867062
16,34,0,18.470403071764817
16,35,0,4.149682134591882
16,36,0,10.220231155231431
16,37,0,20.778099227339354
16,38,0,6.891703819114349
16,39,0,28.743184463727488
16,40,0,4.616108722981014
16,41,0,13.326741947146742
16,42,0,19.544274455763745
16,43,0,30.54977027954887
16,44,0,18.887192243930492
16,45,0,11.643537219366056
16,46,0,12.461964943188608
16,47,0,13.43556366088612
16,48,0,16.89423387117493
16,49,0,23.014931253241883
16,50,0,16.839912398212984
16,51,0,14.940399062311668
16,52,0,26.046951133207703
16,53,0,13.92769594014223
16,54,0,17.67039758836656
16,55,0,29.91077786895433
16,56,0,24.630940622953393
16,57,0,24.34778636460354
16,58,0,33.74654449466112
16,59,0,5.310011136955399
16,60,0,12.763178907968852
16,61,0,28.49781589371674
16,62,0,24.145795530687764
16,63,0,10.622029225594511
16,64,0,7.486579518324256
16,65,0,20.992350004510996
16,66,0,6.561276911055797
16,67,0,2.818687947225114
16,68,0,22.71466645930672
16,69,0,26.131607371160463
16,70,0,8.88528574769554
16,71,0,21.148825833362128
16,72,0,16.659158829145014
16,73,0,23.214187715714377
16,74,0,12.941455957116544
16,75,0,14.032116789941282
16,76,0,16.129888871425496
16,77,0,24.522507565358442
16,78,0,21.243444361851374
16,79,0,2.8306302228538485
16,80,0,35.35415274450963
16,81,0,9.803232797241568
16,82,0,15.680360635131692
16,83,0,10.364261186529584
16,84,0,11.842626020050778
16,85,0,9.64237989655398
16,86,0,5.504460953029524
16,87,0,27.047565962693064
16,88,0,15.760706175154253
16,89,0,36.28208741646155
16,90,0,32.74616991229572
16,91,0,8.204158988981638
16,92,0,19.63630480137225
16,93,0,26.104819095296378
16,94,0,14.938002510906134
16,95,0,25.256099162039085
16,96,0,18.407863527028724
16,97,0,11.80692411104519
17,0,0,12.048393775372771
17,1,0,3.935113112507394
17,2,0,13.357466903836238
17,3,0,2.2835406478923304
17,4,0,9.699654906649583
17,5,0,9.330135679172123
17,6,0,9.815166386369281
17,7,0,4.243196937127847
17,8,0,6.967338194254483
17,9,0,5.929672950415596
17,10,0,13.17603881479617
17,11,0,9.44962762006501
17,12,0,26.562834487162167
17,13,0,4.192958232489512
17,14,0,9.253034179632575
17,15,0,14.013840865335608
17,16,0,16.31041210864567
17,17,0,0.0
17,18,0,24.54879209748835
17,19,0,14.335088117846539
17,20,0,16.712175512188225
17,21,0,27.55816846677435
17,22,0,6.17786241350957
17,23,0,17.678430975652855
17,24,0,29.93781603836594
17,25,0,21.009526485091953
17,26,0,23.157103476330335
17,27,0,15.310274846723381
17,28,0,13.767200189282494
17,29,0,19.183487709632235
17,30,0,3.605723917684077
17,31,0,14.002276872548975
17,32,0,14.056192448039221
17,33,0,7.142576491551325
17,34,0,2.6949204866256724
17,35,0,18.725192542476005
17,36,0,8.903479627786565
17,37,0,4.894863631332529
17,38,0,11.39080772072728
17,39,0,17.27594491847097
17,40,0,14.462761275214767
17,41,0,10.235457959289905
17,42,0,15.75965280786069
17,43,0,20.21788941699377
17,44,0,11.190998400503142
17,45,0,9.743619715844533
17,46,0,5.8358174084371
17,47,0,4.828164830624922
17,48,0,13.958580544714762
17,49,0,12.802469149695748
17,50,0,10.999396336088626
17,51,0,8.906362852872645
17,52,0,11.177741330336836
17,53,0,14.330979346016607
17,54,0,18.526782164865274
17,55,0,17.56407900952147
17,56,0,11.122403622368752
17,57,0,8.092456413520855
17,58,0,21.848850691283378
17,59,0,11.12773978349445
17,60,0,3.5637973405369228
17,61,0,18.252130945337395
17,62,0,11.913694318163742
17,63,0,7.677984946338356
17,64,0,9.71011942266198
17,65,0,13.596932285281063
17,66,0,10.006196872550989
17,67,0,15.07795326953744
17,68,0,6.412581671022143
17,69,0,16.506889244187622
17,70,0,11.511027808799932
17,71,0,5.841216997313544
17,72,0,8.922404272115715
17,73,0,9.494384695216187
17,74,0,6.967046379225999
17,75,0,12.01330815839311
17,76,0,15.464327992311253
17,77,0,15.252711721670735
17,78,0,11.445846675810303
17,79,0,13.674906916370533
17,80,0,24.26448333672614
17,81,0,6.843806279051166
17,82,0,11.456407395302996
17,83,0,5.958516023240761
17,84,0,5.087996295491889
17,85,0,7.91658340949215
17,86,0,12.228163208306407
17,87,0,15.49128141036927
17,88,0,2.119493929292477
17,89,0,24.286060090804348
17,90,0,21.817811253420388
17,91,0,13.466586051038133
17,92,0,14.386108785610762
17,93,0,10.297965868738478
17,94,0,3.5196028667918564
17,95,0,9.158911133186736
17,96,0,2.331230359036967
17,97,0,13.247767377136986
18,0,0,24.505026919759228
18,1,0,26.126591566960123
18,2,0,20.772148889341878
18,3,0,25.72865730483655
18,4,0,15.667669193729775
18,5,0,22.141547982170074
18,6,0,16.948145741315887
18,7,0,28.567364513677727
18,8,0,24.195215203581498
18,9,0,18.642237573472602
18,10,0,26.217870952358663
18,11,0,27.18323153681301
18,12,0,19.036473711225792
18,13,0,25.50666127089138
18,14,0,23.28473045675721
18,15,0,18.729584979416337
18,16,0,26.130688307588184
18,17,0,24.54879209748835
18,18,0,0.0
18,19,0,26.203115670012156
18,20,0,8.388574431172373
18,21,0,5.350750250340639
18,22,0,19.782387345843112
18,23,0,22.126754541385342
18,24,0,17.099188483767303
18,25,0,36.763121115450915
18,26,0,10.653675694694458
18,27,0,29.822437348631585
18,28,0,10.871143836266087
18,29,0,17.16646188202574
18,30,0,28.13949723214487
18,31,0,12.566099719958963
18,32,0,15.756582137897151
18,33,0,27.933600841526317
18,34,0,26.74739584349485
18,35,0,30.26145417717311
18,36,0,18.977603051842312
18,37,0,27.99560479624691
18,38,0,20.52208718933117
18,39,0,16.18043479237926
18,40,0,29.01176992245715
18,41,0,15.532011579361505
18,42,0,8.804329876418253
18,43,0,14.608699786743374
18,44,0,13.556018505818402
18,45,0,17.05164717449989
18,46,0,20.128819043173515
18,47,0,27.470364152656888
18,48,0,11.002398754079806
18,49,0,14.411247560277017
18,50,0,13.583085006863573
18,51,0,15.917648184985024
18,52,0,22.352246166447344
18,53,0,12.658884893978861
18,54,0,8.460374025703103
18,55,0,18.09158430578188
18,56,0,19.400495551182207
18,57,0,28.53754385419639
18,58,0,18.709171498883972
18,59,0,23.549513982727998
18,60,0,23.67242167268374
18,61,0,14.006068881418026
18,62,0,17.255576923843908
18,63,0,27.971049286147277
18,64,0,21.487949480604104
18,65,0,11.60914418009287
18,66,0,25.646693779572562
18,67,0,23.33236508427663
18,68,0,26.42524101526372
18,69,0,12.887362531639129
18,70,0,18.30006634718684
18,71,0,29.41817059525724
18,72,0,15.626415200861416
18,73,0,19.76146078459449
18,74,0,18.605297062479337
18,75,0,13.82940338683383
18,76,0,10.517888172543778
18,77,0,12.586231045378463
18,78,0,14.552729990742945
18,79,0,24.270498591942754
18,80,0,18.037268341118118
18,81,0,25.53380527457727
18,82,0,13.445894931486604
18,83,0,24.1855883876559
18,84,0,21.83718885053482
18,85,0,20.701779664644494
18,86,0,27.73027936938989
18,87,0,16.10555201556132
18,88,0,22.438991601224306
18,89,0,20.2390907053918
18,90,0,16.463727919494026
18,91,0,18.13105342417583
18,92,0,10.200796130093911
18,93,0,25.00318000042824
18,94,0,21.175403427529684
18,95,0,25.89388613661158
18,96,0,24.083520712165125
18,97,0,14.840693731935032
19,0,0,25.793922257777652
19,1,0,18.227367577965072
19,2,0,25.842152221228027
19,3,0,16.51196513111646
19,4,0,12.904661665128813
19,5,0,5.936395405889729
19,6,0,10.783985796388171
19,7,0,14.202871227253052
19,8,0,7.370446057259776
19,9,0,14.975256755754536
19,10,0,27.178994524010267
19,11,0,23.769916478833263
19,12,0,17.298896641621596
19,13,0,10.4415383859762
19,14,0,22.886823095740162
19,15,0,7.512692795891897
19,16,0,30.0133940712737
19,17,0,14.335088117846539
19,18,0,26.203115670012156
19,19,0,0.0
19,20,0,18.259782224056718
19,21,0,26.430883311927904
19,22,0,10.9210166346768
19,23,0,6.325099655624646
19,24,0,22.298770809315865
19,25,0,35.273587571702976
19,26,0,18.86394943807315
19,27,0,29.60542964843628
19,28,0,18.881083498251588
19,29,0,11.317967685189661
19,30,0,15.69080337147077
19,31,0,13.91854411454221
19,32,0,10.446844972125064
19,33,0,9.01027319950723
19,34,0,13.322173671510798
19,35,0,32.87390594583237
19,36,0,20.55517900033065
19,37,0,11.862570838120483
19,38,0,23.89806739438446
19,39,0,10.902176235462756
19,40,0,28.735650298070727
19,41,0,19.266983552328036
19,42,0,19.686607428678553
19,43,0,13.93616886530014
19,44,0,15.229409317601991
19,45,0,20.104201291856416
19,46,0,17.699943057087772
19,47,0,18.8757178466041
19,48,0,19.885921422460846
19,49,0,12.147691485885716
19,50,0,17.034766903814802
19,51,0,17.072830638825913
19,52,0,4.507409771423512
19,53,0,22.440140833701633
19,54,0,24.595498485033335
19,55,0,9.4912520775023
19,56,0,7.26657867078037
19,57,0,8.558686981643556
19,58,0,12.535928179469627
19,59,0,24.70370184167831
19,60,0,17.555618967569526
19,61,0,13.15381680594135
19,62,0,9.233462276028153
19,63,0,21.954882786870083
19,64,0,22.6843925257982
19,65,0,15.6227654701189
19,66,0,24.134229784596236
19,67,0,28.228989691443633
19,68,0,8.588536300720907
19,69,0,13.442268263757066
19,70,0,22.959440847784393
19,71,0,12.771667238783698
19,72,0,15.538005412744072
19,73,0,7.813491871591867
19,74,0,17.672650469818297
19,75,0,20.186166032400948
19,76,0,22.10470900448988
19,77,0,13.623872354952459
19,78,0,12.805428575523035
19,79,0,27.217765688461483
19,80,0,15.37585141425224
19,81,0,21.11502479581808
19,82,0,18.43404439555682
19,83,0,20.027311984110323
19,84,0,18.17301947167024
19,85,0,20.532823669787717
19,86,0,26.493366502129586
19,87,0,10.28947732706857
19,88,0,14.317972493954697
19,89,0,14.108530355894498
19,90,0,13.975255627194302
19,91,0,24.833802681951298
19,92,0,17.951928870565585
19,93,0,4.038171351298662
19,94,0,15.079917557623121
19,95,0,5.411554948736761
19,96,0,12.011504910647341
19,97,0,22.73914431049731
20,0,0,19.563662971014097
20,1,0,18.88019242738253
20,2,0,16.672957739892862
20,3,0,18.187719698819436
20,4,0,7.366533098222369
20,5,0,13.80893706512751
20,6,0,8.560066281607314
20,7,0,20.534585631588417
20,8,0,15.807480860541112
20,9,0,11.011375819784607
20,10,0,21.38542068999304
20,11,0,21.13127495970165
20,12,0,16.060471791172738
20,13,0,17.230801519482284
20,14,0,17.598315986393228
20,15,0,11.023076789510435
20,16,0,22.32288912392267
20,17,0,16.712175512188225
20,18,0,8.388574431172373
20,19,0,18.259782224056718
20,20,0,0.0
20,21,0,10.85666306571877
20,22,0,11.4969458520194
20,23,0,15.14545160299821
20,24,0,16.70171952195621
20,25,0,32.03909485132861
20,26,0,8.708554638784648
20,27,0,24.98309360973767
20,28,0,4.486964941311888
20,29,0,11.240946057533238
20,30,0,20.31417626444422
20,31,0,4.348044722539267
20,32,0,7.979147762561909
20,33,0,19.564600310587906
20,34,0,18.697625379313777
20,35,0,26.397102600609216
20,36,0,13.099268573575
20,37,0,19.769543846745748
20,38,0,15.687114383372435
20,39,0,9.558933651452262
20,40,0,24.077860337223097
20,41,0,9.434023034657189
20,42,0,2.979304930405316
20,43,0,9.566435459177203
20,44,0,5.522376229898556
20,45,0,11.204923984992174
20,46,0,13.205479524039921
20,47,0,20.229068746722163
20,48,0,5.4507117366729565
20,49,0,6.167250222391564
20,50,0,6.357233610690541
20,51,0,8.87284622720648
20,52,0,14.165705288672173
20,53,0,8.72098783629118
20,54,0,7.681513709288538
20,55,0,11.446036807528813
20,56,0,11.193971104511943
20,57,0,20.154720364988698
20,58,0,13.64897182120432
20,59,0,18.42285287376077
20,60,0,16.48190192746703
20,61,0,7.979243065030099
20,62,0,9.083072306118392
20,63,0,21.34003893747787
20,64,0,16.02530859892268
20,65,0,3.257999454412475
20,66,0,19.95450371944633
20,67,0,19.56656510471998
20,68,0,18.05633253983298
20,69,0,5.913864207552326
20,70,0,13.50240309439758
20,71,0,21.213794467776484
20,72,0,8.001433017334948
20,73,0,11.415444122611788
20,74,0,11.746421017886101
20,75,0,8.322344861671116
20,76,0,6.829763216743611
20,77,0,4.9025894410223465
20,78,0,6.164190159748807
20,79,0,19.887312043637984
20,80,0,14.242444869372523
20,81,0,19.01361814668088
20,82,0,6.955659750171913
20,83,0,17.545118013015173
20,84,0,14.932193286268856
20,85,0,14.610766231591661
20,86,0,22.368127076661818
20,87,0,8.808580029043938
20,88,0,14.661710641600111
20,89,0,15.867404683498581
20,90,0,11.871303358601558
20,91,0,14.219563112587476
20,92,0,2.803740705738785
20,93,0,16.705694112366704
20,94,0,13.56738239436681
20,95,0,17.530193629956887
20,96,0,15.959500890411364
20,97,0,10.615191791982216
21,0,0,29.16575565901392
21,1,0,29.68023754864317
21,2,0,25.625869901738536
21,3,0,29.038080530832122
21,4,0,18.037098837012564
21,5,0,23.396286292711743
21,6,0,18.77822055481406
21,7,0,31.304409136750802
21,8,0,25.910487985756692
21,9,0,21.85705377509558
21,10,0,30.929733706491625
21,11,0,31.441251038212553
21,12,0,15.740809610924027
21,13,0,27.782898488264564
21,14,0,27.664003475613523
21,15,0,18.99003436794465
21,16,0,31.11359959517269
21,17,0,27.55816846677435
21,18,0,5.350750250340639
21,19,0,26.430883311927904
21,20,0,10.85666306571877
21,21,0,0.0
21,22,0,22.108727508050105
21,23,0,21.382649542649023
21,24,0,12.694578231500694
21,25,0,41.573668458752174
21,26,0,8.234943440436897
21,27,0,34.56042066373741
21,28,0,14.596148274410949
21,29,0,15.963165788841053
21,30,0,31.155507288088447
21,31,0,14.113624136396352
21,32,0,16.357302453583106
21,33,0,29.80507795399221
21,34,0,29.466343975112398
21,35,0,35.26111240056607
21,36,0,23.217189407328426
21,37,0,30.37568386941674
21,38,0,25.164877304373366
21,39,0,15.638656091880794
21,40,0,33.714232929360385
21,41,0,19.600771356601516
21,42,0,12.487419819452871
21,43,0,13.154163340068584
21,44,0,16.376126725201253
21,45,0,21.264782759921754
21,46,0,23.863568320776277
21,47,0,31.032129094914495
21,48,0,15.062246110742137
21,49,0,15.821559839192798
21,50,0,17.027926307922314
21,51,0,19.52180763650243
21,52,0,23.17777344986008
21,53,0,17.333042061377764
21,54,0,13.53368042099614
21,55,0,17.35730790023052
21,56,0,20.4013237144436
21,57,0,30.27325141039141
21,58,0,16.72300125596702
21,59,0,28.138541481083454
21,60,0,27.25717508692502
21,61,0,13.34366642344561
21,62,0,18.309172358532383
21,63,0,31.937047671433252
21,64,0,25.931197447793043
21,65,0,13.983622919174326
21,66,0,30.04750436116371
21,67,0,28.29808206086574
21,68,0,28.31793571340298
21,69,0,13.145480896290076
21,70,0,22.913981125001246
21,71,0,31.837465129913966
21,72,0,18.830075153564753
21,73,0,21.1580427641331
21,74,0,22.360297218184158
21,75,0,18.07137717922687
21,76,0,15.119967078176764
21,77,0,13.501192266530937
21,78,0,16.535733853989544
21,79,0,29.093661792666904
21,80,0,15.310420378768546
21,81,0,29.546200277426717
21,82,0,17.269768152406773
21,83,0,28.12162570057797
21,84,0,25.598996226640384
21,85,0,24.87658810291148
21,86,0,32.276089214282706
21,87,0,16.164494012885395
21,88,0,25.51677093900677
21,89,0,17.665082011478617
21,90,0,14.425141166405481
21,91,0,22.98594332796443
21,92,0,13.399054514674077
21,93,0,26.042484048265468
21,94,0,24.417080378963885
21,95,0,27.204707309906716
21,96,0,26.696987189729846
21,97,0,19.528018784372133
22,0,0,15.324864524312376
22,1,0,9.647112047302148
22,2,0,14.95535430795627
22,3,0,8.284684142458106
22,4,0,4.130661766052317
22,5,0,4.990349439372729
22,6,0,3.66590075023549
22,7,0,9.289703691042513
22,8,0,5.004070593923108
22,9,0,4.056005089598958
22,10,0,16.885070287340685
22,11,0,14.256931794566038
22,12,0,20.480428798966
22,13,0,5.734546030147481
22,14,0,12.455026899727722
22,15,0,8.188697862695216
22,16,0,19.42242151724443
22,17,0,6.17786241350957
22,18,0,19.782387345843112
22,19,0,10.9210166346768
22,20,0,11.4969458520194
22,21,0,22.108727508050105
22,22,0,0.0
22,23,0,12.422559587200926
22,24,0,23.759984922056585
22,25,0,26.15636991740551
22,26,0,17.08435996436563
22,27,0,19.767274682843123
22,28,0,9.773628445132786
22,29,0,13.129166511384355
22,30,0,9.492501702475701
22,31,0,8.121260605630217
22,32,0,7.88661524927548
22,33,0,8.28118805393097
22,34,0,7.472645079018493
22,35,0,22.63910006962202
22,36,0,9.65390176754916
22,37,0,8.283980382702357
22,38,0,13.038876708941412
22,39,0,11.158218702734716
22,40,0,18.843501638571357
22,41,0,8.562430238497843
22,42,0,11.373140665823437
22,43,0,14.044550245100735
22,44,0,6.3127717757964
22,45,0,9.215810235516097
22,46,0,6.9615585557094315
22,47,0,10.798524936223759
22,48,0,10.428878244413887
22,49,0,6.724075600886279
22,50,0,7.215353791799467
22,51,0,6.418286998081026
22,52,0,6.668064681431596
22,53,0,12.19810085942014
22,54,0,15.374505681056245
22,55,0,11.617746493554847
22,56,0,5.424958589901682
22,57,0,9.002461094761708
22,58,0,15.872223251018399
22,59,0,14.165182011499617
22,60,0,7.954290108828
22,61,0,12.07438902571809
22,62,0,5.795102588597999
22,63,0,13.161877873799641
22,64,0,11.96386539925673
22,65,0,8.240680598009028
22,66,0,14.106855756724366
22,67,0,17.440444039084216
22,68,0,6.795971404008614
22,69,0,10.377692678285436
22,70,0,12.03925502013241
22,71,0,9.738409945727467
22,72,0,5.218177554892465
22,73,0,3.8662239534359557
22,74,0,6.762697435557854
22,75,0,9.78593765371564
22,76,0,12.46082157159746
22,77,0,9.211440403713008
22,78,0,5.596225151134727
22,79,0,16.594366812271293
22,80,0,18.18169459145
22,81,0,11.559354076265937
22,82,0,8.341513721269378
22,83,0,10.190065764854289
22,84,0,7.815145531861579
22,85,0,9.796086290258925
22,86,0,16.645710272912712
22,87,0,9.35662497682507
22,88,0,4.7508258169213615
22,89,0,18.36298285940274
22,90,0,15.69356700155181
22,91,0,13.925641354047839
22,92,0,9.713684440563128
22,93,0,7.452694350074026
22,94,0,4.7556201425401365
22,95,0,7.375797265818829
22,96,0,4.680601720633033
22,97,0,12.085659327808788
23,0,0,27.663207482579445
23,1,0,21.56586921361093
23,2,0,26.753931351601274
23,3,0,19.961892570010562
23,4,0,12.318540786991951
23,5,0,8.386145150327438
23,6,0,10.311462994252471
23,7,0,18.822133478524304
23,8,0,11.276174858047563
23,9,0,16.1009780469919
23,10,0,29.27329072539998
23,11,0,26.610301372863226
23,12,0,10.981118953984824
23,13,0,14.595768714996991
23,14,0,24.830525736777524
23,15,0,4.797734235596458
23,16,0,31.651445670956896
23,17,0,17.678430975652855
23,18,0,22.126754541385342
23,19,0,6.325099655624646
23,20,0,15.14545160299821
23,21,0,21.382649542649023
23,22,0,12.422559587200926
23,23,0,0.0
23,24,0,15.99591603717778
23,25,0,38.476952581426275
23,26,0,13.358579887648302
23,27,0,32.187765459741584
23,28,0,17.210193924425663
23,29,0,5.495913891049036
23,30,0,19.964579705088397
23,31,0,11.227162345689232
23,32,0,7.429855611236807
23,33,0,14.247952330476432
23,34,0,17.519762496494447
23,35,0,35.02070966736651
23,36,0,21.538399622984187
23,37,0,16.669037661890332
23,38,0,24.980260321804057
23,39,0,5.948025050919295
23,40,0,31.265348487871123
23,41,0,19.24843981990126
23,42,0,17.3361502411467
23,43,0,8.30530606909688
23,44,0,14.060688264250157
23,45,0,20.537549595287768
23,46,0,19.255375811875957
23,47,0,22.499473141830457
23,48,0,18.374504099563644
23,49,0,9.926164171673522
23,50,0,16.21307280329404
23,51,0,17.174021296844096
23,52,0,6.607215973762919
23,53,0,21.484831064540973
23,54,0,22.46302161613383
23,55,0,4.067641123360341
23,56,0,7.039996237910447
23,57,0,14.06410145840222
23,58,0,6.229194880223571
23,59,0,26.47923786109767
23,60,0,20.250487917946238
23,61,0,8.1815655280231
23,62,0,7.731212242851788
23,63,0,25.26363002780451
23,64,0,24.166875219844293
23,65,0,13.38291072823907
23,66,0,26.529265370203145
23,67,0,29.456668672371443
23,68,0,13.352288100288263
23,69,0,9.39544228455554
23,70,0,23.54002290427454
23,71,0,17.853571367725703
23,72,0,15.427296691767111
23,73,0,8.556676212461548
23,74,0,18.722481329788064
23,75,0,19.613819171648696
23,76,0,20.541293265292158
23,77,0,10.25124697313613
23,78,0,11.33270892603832
23,79,0,28.824499698279286
23,80,0,9.058904011796155
23,81,0,23.89837447848617
23,82,0,17.683024830147165
23,83,0,22.578645065620307
23,84,0,20.2347344310218
23,85,0,22.024483286696427
23,86,0,29.062876484253426
23,87,0,6.33801667815984
23,88,0,16.923191433411144
23,89,0,7.837342170547051
23,90,0,7.854800336007295
23,91,0,25.180568619874563
23,92,0,15.798356091959764
23,93,0,8.72399498509606
23,94,0,17.169816813245173
23,95,0,10.425787089939229
23,96,0,15.440481790065235
23,97,0,22.380972511079158
24,0,0,35.9587006003687
24,1,0,33.21379306812799
24,2,0,33.33533325623893
24,3,0,32.00073802202055
24,4,0,20.799501444108106
24,5,0,22.280630992331407
24,6,0,20.15026610342864
24,7,0,32.55282771710622
24,8,0,25.399708700821847
24,9,0,25.62128636077529
24,10,0,37.77883674317727
24,11,0,36.79818191763183
24,12,0,5.441241809741506
24,13,0,28.327144473636515
24,14,0,33.69406057129954
24,15,0,16.74406756045382
24,16,0,38.97188803038975
24,17,0,29.93781603836594
24,18,0,17.099188483767303
24,19,0,22.298770809315865
24,20,0,16.70171952195621
24,21,0,12.694578231500694
24,22,0,23.759984922056585
24,23,0,15.99591603717778
24,24,0,0.0
24,25,0,48.283557387893374
24,26,0,7.997237606644957
24,27,0,41.29621350931474
24,28,0,21.13646976904752
24,29,0,11.435501446785082
24,30,0,33.13125722908684
24,31,0,16.656381297605233
24,32,0,15.89873482797492
24,33,0,29.09058760661232
24,34,0,30.879705580380502
24,35,0,43.002132357321635
24,36,0,29.318128070757062
24,37,0,30.836641976803083
24,38,0,32.21976768739289
24,39,0,12.902908912189343
24,40,0,40.36716514144748
24,41,0,25.790206609726994
24,42,0,19.60891228272574
24,43,0,9.74617758611627
24,44,0,20.58225901093958
24,45,0,27.555085586720704
24,46,0,28.567948559331356
24,47,0,34.45373552273517
24,48,0,22.15095416281745
24,49,0,17.330280240411128
24,50,0,22.348345059835168
24,51,0,24.636633439761862
24,52,0,21.10201216956329
24,53,0,25.38806404038669
24,54,0,23.21911718875548
24,55,0,13.351669035638897
24,56,0,19.43346706795654
24,57,0,29.16945835917066
24,58,0,9.767144710314156
24,59,0,34.77436659416801
24,60,0,31.13942624015081
24,61,0,11.68714992108163
24,62,0,18.11046905591082
24,63,0,36.39870080595966
24,64,0,32.31043750257212
24,65,0,18.173140483727884
24,66,0,35.94567849919537
24,67,0,36.24167763347277
24,68,0,27.856667529911594
24,69,0,13.621870556084668
24,70,0,30.100351202721054
24,71,0,32.22935019428475
24,72,0,23.194054660516795
24,73,0,20.89629397447512
24,74,0,27.336895084374763
24,75,0,24.93994988457902
24,76,0,23.36750672560834
24,77,0,15.105633950697584
24,78,0,18.964979193090898
24,79,0,36.45242649108599
24,80,0,6.948321162104911
24,81,0,34.346001061846884
24,82,0,23.34753122664654
24,83,0,32.8464672936477
24,84,0,30.14292783017191
24,85,0,30.604961648639584
24,86,0,38.47901486691863
24,87,0,14.573053904889886
24,88,0,28.348734870433578
24,89,0,8.71551443672553
24,90,0,8.58302018288894
24,91,0,30.91708074121913
24,92,0,19.33645858612277
24,93,0,23.903314229622893
24,94,0,27.816065262026026
24,95,0,25.516387695566145
24,96,0,28.2192412114586
24,97,0,27.31680225230734
25,0,0,12.494884172792187
25,1,0,17.077821856508397
25,2,0,15.991041710395015
25,3,0,18.777452973481925
25,4,0,27.837844309227325
25,5,0,30.269157519871417
25,6,0,29.10894959978159
25,7,0,21.64408855855815
25,8,0,27.94568546781118
25,9,0,23.07229758447216
25,10,0,10.687244824859896
25,11,0,11.901423119708051
25,12,0,46.063036617688404
25,13,0,24.85094246765889
25,14,0,14.590024982006794
25,15,0,34.33041780901291
25,16,0,10.88657575869504
25,17,0,21.009526485091953
25,18,0,36.763121115450915
25,19,0,35.273587571702976
25,20,0,32.03909485132861
25,21,0,41.573668458752174
25,22,0,26.15636991740551
25,23,0,38.476952581426275
25,24,0,48.283557387893374
25,25,0,0.0
25,26,0,40.50287471560902
25,27,0,7.061721730030484
25,28,0,27.58778094427664
25,29,0,38.95710119879971
25,30,0,19.883076223478277
25,31,0,31.6915361544841
25,32,0,33.439733099109965
25,33,0,26.967845926470087
25,34,0,22.067171684395113
25,35,0,7.154432055122931
25,36,0,19.00081412309745
25,37,0,23.954221139776898
25,38,0,16.46103136657489
25,39,0,36.85576709553912
25,40,0,7.961248923636508
25,41,0,22.621862823618905
25,42,0,29.503944375482877
25,43,0,39.192387380659554
25,44,0,27.710055709518528
25,45,0,20.8448771316532
25,46,0,19.915718836462922
25,47,0,16.408642181338593
25,48,0,26.81181144260054
25,49,0,31.351350553585068
25,50,0,25.96667307606771
25,51,0,23.64777875908005
25,52,0,32.12967564649655
25,53,0,24.24076497617233
25,54,0,28.331063177950643
25,55,0,37.64711966600047
25,56,0,31.57278872183111
25,57,0,27.773399353018647
25,58,0,41.79875189662709
25,59,0,13.617007109927469
25,60,0,18.232300519530693
25,61,0,37.102322760038085
25,62,0,31.71280820473507
25,63,0,13.334874102603084
25,64,0,16.02876939018881
25,65,0,30.118243186798534
25,66,0,12.38384799895241
25,67,0,13.55201963324709
25,68,0,26.86864998480944
25,69,0,34.86318770547504
25,70,0,18.70982407480957
25,71,0,23.634412649657094
25,72,0,25.14077907845622
25,73,0,29.97587370891696
25,74,0,21.006763860476266
25,75,0,23.79068697109962
25,76,0,26.455579925841963
25,77,0,33.29347855450261
25,78,0,29.594573618833387
25,79,0,12.49569582383718
25,80,0,43.81077379446146
25,81,0,14.5983675583014
25,82,0,25.103366447938768
25,83,0,15.9835501139393
25,84,0,18.542501104352365
25,85,0,17.68181327401432
25,86,0,9.81723874173198
25,87,0,35.056812126387946
25,88,0,21.553766833072366
25,89,0,44.335963645304304
25,90,0,41.21097491894258
25,91,0,18.633267732928232
25,92,0,29.247157310254476
25,93,0,31.24294149896738
25,94,0,21.42218179170744
25,95,0,29.941541462065793
25,96,0,23.337584468561854
25,97,0,22.04695680711699
26,0,0,28.09904777165084
26,1,0,26.092222988338616
26,2,0,25.365010525098302
26,3,0,25.0501981640778
26,4,0,13.579708009021441
26,5,0,16.89890224217927
26,6,0,13.42622854570815
26,7,0,26.28952471696351
26,8,0,19.799900259802616
26,9,0,18.264305130750145
26,10,0,29.922752347960035
26,11,0,29.216694564880854
26,12,0,8.441508263325794
26,13,0,22.286597769694854
26,14,0,25.940106788142522
26,15,0,11.77214692077755
26,16,0,31.009395799384933
26,17,0,23.157103476330335
26,18,0,10.653675694694458
26,19,0,18.86394943807315
26,20,0,8.708554638784648
26,21,0,8.234943440436897
26,22,0,17.08435996436563
26,23,0,13.358579887648302
26,24,0,7.997237606644957
26,25,0,40.50287471560902
26,26,0,0.0
26,27,0,33.47766937338326
26,28,0,13.161880000824636
26,29,0,7.868199750152539
26,30,0,26.574147152065063
26,31,0,9.256729180780146
26,32,0,9.769250130876054
26,33,0,23.700854998857988
26,34,0,24.510216032023493
26,35,0,35.061346298234824
26,36,0,21.50265104267588
26,37,0,24.896026939787248
26,38,0,24.301594980047835
26,39,0,7.97898384175624
26,40,0,32.55675419353995
26,41,0,17.914224010668125
26,42,0,11.612808926647439
26,43,0,5.053375347635087
26,44,0,12.940584960552197
26,45,0,19.68893166572539
26,46,0,21.026581057464785
26,47,0,27.3889987706061
26,48,0,14.159212839620006
26,49,0,10.366429599760087
26,50,0,14.538707029580541
26,51,0,16.920082705757945
26,52,0,16.242597344840128
26,53,0,17.392082853527217
26,54,0,15.425938159483314
26,55,0,9.456481666631772
26,56,0,13.834592220997433
26,57,0,23.99226264000139
26,58,0,8.501453683294201
26,59,0,26.929099028373354
26,60,0,23.87234883743846
26,61,0,5.828493777175155
26,62,0,12.009375179852137
26,63,0,29.04271919405847
26,64,0,24.483310389022073
26,65,0,10.429979201884011
26,66,0,28.23893655813383
26,67,0,28.265774466249567
26,68,0,22.302500473967804
26,69,0,6.749234663316383
26,70,0,22.15485937545854
26,71,0,26.350947848539324
26,72,0,15.605409480700281
26,73,0,14.987611381627492
26,74,0,19.707350496662027
26,75,0,16.981151532857506
26,76,0,15.386868934649835
26,77,0,7.904868308373125
26,78,0,11.761434064602684
26,79,0,28.525604149410437
26,80,0,7.4065164267724795
26,81,0,26.872580232254386
26,82,0,15.448021409073446
26,83,0,25.37162548857317
26,84,0,22.671497606656395
26,85,0,22.871952895847073
26,86,0,30.734835029141497
26,87,0,9.005935014736412
26,88,0,21.364837229676898
26,89,0,9.672114333089922
26,90,0,6.198571567643839
26,91,0,22.927734179668587
26,92,0,11.378929592948346
26,93,0,19.184067374610038
26,94,0,20.62830303627685
26,95,0,20.575801614483616
26,96,0,21.739221308457758
26,97,0,19.3231818602173
27,0,0,5.433688961151576
27,1,0,11.56621034257012
27,2,0,9.098574682945012
27,3,0,13.273146813578506
27,4,0,21.04227012408109
27,5,0,24.221581122093475
27,6,0,22.458920644258505
27,7,0,16.994057862290376
27,8,0,22.24092213863223
27,9,0,16.37818288434717
27,10,0,3.6343853254663334
27,11,0,5.873100690202102
27,12,0,39.23894547519449
27,13,0,19.42537589200013
27,14,0,7.66362649422068
27,15,0,27.839241828880528
27,16,0,4.887332723111043
27,17,0,15.310274846723381
27,18,0,29.822437348631585
27,19,0,29.60542964843628
27,20,0,24.98309360973767
27,21,0,34.56042066373741
27,22,0,19.767274682843123
27,23,0,32.187765459741584
27,24,0,41.29621350931474
27,25,0,7.061721730030484
27,26,0,33.47766937338326
27,27,0,0.0
27,28,0,20.5273598594161
27,29,0,32.24621900990698
27,30,0,15.132902814173043
27,31,0,24.76300818682967
27,32,0,26.71494271392163
27,33,0,21.985955895695326
27,34,0,16.933796139720812
27,35,0,3.8933676297040325
27,36,0,11.981250863169645
27,37,0,19.09617739971616
27,38,0,9.411755625655081
27,39,0,30.123789506247885
27,40,0,0.941758480483502
27,41,0,15.576481054696243
27,42,0,22.44331841630844
27,43,0,32.32844392029061
27,44,0,20.755435218858317
27,45,0,13.798999021125558
27,46,0,13.171963096510837
27,47,0,11.325306105511453
27,48,0,19.751501570228456
27,49,0,24.526883862821553
27,50,0,18.95410960053536
27,51,0,16.68475037944698
27,52,0,26.07358798963268
27,53,0,17.233481916293666
27,54,0,21.434810385720542
27,55,0,31.03393440573302
27,56,0,25.181591485543482
27,57,0,22.877462891594337
27,58,0,35.10714228967382
27,59,0,6.560831303411154
27,60,0,12.088852789616224
27,61,0,30.240095965427244
27,62,0,25.111642495828573
27,63,0,8.12052540076259
27,64,0,8.994585475265874
27,65,0,23.123074344155206
27,66,0,5.667162214950201
27,67,0,7.016128212514954
27,68,0,21.588849017771
27,69,0,27.96232282755057
27,70,0,11.6637301644131
27,71,0,19.138578641398688
27,72,0,18.234439798097018
27,73,0,23.631595907787386
27,74,0,14.137488941331013
27,75,0,16.729069262524533
27,76,0,19.441595275496518
27,77,0,26.377416781205184
27,78,0,22.754446235407404
27,79,0,5.61045860906233
27,80,0,37.00972366834172
27,81,0,8.490404876363957
27,82,0,18.056013193398208
27,83,0,9.656258564665208
27,84,0,11.974205885004098
27,85,0,10.750358257598288
27,86,0,3.1344484288267433
27,87,0,28.344915686679805
27,88,0,15.410479732734155
27,89,0,37.65346232619157
27,90,0,34.39939499781602
27,91,0,11.71376848042197
27,92,0,22.19441882956472
27,93,0,25.579698037373102
27,94,0,15.018408860819257
27,95,0,24.46587278715449
27,96,0,17.609500667662903
27,97,0,15.03641153245108
28,0,0,15.099810093682306
28,1,0,15.275527493393561
28,2,0,12.203154545001544
28,3,0,14.86062691698514
28,4,0,6.143316749908834
28,5,0,13.511542728418107
28,6,0,8.139789915291596
28,7,0,17.885637112794342
28,8,0,14.681480398063647
28,9,0,7.83753451964871
28,10,0,16.91878377571384
28,11,0,16.897189915810102
28,12,0,20.107715874016844
28,13,0,15.25582507346455
28,14,0,13.236482669333649
28,15,0,12.547083197616544
28,16,0,17.84847093656349
28,17,0,13.767200189282494
28,18,0,10.871143836266087
28,19,0,18.881083498251588
28,20,0,4.486964941311888
28,21,0,14.596148274410949
28,22,0,9.773628445132786
28,23,0,17.210193924425663
28,24,0,21.13646976904752
28,25,0,27.58778094427664
28,26,0,13.161880000824636
28,27,0,20.5273598594161
28,28,0,0.0
28,29,0,14.400850611863346
28,30,0,17.329955222524443
28,31,0,6.150870430233727
28,32,0,9.800344500343998
28,33,0,18.034506213676817
28,34,0,16.099457566864437
28,35,0,21.913338428780676
28,36,0,8.735878520313346
28,37,0,17.581029663003147
28,38,0,11.203488420149561
28,39,0,12.416230330159
28,40,0,19.628914758566467
28,41,0,5.064885651132706
28,42,0,2.121543181166227
28,43,0,13.30871914623343
28,44,0,3.707608532547159
28,45,0,6.8039919793614825
28,46,0,9.325000139912555
28,47,0,16.6236653738471
28,48,0,1.2012559294575218
28,49,0,7.289390498752092
28,50,0,2.7762384918409184
28,51,0,5.050460965595926
28,52,0,14.42885345100371
28,53,0,4.584387711757013
28,54,0,5.762822508783312
28,55,0,14.088717337717428
28,56,0,11.63328428717038
28,57,0,18.774818546180917
28,58,0,17.089982630655722
28,59,0,13.972385501007535
28,60,0,12.823852157541786
28,61,0,11.426379208210067
28,62,0,9.88083623632195
28,63,0,17.345667880995126
28,64,0,11.605890700053763
28,65,0,3.91598607251978
28,66,0,15.611582279122443
28,67,0,15.105876515313401
28,68,0,16.56237257213035
28,69,0,9.065447337853263
28,70,0,9.015527746890616
28,71,0,18.943946080066276
28,72,0,4.913301526876445
28,73,0,11.21214589927798
28,74,0,7.805969957644824
28,75,0,3.8354027478214845
28,76,0,3.3358207847415766
28,77,0,7.567806270441526
28,78,0,6.128833265750257
28,79,0,15.400354511893088
28,80,0,18.130661903571472
28,81,0,14.950100025393224
28,82,0,2.6736241720530165
28,83,0,13.53058255379661
28,84,0,11.053720479793894
28,85,0,10.331076522681252
28,86,0,17.97169944872833
28,87,0,11.139713185078485
28,88,0,11.648014842992065
28,89,0,19.487565464951793
28,90,0,15.61445659566964
28,91,0,9.795496085798485
28,92,0,1.8326229563213252
28,93,0,16.43288472540067
28,94,0,10.334374509858023
28,95,0,16.838360682467446
28,96,0,13.564234867485078
28,97,0,6.234330250718633
29,0,0,27.24546576504821
29,1,0,22.77627177688914
29,2,0,25.540561696378386
29,3,0,21.37758058990443
29,4,0,11.233278341933909
29,5,0,10.899154199251798
29,6,0,9.857415045738954
29,7,0,21.36290161473728
29,8,0,14.035081564637185
29,9,0,15.891895049950943
29,10,0,28.99074548371425
29,11,0,27.107689602540663
29,12,0,7.383457065685766
29,13,0,17.082658025058496
29,14,0,24.612702238462088
29,15,0,5.380368558789949
29,16,0,30.88160650177009
29,17,0,19.183487709632235
29,18,0,17.16646188202574
29,19,0,11.317967685189661
29,20,0,11.240946057533238
29,21,0,15.963165788841053
29,22,0,13.129166511384355
29,23,0,5.495913891049036
29,24,0,11.435501446785082
29,25,0,38.95710119879971
29,26,0,7.868199750152539
29,27,0,32.24621900990698
29,28,0,14.400850611863346
29,29,0,0.0
29,30,0,22.118371580555078
29,31,0,8.318087995472716
29,32,0,5.531324243090792
29,33,0,17.665838105982225
29,34,0,19.773824546302805
29,35,0,34.60447422440103
29,36,0,20.684363913663375
29,37,0,19.523253718694644
29,38,0,24.001181592213957
29,39,0,2.139288226610138
29,40,0,31.30487574986054
29,41,0,17.7052353212212
29,42,0,13.915435952803515
29,43,0,2.8207775559558654
29,44,0,12.10466075579704
29,45,0,19.280843819089522
29,46,0,19.080455288747917
29,47,0,23.9127258571619
29,48,0,15.6010295187123
29,49,0,7.869052062911415
29,50,0,14.273171166612642
29,51,0,15.94216053389194
29,52,0,9.66653738323133
29,53,0,18.962654545747792
29,54,0,18.907442166417134
29,55,0,1.9255609970780965
29,56,0,8.205113192375096
29,57,0,17.733971192091822
29,58,0,2.870354911002753
29,59,0,26.031499834014934
29,60,0,20.982851374477463
29,61,0,3.316710453043772
29,62,0,7.343886434355793
29,63,0,26.24917258510221
29,64,0,23.580666385207884
29,65,0,10.519431308194045
29,66,0,26.628942850958868
29,67,0,28.405020544294263
29,68,0,16.461168452859933
29,69,0,5.405621740952165
29,70,0,22.207265773810597
29,71,0,20.884877266857043
29,72,0,14.22690123780477
29,73,0,9.77339219417354
29,74,0,18.15830430675318
29,75,0,17.556761563010305
29,76,0,17.56284706940445
29,77,0,6.833241072702806
29,78,0,9.638206908961518
29,79,0,28.128013289150008
29,80,0,5.089253418697473
29,81,0,24.476254371679932
29,82,0,15.643846607427479
29,83,0,23.02635737057316
29,84,0,20.416904052825057
29,85,0,21.578862963625724
29,86,0,29.215277460050274
29,87,0,3.9029341644522284
29,88,0,17.876047411210617
29,89,0,5.41688073549634
29,90,0,2.8529348512195383
29,91,0,23.557356511384636
29,92,0,12.698830771148696
29,93,0,12.484069385760842
29,94,0,17.65916145389114
29,95,0,14.083721858682317
29,96,0,17.242946968481487
29,97,0,20.31212173342849
30,0,0,13.095206250272321
30,1,0,4.055962029438018
30,2,0,15.315643819272296
30,3,0,2.9830766250256087
30,4,0,13.237446380664347
30,5,0,11.624120382256839
30,6,0,13.15737414350373
30,7,0,1.8628108324498254
30,8,0,8.71628161236021
30,9,0,9.50119903776793
30,10,0,13.799038795898085
30,11,0,9.423907237026242
30,12,0,29.491030310873974
30,13,0,5.390980861565005
30,14,0,10.668007063237745
30,15,0,16.80462690581535
30,16,0,17.176476117714973
30,17,0,3.605723917684077
30,18,0,28.13949723214487
30,19,0,15.69080337147077
30,20,0,20.31417626444422
30,21,0,31.155507288088447
30,22,0,9.492501702475701
30,23,0,19.964579705088397
30,24,0,33.13125722908684
30,25,0,19.883076223478277
30,26,0,26.574147152065063
30,27,0,15.132902814173043
30,28,0,17.329955222524443
30,29,0,22.118371580555078
30,30,0,0.0
30,31,0,17.501607095440434
30,32,0,17.23951040333607
30,33,0,7.084939218061334
30,34,0,2.4462378875414936
30,35,0,18.866588965904633
30,36,0,11.621783328802625
30,37,0,4.073794129601204
30,38,0,13.475380380730973
30,39,0,20.32002234704979
30,40,0,14.409531980950561
30,41,0,13.535795144158225
30,42,0,19.342813244377552
30,43,0,23.385431339610907
30,44,0,14.794351978692635
30,45,0,12.798410957251965
30,46,0,8.859047955818587
30,47,0,3.827479660867661
30,48,0,17.468388166791563
30,49,0,16.208735296090566
30,50,0,14.572123472146439
30,51,0,12.398889711682767
30,52,0,13.35754083752296
30,53,0,17.582089715851218
30,54,0,21.919148541621432
30,55,0,20.394648936022026
30,56,0,13.92400007147351
30,57,0,7.899723405837368
30,58,0,24.664778368259814
30,59,0,12.43056375830858
30,60,0,5.599477684056522
30,61,0,21.48282765818571
30,62,0,15.022174450691335
30,63,0,7.012602495045221
30,64,0,11.650012742502613
30,65,0,17.184342567789592
30,66,0,10.615607606767387
30,67,0,16.50152546687997
30,68,0,7.113184551543424
30,69,0,19.86838489396747
30,70,0,14.081645281146987
30,71,0,4.022037324047134
30,72,0,12.515357255858463
30,73,0,12.345771463559517
30,74,0,10.193599851694865
30,75,0,15.353154398526502
30,76,0,18.870420760223023
30,77,0,18.68648282283809
30,78,0,14.94267199092315
30,79,0,14.83709432389933
30,80,0,27.204692931787896
30,81,0,7.3930211294607275
30,82,0,14.954432951122087
30,83,0,7.222046896875046
30,84,0,7.62978105421773
30,85,0,10.288915605710624
30,86,0,12.307282751909598
30,87,0,18.580548819515073
30,88,0,5.701339994975776
30,89,0,27.021162062659958
30,90,0,24.842758804084934
30,91,0,15.938141828496722
30,92,0,17.98810007737983
30,93,0,11.76475992192735
30,94,0,7.006483712947933
30,95,0,10.279797600312826
30,96,0,4.912117352850687
30,97,0,16.286906155702123
31,0,0,19.52604872988117
31,1,0,16.836018508857677
31,2,0,17.414354144906724
31,3,0,15.821843281564323
31,4,0,4.334884480206677
31,5,0,9.585524709100483
31,6,0,4.6654697940415115
31,7,0,17.409142711818998
31,8,0,11.84417274610037
31,9,0,9.029016907024465
31,10,0,21.326025759915495
31,11,0,20.14192158757339
31,12,0,14.6042594713555
31,13,0,13.701259041914254
31,14,0,17.11390885884563
31,15,0,6.8045973997662665
31,16,0,22.89540978412252
31,17,0,14.002276872548975
31,18,0,12.566099719958963
31,19,0,13.91854411454221
31,20,0,4.348044722539267
31,21,0,14.113624136396352
31,22,0,8.121260605630217
31,23,0,11.227162345689232
31,24,0,16.656381297605233
31,25,0,31.6915361544841
31,26,0,9.256729180780146
31,27,0,24.76300818682967
31,28,0,6.150870430233727
31,29,0,8.318087995472716
31,30,0,17.501607095440434
31,31,0,0.0
31,32,0,3.821851159608634
31,33,0,15.711213302875702
31,34,0,15.586310345549366
31,35,0,26.76791895820149
31,36,0,12.860666274614132
31,37,0,16.3098395785789
31,38,0,16.010479752931342
31,39,0,6.282577098519727
31,40,0,23.826078014252975
31,41,0,9.579483912288474
31,42,0,6.115340487514158
31,43,0,7.654992484266808
31,44,0,4.0297508742481245
31,45,0,11.256518541657444
31,46,0,11.911998059385464
31,47,0,18.135939115715622
31,48,0,7.349745010001427
31,49,0,1.845685475752465
31,50,0,6.0750639074532335
31,51,0,8.089334386035658
31,52,0,9.832343291102822
31,53,0,10.667705152428795
31,54,0,11.239459379391583
31,55,0,7.940155582158218
31,56,0,6.863250505167465
31,57,0,16.217075176005142
31,58,0,11.088098501406225
31,59,0,18.320519471857263
31,60,0,14.624045293761514
31,61,0,5.607945054779623
31,62,0,4.738915348749882
31,63,0,19.82433100410892
31,64,0,15.84222294576659
31,65,0,2.234886294105854
31,66,0,19.321549495786098
31,67,0,20.314311331558724
31,68,0,14.216727398558257
31,69,0,3.237237205517264
31,70,0,14.078348258487143
31,71,0,17.776297660693213
31,72,0,6.5536078581007535
31,73,0,7.224303058709212
31,74,0,10.696607744256891
31,75,0,9.261479668449873
31,76,0,9.421143680257963
31,77,0,1.6290948061555905
31,78,0,2.5592057619809863
31,79,0,20.218624207886258
31,80,0,12.465110790764191
31,81,0,17.709967492984713
31,82,0,7.374795599754469
31,83,0,16.208360250827166
31,84,0,13.502719379519865
31,85,0,14.019584137465566
31,86,0,21.874752968534537
31,87,0,5.010765639820491
31,88,0,12.14188259892689
31,89,0,13.559669738228983
31,90,0,9.86536134745257
31,91,0,15.310990822631288
31,92,0,4.590811156578011
31,93,0,12.437183773075141
31,94,0,11.371658266953862
31,95,0,13.363514001319245
31,96,0,12.792767654226873
31,97,0,12.001451436378884
32,0,0,21.730143576844636
32,1,0,17.46958451662044
32,2,0,20.165082215616973
32,3,0,16.16540134831736
32,4,0,5.718153601801934
32,5,0,7.179750933935635
32,6,0,4.392755056060808
32,7,0,16.74194724859641
32,8,0,10.030651523264169
32,9,0,10.368348746890184
32,10,0,23.467644787301477
32,11,0,21.611071129139617
32,12,0,12.704149630926967
32,13,0,12.612632147149773
32,14,0,19.08284809859234
32,15,0,3.045870011939076
32,16,0,25.420957189962593
32,17,0,14.056192448039221
32,18,0,15.756582137897151
32,19,0,10.446844972125064
32,20,0,7.979147762561909
32,21,0,16.357302453583106
32,22,0,7.88661524927548
32,23,0,7.429855611236807
32,24,0,15.89873482797492
32,25,0,33.439733099109965
32,26,0,9.769250130876054
32,27,0,26.71494271392163
32,28,0,9.800344500343998
32,29,0,5.531324243090792
32,30,0,17.23951040333607
32,31,0,3.821851159608634
32,32,0,0.0
32,33,0,13.934753811222096
32,34,0,15.023997633423342
32,35,0,29.099185357618186
32,36,0,15.205414557102813
32,37,0,15.198890171554183
32,38,0,18.560915294066735
32,39,0,3.416049377247115
32,40,0,25.77357994755463
32,41,0,12.384778333211568
32,42,0,9.935709711112553
32,43,0,6.162792608377502
32,44,0,6.883930709512209
32,45,0,13.882561643802015
32,46,0,13.550701328173364
32,47,0,18.661212075159145
32,48,0,10.976901870936628
32,49,0,2.581797926634325
32,50,0,9.081247368785471
32,51,0,10.508893274547315
32,52,0,6.821858142771253
32,53,0,14.168080271836276
32,54,0,15.056783416226187
32,55,0,4.535410606258166
32,56,0,4.115029331416234
32,57,0,14.250183078884918
32,58,0,8.395507428340347
32,59,0,20.516787944723696
32,60,0,15.562966872912162
32,61,0,4.254348772438089
32,62,0,2.2684839625214566
32,63,0,20.846577399640132
32,64,0,18.074596011442235
32,65,0,5.953059700923514
32,66,0,21.10063438758713
32,67,0,22.997635769575627
32,68,0,12.53347973110486
32,69,0,3.229936906142135
32,70,0,16.850283522727395
32,71,0,16.640852072395653
32,72,0,8.767802814681126
32,73,0,5.227336164797494
32,74,0,12.635065552419245
32,75,0,12.464370003000258
32,76,0,13.123702396382962
32,77,0,3.182905478050367
32,78,0,4.23647963090764
32,79,0,22.648486556147027
32,80,0,10.419293119722079
32,81,0,19.00122498720931
32,82,0,10.521485158137487
32,83,0,17.538316723115685
32,84,0,14.907569364414865
32,85,0,16.055666808510978
32,86,0,23.68698594086246
32,87,0,1.6347039321499381
32,88,0,12.565048947776955
32,89,0,10.94316617216101
32,90,0,7.865909767848525
32,91,0,18.309762313068017
32,92,0,8.370189236563172
32,93,0,9.694108048982855
32,94,0,12.222394812083282
32,95,0,10.938701535860494
32,96,0,12.329652518473933
32,97,0,15.248817575189042
33,0,0,19.1598905132807
33,1,0,10.447237912621102
33,2,0,20.413659643007247
33,3,0,8.785772685373866
33,4,0,12.29673882904368
33,5,0,6.86514604305624
33,6,0,11.075770721337715
33,7,0,5.377516614667103
33,8,0,3.9228070352040834
33,9,0,11.079041167706658
33,10,0,20.19455706087625
33,11,0,16.143417497687288
33,12,0,24.74558381410688
33,13,0,3.187806720269463
33,14,0,16.39204541175807
33,15,0,12.363711142640692
33,16,0,23.40761289867062
33,17,0,7.142576491551325
33,18,0,27.933600841526317
33,19,0,9.01027319950723
33,20,0,19.564600310587906
33,21,0,29.80507795399221
33,22,0,8.28118805393097
33,23,0,14.247952330476432
33,24,0,29.09058760661232
33,25,0,26.967845926470087
33,26,0,23.700854998857988
33,27,0,21.985955895695326
33,28,0,18.034506213676817
33,29,0,17.665838105982225
33,30,0,7.084939218061334
33,31,0,15.711213302875702
33,32,0,13.934753811222096
33,33,0,0.0
33,34,0,5.053032023670577
33,35,0,25.589618915372718
33,36,0,15.632596921726318
33,37,0,3.0220026046715476
33,38,0,18.426543863993338
33,39,0,16.29070422898995
33,40,0,21.202436089218157
33,41,0,15.990153976515838
33,42,0,19.651032591963357
33,43,0,19.581326673710823
33,44,0,14.584067728390051
33,45,0,16.030786837169273
33,46,0,12.45770067589516
33,47,0,10.715824379580434
33,48,0,18.622410025979878
33,49,0,13.984712291776207
33,50,0,15.40017364039887
33,51,0,14.103110312435026
33,52,0,8.028625087958615
33,53,0,19.974581132481987
33,54,0,23.541708151756318
33,55,0,15.768707930153015
33,56,0,9.887037315702939
33,57,0,0.9516136308667019
33,58,0,19.794112792681783
33,59,0,18.265013495948896
33,60,0,10.703412045788244
33,61,0,18.01585815449191
33,62,0,11.724951491530819
33,63,0,13.934390334230025
33,64,0,16.808556300183085
33,65,0,16.324980129014822
33,66,0,16.988382032483386
33,67,0,22.21881247545233
33,68,0,1.5084395621224878
33,69,0,17.072690813584988
33,70,0,18.271038386868003
33,71,0,3.7615313952414215
33,72,0,13.299761520097901
33,73,0,8.754002207300502
33,74,0,13.176005030294144
33,75,0,17.531539618740695
33,76,0,20.554848721587394
33,77,0,16.365959271671507
33,78,0,13.427224260571464
33,79,0,20.807253919404708
33,80,0,22.55692801633452
33,81,0,13.738938453095013
33,82,0,16.374714169206488
33,83,0,13.044609853193483
33,84,0,12.11178279354207
33,85,0,14.90638592687157
33,86,0,19.016094597811232
33,87,0,14.826099768990584
33,88,0,8.305080296517312
33,89,0,21.886951215914774
33,90,0,20.516787387086865
33,91,0,20.255553942979095
33,92,0,17.975518933191264
33,93,0,5.526521516972999
33,94,0,9.66064729666902
33,95,0,3.828189901020515
33,96,0,5.412191337808164
33,97,0,19.387060522689936
34,0,0,14.257255565477426
34,1,0,5.400644521068698
34,2,0,15.907266634860747
34,3,0,3.774180446358807
34,4,0,11.43544372269077
34,5,0,9.190224435133524
34,6,0,11.093300674805247
34,7,0,1.838347084829398
34,8,0,6.271390995478547
34,9,0,8.32573364012091
34,10,0,15.201737204974183
34,11,0,11.091264015650106
34,12,0,27.132597658331782
34,13,0,2.949395911456025
34,14,0,11.582856712225034
34,15,0,14.433159273464147
34,16,0,18.470403071764817
34,17,0,2.6949204866256724
34,18,0,26.74739584349485
34,19,0,13.322173671510798
34,20,0,18.697625379313777
34,21,0,29.466343975112398
34,22,0,7.472645079018493
34,23,0,17.519762496494447
34,24,0,30.879705580380502
34,25,0,22.067171684395113
34,26,0,24.510216032023493
34,27,0,16.933796139720812
34,28,0,16.099457566864437
34,29,0,19.773824546302805
34,30,0,2.4462378875414936
34,31,0,15.586310345549366
34,32,0,15.023997633423342
34,33,0,5.053032023670577
34,34,0,0.0
34,35,0,20.54319865520573
34,36,0,11.588899802218904
34,37,0,2.3283793436198312
34,38,0,13.965557133361907
34,39,0,18.02124796982112
34,40,0,16.149610771416924
34,41,0,12.85575379953747
34,42,0,18.019212416475646
34,43,0,21.13721697062725
34,44,0,13.231660312051494
34,45,0,12.429286459069806
34,46,0,8.53044716557317
34,47,0,5.700567928108354
34,48,0,16.389478191795618
34,49,0,14.178707350207246
34,50,0,13.32396227954822
34,51,0,11.39524206972035
34,52,0,10.913125267251388
34,53,0,16.95713953574187
34,54,0,21.06347948007847
34,55,0,18.023185307305223
34,56,0,11.569076605689492
34,57,0,5.956309297333697
34,58,0,22.281790145593053
34,59,0,13.434534695588404
34,60,0,5.98143292788915
34,61,0,19.277923686586114
34,62,0,12.779419523814719
34,63,0,8.90460585558867
34,64,0,12.231362367510954
34,65,0,15.49246187230019
34,66,0,11.988754531064693
34,67,0,17.459856478726383
34,68,0,4.803303461660803
34,69,0,17.771119256679974
34,70,0,14.18572828064874
34,71,0,3.1462966600966915
34,72,0,11.192858807113744
34,73,0,10.018186977027183
34,74,0,9.631204820510709
34,75,0,14.605670412378634
34,76,0,17.999235174179283
34,77,0,16.67166578413137
34,78,0,13.044152597952579
34,79,0,15.945706617487216
34,80,0,24.852870894686994
34,81,0,8.725656455717864
34,82,0,13.917949203394032
34,83,0,8.153406112723527
34,84,0,7.718518065384554
34,85,0,10.539401149928153
34,86,0,13.966745330085834
34,87,0,16.308495890365435
34,88,0,4.632110101809213
34,89,0,24.61780431626056
34,90,0,22.524874169745754
34,91,0,16.13149251376881
34,92,0,16.546832611264612
34,93,0,9.35923099887948
34,94,0,6.104879141686645
34,95,0,7.923800944829183
34,96,0,2.79360547550461
34,97,0,15.929695787969862
35,0,0,7.387337045209183
35,1,0,15.143185818154183
35,2,0,9.76100885631001
35,3,0,16.81345052057455
35,4,0,23.381039602778554
35,5,0,27.308853403866678
35,6,0,24.999779351986174
35,7,0,20.729038717389084
35,8,0,25.553388875637808
35,9,0,18.965800186619653
35,10,0,5.754347176875789
35,11,0,9.466358498674378
35,12,0,41.36554140405865
35,13,0,22.8984688725289
35,14,0,10.190757406496633
35,15,0,30.510828837980757
35,16,0,4.149682134591882
35,17,0,18.725192542476005
35,18,0,30.26145417717311
35,19,0,32.87390594583237
35,20,0,26.397102600609216
35,21,0,35.26111240056607
35,22,0,22.63910006962202
35,23,0,35.02070966736651
35,24,0,43.002132357321635
35,25,0,7.154432055122931
35,26,0,35.061346298234824
35,27,0,3.8933676297040325
35,28,0,21.913338428780676
35,29,0,34.60447422440103
35,30,0,18.866588965904633
35,31,0,26.76791895820149
35,32,0,29.099185357618186
35,33,0,25.589618915372718
35,34,0,20.54319865520573
35,35,0,0.0
35,36,0,13.941674237458281
35,37,0,22.76093448807019
35,38,0,10.796431604955496
35,39,0,32.466120244805445
35,40,0,4.475302009953293
35,41,0,17.257692412062827
35,42,0,23.652117076399914
35,43,0,34.41677737319473
35,44,0,22.740855009740326
35,45,0,15.526741775878325
35,46,0,15.774695889964557
35,47,0,15.04036204923876
35,48,0,20.988403437534334
35,49,0,26.765818764800127
35,50,0,20.758118526656997
35,51,0,18.722146865843513
35,52,0,29.136727551126572
35,53,0,18.068652142408105
35,54,0,21.80292451347235
35,55,0,33.535845267748115
35,56,0,27.98093753035244
35,57,0,26.499493295837215
35,58,0,37.474741002502995
35,59,0,8.594336339690122
35,60,0,15.330281323383463
35,61,0,32.34791220796809
35,62,0,27.6831318618737
35,63,0,11.882226048861444
35,64,0,11.024857807473476
35,65,0,24.936558541486253
35,66,0,8.746818539565664
35,67,0,6.9682719989416055
35,68,0,25.095394522474614
35,69,0,30.003567856033975
35,70,0,12.90651859176605
35,71,0,22.886456818060914
35,72,0,20.394736833815724
35,73,0,26.49194229136056
35,74,0,16.4829102362923
35,75,0,18.082887003970328
35,76,0,20.27439419660102
35,77,0,28.396951676094435
35,78,0,24.985411988941642
35,79,0,6.561874339535013
35,80,0,39.19054645742455
35,81,0,11.89393030657283
35,82,0,19.664564190912785
35,83,0,12.854413170598606
35,84,0,14.84981326889984
35,85,0,13.076601720149906
35,86,0,6.5798888548069945
35,87,0,30.73309394897596
35,88,0,18.564904290745606
35,89,0,40.01947978831042
35,90,0,36.57669705063383
35,91,0,12.344367874429619
35,92,0,23.682439985465933
35,93,0,28.881251776443783
35,94,0,17.9708711388591
35,95,0,27.866114060164
35,96,0,20.9705570947375
35,97,0,15.934988456784462
36,0,0,6.667679608081906
36,1,0,8.200892373404713
36,2,0,5.305095437982266
36,3,0,8.650038904909907
36,4,0,9.500324436371924
36,5,0,14.639724257686158
36,6,0,11.276657987406068
36,7,0,12.929075142068875
36,8,0,13.880548951160403
36,9,0,5.607796548723757
36,10,0,8.475908775132329
36,11,0,8.233799013190499
36,12,0,27.437076085282932
36,13,0,12.447760793519098
36,14,0,4.503658543384178
36,15,0,16.856842201490444
36,16,0,10.220231155231431
36,17,0,8.903479627786565
36,18,0,18.977603051842312
36,19,0,20.55517900033065
36,20,0,13.099268573575
36,21,0,23.217189407328426
36,22,0,9.65390176754916
36,23,0,21.538399622984187
36,24,0,29.318128070757062
36,25,0,19.00081412309745
36,26,0,21.50265104267588
36,27,0,11.981250863169645
36,28,0,8.735878520313346
36,29,0,20.684363913663375
36,30,0,11.621783328802625
36,31,0,12.860666274614132
36,32,0,15.205414557102813
36,33,0,15.632596921726318
36,34,0,11.588899802218904
36,35,0,13.941674237458281
36,36,0,0.0
36,37,0,13.777642716614467
36,38,0,3.4437866334136853
36,39,0,18.54507583024839
36,40,0,11.056355114866523
36,41,0,3.675055774883373
36,42,0,10.777423736210961
36,43,0,20.492538686466123
36,44,0,8.831987542972966
36,45,0,1.9524068678529831
36,46,0,3.1749822771141094
36,47,0,9.383718555356314
36,48,0,8.155031232606719
36,49,0,12.83013131390921
36,50,0,6.972862661012978
36,51,0,4.783912633698836
36,52,0,16.30690505184663
36,53,0,6.653992993695403
36,54,0,11.291051584795747
36,55,0,19.690546918088323
36,56,0,14.576173521568478
36,57,0,16.568025500630934
36,58,0,23.55298165492389
36,59,0,5.467390691982294
36,60,0,6.042996954408028
36,61,0,18.417022456651907
36,62,0,13.94979282377393
36,63,0,9.099461811240175
36,64,0,2.9937156125541082
36,65,0,11.146378917217636
36,66,0,6.87571556698747
36,67,0,7.918345433042451
36,68,0,14.528486469688508
36,69,0,16.088355547037004
36,70,0,2.639249873803515
36,71,0,14.728578988747529
36,72,0,6.459199550738892
36,73,0,13.260496558543617
36,74,0,2.893739851449201
36,75,0,5.167787353554923
36,76,0,8.543085505266596
36,77,0,14.487003391853506
36,78,0,11.051607521033814
36,79,0,7.4445699140021215
36,80,0,25.251973742967316
36,81,0,6.6547187719983585
36,82,0,6.143999670238982
36,83,0,5.472518107278387
36,84,0,3.9923018676794038
36,85,0,1.7497323978144814
36,86,0,9.27083772533528
36,87,0,16.83453988187262
36,88,0,7.332556939100972
36,89,0,26.094205714800708
36,90,0,22.637543170294524
36,91,0,4.622998723902003
36,92,0,10.29584903663089
36,93,0,16.895026544613284
36,94,0,5.994903005674118
36,95,0,16.40744910884854
36,96,0,10.220432493433226
36,97,0,4.872935403866042
37,0,0,16.57581274778232
37,1,0,7.649463845641715
37,2,0,18.211772266883678
37,3,0,6.077268833807911
37,4,0,12.406354465124982
37,5,0,8.648964329438156
37,6,0,11.670833111306894
37,7,0,2.3664959398596315
37,8,0,5.517098457246639
37,9,0,10.017170891322998
37,10,0,17.48772738797317
37,11,0,13.295062908289138
37,12,0,26.784539125332437
37,13,0,2.620165634205694
37,14,0,13.911132485753393
37,15,0,14.143625338977188
37,16,0,20.778099227339354
37,17,0,4.894863631332529
37,18,0,27.99560479624691
37,19,0,11.862570838120483
37,20,0,19.769543846745748
37,21,0,30.37568386941674
37,22,0,8.283980382702357
37,23,0,16.669037661890332
37,24,0,30.836641976803083
37,25,0,23.954221139776898
37,26,0,24.896026939787248
37,27,0,19.09617739971616
37,28,0,17.581029663003147
37,29,0,19.523253718694644
37,30,0,4.073794129601204
37,31,0,16.3098395785789
37,32,0,15.198890171554183
37,33,0,3.0220026046715476
37,34,0,2.3283793436198312
37,35,0,22.76093448807019
37,36,0,13.777642716614467
37,37,0,0.0
37,38,0,16.259973456137455
37,39,0,17.935350694670856
37,40,0,18.33746720145784
37,41,0,14.758778241805809
37,42,0,19.39705639014643
37,43,0,21.159036856019345
37,44,0,14.44368229180727
37,45,0,14.488306334584562
37,46,0,10.661491406374214
37,47,0,7.780045979778172
37,48,0,17.98905179500538
37,49,0,14.742057291949674
37,50,0,14.831680759609672
37,51,0,13.12432751310388
37,52,0,10.164399969861496
37,53,0,18.84776482882204
37,54,0,22.782912354836807
37,55,0,17.687221402438645
37,56,0,11.404392695057643
37,57,0,3.82730408198161
37,58,0,21.861636071685624
37,59,0,15.761728825563164
37,60,0,8.29977137612273
37,61,0,19.42169038019409
37,62,0,12.930932437371789
37,63,0,11.00148528250404
37,64,0,14.542023246179308
37,65,0,16.517749918991825
37,66,0,14.274226647408474
37,67,0,19.78820876446911
37,68,0,3.3456136113570127
37,69,0,18.15672081457848
37,70,0,16.39643319140421
37,71,0,1.4674066624638271
37,72,0,12.681362359970798
37,73,0,9.999056783593359
37,74,0,11.645812679019972
37,75,0,16.448622024990303
37,76,0,19.730918980609353
37,77,0,17.21995357942053
37,78,0,13.840638251883165
37,79,0,18.26953736597407
37,80,0,24.540583328505395
37,81,0,11.007291981570843
37,82,0,15.58068770802038
37,83,0,10.478423162993867
37,84,0,9.978326993931683
37,85,0,12.806394841457879
37,86,0,16.181220996287664
37,87,0,16.31988003649134
37,88,0,6.587647951099649
37,89,0,24.08650045353203
37,90,0,22.340841403535318
37,91,0,18.35752566817869
37,92,0,17.830275811476906
37,93,0,8.103936344078441
37,94,0,8.060890822645566
37,95,0,6.491715158811105
37,96,0,4.039000703838957
37,97,0,17.962407853128624
38,0,0,4.001159556005203
38,1,0,9.574431064410431
38,2,0,1.9967281186684447
38,3,0,10.539472001959421
38,4,0,12.883605200538895
38,5,0,18.00781270328207
38,6,0,14.70701321806539
38,7,0,15.034327154118321
38,8,0,17.050627122707077
38,9,0,9.018207940986215
38,10,0,5.7775325146027345
38,11,0,7.296496486728575
38,12,0,30.614562345829043
38,13,0,15.286204371757686
38,14,0,3.4363305442091017
38,15,0,20.288767023620526
38,16,0,6.891703819114349
38,17,0,11.39080772072728
38,18,0,20.52208718933117
38,19,0,23.89806739438446
38,20,0,15.687114383372435
38,21,0,25.164877304373366
38,22,0,13.038876708941412
38,23,0,24.980260321804057
38,24,0,32.21976768739289
38,25,0,16.46103136657489
38,26,0,24.301594980047835
38,27,0,9.411755625655081
38,28,0,11.203488420149561
38,29,0,24.001181592213957
38,30,0,13.475380380730973
38,31,0,16.010479752931342
38,32,0,18.560915294066735
38,33,0,18.426543863993338
38,34,0,13.965557133361907
38,35,0,10.796431604955496
38,36,0,3.4437866334136853
38,37,0,16.259973456137455
38,38,0,0.0
38,39,0,21.86395768645603
38,40,0,8.55152603634242
38,41,0,6.463405485117261
38,42,0,13.059123350476659
38,43,0,23.665469033572904
38,44,0,11.997068769450355
38,45,0,4.754350438175505
38,46,0,6.2409182301711335
38,47,0,10.465826774717721
38,48,0,10.367147279085625
38,49,0,16.13239553999551
38,50,0,9.970516496930443
38,51,0,8.060141770848752
38,52,0,19.704833901903086
38,53,0,7.870814699859241
38,54,0,12.266291066850506
38,55,0,23.06848899895631
38,56,0,18.019230817200135
38,57,0,19.37584471698254
38,58,0,26.863597267051283
38,59,0,3.043431709354597
38,60,0,8.01361713583252
38,61,0,21.60950364559395
38,62,0,17.37326754049929
38,63,0,9.067869173911088
38,64,0,1.8531992757345268
38,65,0,14.142599251748443
38,66,0,5.445353616297622
38,67,0,4.477463870912947
38,68,0,17.449768235627783
38,69,0,19.247550451132348
38,70,0,2.252780376500218
38,71,0,17.019012550128984
38,72,0,9.793113949076501
38,73,0,16.69265395304236
38,74,0,6.3119559193139665
38,75,0,7.37297493112571
38,76,0,10.059684664808913
38,77,0,17.63865364159957
38,78,0,14.365303029825945
38,79,0,4.235739306271695
38,80,0,28.46472710168983
38,81,0,6.906344241191068
38,82,0,8.87327583390242
38,83,0,6.372968942175082
38,84,0,6.320606699996211
38,85,0,3.52819852020066
38,86,0,7.228708323114953
38,87,0,20.182329528128502
38,88,0,10.18918173818812
38,89,0,29.39647758316065
38,90,0,25.855799385423733
38,91,0,2.9488186487584267
38,92,0,12.933702576457039
38,93,0,20.161043726858992
38,94,0,9.025797759536111
38,95,0,19.563824439892002
38,96,0,13.06587815764917
38,97,0,5.68156512323686
39,0,0,25.109041339666426
39,1,0,20.793657871230447
39,2,0,23.411426337210877
39,3,0,19.43677172642533
39,4,0,9.099237076568377
39,5,0,9.433324230268907
39,6,0,7.784237012799446
39,7,0,19.666465782284178
39,8,0,12.52398487520252
39,9,0,13.784318466255392
39,10,0,26.85688099711242
39,11,0,25.02312760007599
39,12,0,9.330964593631073
39,13,0,15.426368467124574
39,14,0,22.484494951284685
39,15,0,3.9578682158986647
39,16,0,28.743184463727488
39,17,0,17.27594491847097
39,18,0,16.18043479237926
39,19,0,10.902176235462756
39,20,0,9.558933651452262
39,21,0,15.638656091880794
39,22,0,11.158218702734716
39,23,0,5.948025050919295
39,24,0,12.902908912189343
39,25,0,36.85576709553912
39,26,0,7.97898384175624
39,27,0,30.123789506247885
39,28,0,12.416230330159
39,29,0,2.139288226610138
39,30,0,20.32002234704979
39,31,0,6.282577098519727
39,32,0,3.416049377247115
39,33,0,16.29070422898995
39,34,0,18.02124796982112
39,35,0,32.466120244805445
39,36,0,18.54507583024839
39,37,0,17.935350694670856
39,38,0,21.86395768645603
39,39,0,0.0
39,40,0,29.182238474316414
39,41,0,15.581418584747162
39,42,0,12.08146963570728
39,43,0,3.301153724311678
39,44,0,9.988260136358862
39,45,0,17.147168463632944
39,46,0,16.963955060296893
39,47,0,21.956728615410295
39,48,0,13.617352030554327
39,49,0,5.733242198019074
39,50,0,12.166017272740039
39,51,0,13.804390674630463
39,52,0,8.461428081276836
39,53,0,16.950141630303477
39,54,0,17.147742432066615
39,55,0,1.936105768427883
39,56,0,6.53109093270222
39,57,0,16.451863249025063
39,58,0,5.008814015686994
39,59,0,23.89498673213919
39,60,0,18.943036065106618
39,61,0,2.2964023156526494
39,62,0,5.3669440868690295
39,63,0,24.2205596890024
39,64,0,21.442734121579395
39,65,0,8.508514115549916
39,66,0,24.51473087888365
39,67,0,26.271876777053922
39,68,0,15.002843327809334
39,69,0,3.6468006600687106
39,70,0,20.080029674918162
39,71,0,19.334130875532445
39,72,0,12.087716757181354
39,73,0,8.009108593783148
39,74,0,16.02538682293065
39,75,0,15.474316086567821
39,76,0,15.634495879869386
39,77,0,4.888808037876243
39,78,0,7.4997727968073615
39,79,0,25.988756365453604
39,80,0,7.035807947085846
39,81,0,22.40590183809268
39,82,0,13.55190302547028
39,83,0,20.947365622321776
39,84,0,18.322293827569172
39,85,0,19.445531258039736
39,86,0,27.101017283220333
39,87,0,1.815004237325468
39,88,0,15.88652059388998
39,89,0,7.553684470273362
39,90,0,4.54187113252187
39,91,0,21.44985087349195
39,92,0,10.764738128727771
39,93,0,11.382728544797672
39,94,0,15.60864833810887
39,95,0,12.883690412513488
39,96,0,15.417086089975385
39,97,0,18.24008019914923
40,0,0,4.556034712659943
40,1,0,10.763495999449349
40,2,0,8.345196105376619
40,3,0,12.45971239364301
40,4,0,20.100513393616318
40,5,0,23.32180965126291
40,6,0,21.51977097474948
40,7,0,16.272330614502756
40,8,0,21.37622924904009
40,9,0,15.438675523524806
40,10,0,2.7939129760374453
40,11,0,5.060952819205013
40,12,0,38.29786109784229
40,13,0,18.597057826755673
40,14,0,6.723113904530309
40,15,0,26.906002877918752
40,16,0,4.616108722981014
40,17,0,14.462761275214767
40,18,0,29.01176992245715
40,19,0,28.735650298070727
40,20,0,24.077860337223097
40,21,0,33.714232929360385
40,22,0,18.843501638571357
40,23,0,31.265348487871123
40,24,0,40.36716514144748
40,25,0,7.961248923636508
40,26,0,32.55675419353995
40,27,0,0.941758480483502
40,28,0,19.628914758566467
40,29,0,31.30487574986054
40,30,0,14.409531980950561
40,31,0,23.826078014252975
40,32,0,25.77357994755463
40,33,0,21.202436089218157
40,34,0,16.149610771416924
40,35,0,4.475302009953293
40,36,0,11.056355114866523
40,37,0,18.33746720145784
40,38,0,8.55152603634242
40,39,0,29.182238474316414
40,40,0,0.0
40,41,0,14.662889500240182
40,42,0,21.55774574523223
40,43,0,31.388321918795537
40,44,0,19.8205341243413
40,45,0,12.885555625323095
40,46,0,12.231621152525179
40,47,0,10.587886924411348
40,48,0,18.8672788298123
40,49,0,23.585433113164047
40,50,0,18.028617976318753
40,51,0,15.75018973036799
40,52,0,25.171630311009118
40,53,0,16.39815421698495
40,54,0,20.648014977683026
40,55,0,30.095020486704772
40,56,0,24.254914031207385
40,57,0,22.101665481796985
40,58,0,34.166016733107654
40,59,0,5.656657610847534
40,60,0,11.200594731432323
40,61,0,29.299825870751608
40,62,0,24.173882947100438
40,63,0,7.411813815116579
40,64,0,8.074133836436468
40,65,0,22.194297322676476
40,66,0,4.738044265291924
40,67,0,6.447680183764737
40,68,0,20.771707480153395
40,69,0,27.023727065297802
40,70,0,10.804156898873469
40,71,0,18.425784575444816
40,72,0,17.295284636961313
40,73,0,22.708737937215
40,74,0,13.19629827125173
40,75,0,15.839858275592464
40,76,0,18.600499236873507
40,77,0,25.439683230321464
40,78,0,21.813207778892604
40,79,0,4.8980873959677815
40,80,0,36.068212078021375
40,81,0,7.626749840111105
40,82,0,17.14378326256909
40,83,0,8.755848772623358
40,84,0,11.044366328086424
40,85,0,9.811298982531083
40,86,0,2.2424440834104726
40,87,0,27.403687273465202
40,88,0,14.513349552978882
40,89,0,36.71242067433875
40,90,0,33.45798797953209
40,91,0,10.934934285799509
40,92,0,21.28615729745482
40,93,0,24.7145752444425
40,94,0,14.097830079558745
40,95,0,23.621557285297293
40,96,0,16.75164591570042
40,97,0,14.201265654204708
41,0,0,10.18484196121389
41,1,0,10.808356113839205
41,2,0,7.846352701604945
41,3,0,10.7523419645917
41,4,0,6.929903285744482
41,5,0,13.375365667916427
41,6,0,8.991655125666036
41,7,0,14.47737070488983
41,8,0,13.421890240769198
41,9,0,4.91662373829052
41,10,0,12.008630089033895
41,11,0,11.847004035111347
41,12,0,24.173671797991123
41,13,0,12.876317723382668
41,14,0,8.178622189158544
41,15,0,14.459802562086258
41,16,0,13.326741947146742
41,17,0,10.235457959289905
41,18,0,15.532011579361505
41,19,0,19.266983552328036
41,20,0,9.434023034657189
41,21,0,19.600771356601516
41,22,0,8.562430238497843
41,23,0,19.24843981990126
41,24,0,25.790206609726994
41,25,0,22.621862823618905
41,26,0,17.914224010668125
41,27,0,15.576481054696243
41,28,0,5.064885651132706
41,29,0,17.7052353212212
41,30,0,13.535795144158225
41,31,0,9.579483912288474
41,32,0,12.384778333211568
41,33,0,15.990153976515838
41,34,0,12.85575379953747
41,35,0,17.257692412062827
41,36,0,3.675055774883373
41,37,0,14.758778241805809
41,38,0,6.463405485117261
41,39,0,15.581418584747162
41,40,0,14.662889500240182
41,41,0,0.0
41,42,0,7.127618793838896
41,43,0,17.22892303905596
41,44,0,5.608255489879436
41,45,0,1.7774894713482836
41,46,0,4.794433194023789
41,47,0,12.117499327757114
41,48,0,4.565101471241253
41,49,0,9.8653046765081
41,50,0,3.5132197085917216
41,51,0,2.1944993283677463
41,52,0,14.80822953744792
41,53,0,4.101513613185896
41,54,0,8.412221520547257
41,55,0,16.920181410876346
41,56,0,12.585664497805237
41,57,0,16.862764282710792
41,58,0,20.54797087073395
41,59,0,9.019165463528548
41,60,0,8.386774832383564
41,61,0,15.187114051703142
41,62,0,11.518326810538
41,63,0,12.442632587623137
41,64,0,6.595666989077383
41,65,0,7.679296445758634
41,66,0,10.549441808561712
41,67,0,10.737228444032652
41,68,0,14.67197551210149
41,69,0,12.811870356117671
41,70,0,4.50820090347124
41,71,0,15.946189541587774
41,72,0,3.8482686884367125
41,73,0,11.544028764519938
41,74,0,3.349675411773808
41,75,0,1.8351239700504125
41,76,0,5.40839145831365
41,77,0,11.203250888106927
41,78,0,8.148339903369617
41,79,0,10.69581857833329
41,80,0,22.04456200109644
41,81,0,10.011949507455414
41,82,0,2.4821323311022283
41,83,0,8.653925421298021
41,84,0,6.409305299697415
41,85,0,5.278458031566038
41,86,0,12.935471793040845
41,87,0,13.971290034754675
41,88,0,8.227832107254562
41,89,0,23.06240122911384
41,90,0,19.442824650699666
41,91,0,5.9467823841854734
41,92,0,6.633095233684351
41,93,0,16.00511711860367
41,94,0,6.751039617256859
41,95,0,15.888198675063732
41,96,0,10.799395388595704
41,97,0,3.523605391827116
42,0,0,17.009639582444535
42,1,0,17.382547091074102
42,2,0,13.895386524018463
42,3,0,16.930655560052013
42,4,0,7.444961149091907
42,5,0,14.641747027546444
42,6,0,9.202907639865286
42,7,0,19.82463573860063
42,8,0,16.135696400050815
42,9,0,9.84216973032573
42,10,0,18.818302982637373
42,11,0,18.974463766503142
42,12,0,19.029090386250015
42,13,0,16.996176045370273
42,14,0,15.263637083371098
42,15,0,12.88049564182787
42,16,0,19.544274455763745
42,17,0,15.75965280786069
42,18,0,8.804329876418253
42,19,0,19.686607428678553
42,20,0,2.979304930405316
42,21,0,12.487419819452871
42,22,0,11.373140665823437
42,23,0,17.3361502411467
42,24,0,19.60891228272574
42,25,0,29.503944375482877
42,26,0,11.612808926647439
42,27,0,22.44331841630844
42,28,0,2.121543181166227
42,29,0,13.915435952803515
42,30,0,19.342813244377552
42,31,0,6.115340487514158
42,32,0,9.935709711112553
42,33,0,19.651032591963357
42,34,0,18.019212416475646
42,35,0,23.652117076399914
42,36,0,10.777423736210961
42,37,0,19.39705639014643
42,38,0,13.059123350476659
42,39,0,12.08146963570728
42,40,0,21.55774574523223
42,41,0,7.127618793838896
42,42,0,0.0
42,43,0,12.4490287999196
42,44,0,5.070191447307727
42,45,0,8.830600322349783
42,46,0,11.445117617605138
42,47,0,18.73207660131666
42,48,0,2.6926079768752538
42,49,0,7.646793346002083
42,50,0,4.778755165815904
42,51,0,7.1537120035476685
42,52,0,15.343927473590618
42,53,0,5.77927777032639
42,54,0,5.127032965048687
42,55,0,13.888655721510274
42,56,0,12.431905408176437
42,57,0,20.345758705219787
42,58,0,16.447912946403036
42,59,0,15.91015401750896
42,60,0,14.93297784648919
42,61,0,10.742262004654012
42,62,0,10.48434891249385
42,63,0,19.462970273107633
42,64,0,13.591113510969704
42,65,0,4.086888244433901
42,66,0,17.645082068793425
42,67,0,16.76041723968202
42,68,0,18.158013631346673
42,69,0,8.511293947782674
42,70,0,10.829352496776295
42,71,0,20.78829523223323
42,72,0,6.84332119134358
42,73,0,12.268426386896278
42,74,0,9.92692352520108
42,75,0,5.7204353481063865
42,76,0,3.8516450734008467
42,77,0,7.213322536465176
42,78,0,6.926863377209406
42,79,0,17.19974421066472
42,80,0,17.179499755934057
42,81,0,17.062712937163678
42,82,0,4.789285921277763
42,83,0,15.648423564902632
42,84,0,13.174683870870092
42,85,0,12.405742384545732
42,86,0,19.963692922260986
42,87,0,11.05856403578962
42,88,0,13.645357222972047
42,89,0,18.734160947319
42,90,0,14.76397418895326
42,91,0,11.378248099026072
42,92,0,1.7606236643439948
42,93,0,17.584678931650117
42,94,0,12.371142459220986
42,95,0,18.15333207218103
42,96,0,15.41637783482818
42,97,0,7.758571845027404
43,0,0,27.14825525927192
43,1,0,23.5827576827932
43,2,0,25.0506136478816
43,3,0,22.313676506823175
43,4,0,11.380977199811118
43,5,0,12.718609500745588
43,6,0,10.480649438478336
43,7,0,22.821868698431388
43,8,0,15.789903077760403
43,9,0,16.208159544576652
43,10,0,28.937942129679232
43,11,0,27.482016618370423
43,12,0,6.949771268501172
43,13,0,18.62020411621649
43,14,0,24.665311179282522
43,15,0,7.258617916327386
43,16,0,30.54977027954887
43,17,0,20.21788941699377
43,18,0,14.608699786743374
43,19,0,13.93616886530014
43,20,0,9.566435459177203
43,21,0,13.154163340068584
43,22,0,14.044550245100735
43,23,0,8.30530606909688
43,24,0,9.74617758611627
43,25,0,39.192387380659554
43,26,0,5.053375347635087
43,27,0,32.32844392029061
43,28,0,13.30871914623343
43,29,0,2.8207775559558654
43,30,0,23.385431339610907
43,31,0,7.654992484266808
43,32,0,6.162792608377502
43,33,0,19.581326673710823
43,34,0,21.13721697062725
43,35,0,34.41677737319473
43,36,0,20.492538686466123
43,37,0,21.159036856019345
43,38,0,23.665469033572904
43,39,0,3.301153724311678
43,40,0,31.388321918795537
43,41,0,17.22892303905596
43,42,0,12.4490287999196
43,43,0,0.0
43,44,0,11.676494311661742
43,45,0,18.911438457772537
43,46,0,19.292685817577535
43,47,0,24.79484304119783
43,48,0,14.480370213016005
43,49,0,7.856790400038067
43,50,0,13.718202547071572
43,51,0,15.709986448710755
43,52,0,11.757723550707013
43,53,0,17.883736395488793
43,54,0,17.207277896386994
43,55,0,4.454084010460075
43,56,0,9.768583561821913
43,57,0,19.751753436505798
43,58,0,4.218881161328133
43,59,0,25.938654705812038
43,60,0,21.59736458074638
43,61,0,2.090116288751615
43,62,0,8.364306512184998
43,63,0,26.881249430691984
43,64,0,23.461868345202905
43,65,0,9.640040662274238
43,66,0,26.808914000222032
43,67,0,27.956688511545085
43,68,0,18.278309333526526
43,69,0,4.418174968950596
43,70,0,21.718997739429355
43,71,0,22.571918170846786
43,72,0,14.098298786488698
43,73,0,11.17830197711749
43,74,0,18.198521559328167
43,75,0,16.792617244985752
43,76,0,16.250039348482833
43,77,0,6.027268920992703
43,78,0,9.599057166854776
43,79,0,27.871449063705604
43,80,0,4.839555239325087
43,81,0,24.936702483856703
43,82,0,14.964255503678856
43,83,0,23.4510622966889
43,84,0,20.771747088736447
43,85,0,21.579719496282667
43,86,0,29.383339090861845
43,87,0,4.84417727455243
43,88,0,18.689614572298094
43,89,0,6.3017360427187565
43,90,0,2.3168811201217987
43,91,0,22.881436786279583
43,92,0,11.505744406547866
43,93,0,14.671290379908086
43,94,0,18.25500250986904
43,95,0,16.183417336991806
43,96,0,18.473341108981806
43,97,0,19.45983131949094
44,0,0,15.498606859638535
44,1,0,13.46737606274908
44,2,0,13.453926299669826
44,3,0,12.69258279860043
44,4,0,2.441880993995898
44,5,0,9.803952074876761
44,6,0,4.453192934058636
44,7,0,15.063361051360072
44,8,0,11.082116650761149
44,9,0,5.547729601750308
44,10,0,17.30122466653375
44,11,0,16.278743238065207
44,12,0,18.62601989931992
44,13,0,11.984335481881027
44,14,0,13.121364661240083
44,15,0,9.284081055348437
44,16,0,18.887192243930492
44,17,0,11.190998400503142
44,18,0,13.556018505818402
44,19,0,15.229409317601991
44,20,0,5.522376229898556
44,21,0,16.376126725201253
44,22,0,6.3127717757964
44,23,0,14.060688264250157
44,24,0,20.58225901093958
44,25,0,27.710055709518528
44,26,0,12.940584960552197
44,27,0,20.755435218858317
44,28,0,3.707608532547159
44,29,0,12.10466075579704
44,30,0,14.794351978692635
44,31,0,4.0297508742481245
44,32,0,6.883930709512209
44,33,0,14.584067728390051
44,34,0,13.231660312051494
44,35,0,22.740855009740326
44,36,0,8.831987542972966
44,37,0,14.44368229180727
44,38,0,11.997068769450355
44,39,0,9.988260136358862
44,40,0,19.8205341243413
44,41,0,5.608255489879436
44,42,0,5.070191447307727
44,43,0,11.676494311661742
44,44,0,0.0
44,45,0,7.243655635537245
44,46,0,8.09131088152944
44,47,0,14.807160530434532
44,48,0,4.656997786493971
44,49,0,4.3145917069041975
44,50,0,2.1977590588670033
44,51,0,4.070890025739414
44,52,0,10.753254888656011
44,53,0,7.456081215057254
44,54,0,9.470361057418103
44,55,0,11.399497736320502
44,56,0,8.02428206768596
44,57,0,15.275578096206587
44,58,0,14.941658080352838
44,59,0,14.294460952395461
44,60,0,11.120028091375161
44,61,0,9.613566009779689
44,62,0,6.444959265541188
44,63,0,16.166236432651893
44,64,0,11.816372948128441
44,65,0,2.5632926586364917
44,66,0,15.363713048640491
44,67,0,16.338267954950677
44,68,0,13.08913823692668
44,69,0,7.26298017486242
44,70,0,10.116162443191573
44,71,0,15.862480623641053
44,72,0,2.6722283806920824
44,73,0,7.5123566051794475
44,74,0,6.774062555658669
44,75,0,5.587046262883853
44,76,0,6.875722728281802
44,77,0,5.657790520250869
44,78,0,2.7280341702328985
44,79,0,16.195445780263594
44,80,0,16.467691386143294
44,81,0,13.946166871572679
44,82,0,3.6439752429343155
44,83,0,12.44805137180467
44,84,0,9.758899041226167
44,85,0,10.028279090569344
44,86,0,17.89920350553336
44,87,0,8.425245394116757
44,88,0,9.140648336964635
44,89,0,17.45419307439103
44,90,0,13.858981442301893
44,91,0,11.465206218387854
44,92,0,3.4040771713189883
44,93,0,12.72696357924542
44,94,0,8.080926225664927
44,95,0,13.168366587099076
44,96,0,10.534359593406112
44,97,0,8.370964021907334
45,0,0,8.41076297535812
45,1,0,9.703114746659589
45,2,0,6.284212043486654
45,3,0,9.894904793097258
45,4,0,8.27617771810784
45,5,0,14.169957915816372
45,6,0,10.226876136489185
45,7,0,13.927468781935358
45,8,0,13.834074623255225
45,9,0,5.239270344943943
45,10,0,10.234107715218542
45,11,0,10.18363690050231
45,12,0,25.860761574614965
45,13,0,12.856438046875141
45,14,0,6.4356358616199865
45,15,0,15.781062574037605
45,16,0,11.643537219366056
45,17,0,9.743619715844533
45,18,0,17.05164717449989
45,19,0,20.104201291856416
45,20,0,11.204923984992174
45,21,0,21.264782759921754
45,22,0,9.215810235516097
45,23,0,20.537549595287768
45,24,0,27.555085586720704
45,25,0,20.8448771316532
45,26,0,19.68893166572539
45,27,0,13.798999021125558
45,28,0,6.8039919793614825
45,29,0,19.280843819089522
45,30,0,12.798410957251965
45,31,0,11.256518541657444
45,32,0,13.882561643802015
45,33,0,16.030786837169273
45,34,0,12.429286459069806
45,35,0,15.526741775878325
45,36,0,1.9524068678529831
45,37,0,14.488306334584562
45,38,0,4.754350438175505
45,39,0,17.147168463632944
45,40,0,12.885555625323095
45,41,0,1.7774894713482836
45,42,0,8.830600322349783
45,43,0,18.911438457772537
45,44,0,7.243655635537245
45,45,0,0.0
45,46,0,3.949461005245077
45,47,0,10.959125173702727
45,48,0,6.202638220794127
45,49,0,11.414357812274144
45,50,0,5.2337938407372135
45,51,0,3.389221805087962
45,52,0,15.722103297639448
45,53,0,4.9299155829710095
45,54,0,9.5215439534439
45,55,0,18.409385967425223
45,56,0,13.713451660637455
45,57,0,16.939247729121632
45,58,0,22.137407644295244
45,59,0,7.2421567658812
45,60,0,7.3755073798263435
45,61,0,16.855273029663497
45,62,0,12.840779822209463
45,63,0,10.958434030590253
45,64,0,4.820792146909609
45,65,0,9.418684764958993
45,66,0,8.815198665512309
45,67,0,9.124806560938394
45,68,0,14.806023400580912
45,69,0,14.493701168161932
45,70,0,3.0033559803721857
45,71,0,15.568742609964028
45,72,0,5.148281823974632
45,73,0,12.536363908241185
45,74,0,2.862234089040218
45,75,0,3.225859459473696
45,76,0,6.675181021628016
45,77,0,12.884939973379957
45,78,0,9.660762410835575
45,79,0,8.968416575925144
45,80,0,23.71090789017539
45,81,0,8.511817795300054
45,82,0,4.258498926613325
45,83,0,7.239529653525343
45,84,0,5.308640165807031
45,85,0,3.6505041946280183
45,86,0,11.171887907860059
45,87,0,15.492063924578742
45,88,0,7.903682481921245
45,89,0,24.66457815522462
45,90,0,21.102633093743133
45,91,0,4.743037302671593
45,92,0,8.406320326703666
45,93,0,16.641037538194297
45,94,0,6.443938988671346
45,95,0,16.347985565439636
45,96,0,10.680509470038286
45,97,0,3.507807314417268
46,0,0,8.407836334045113
46,1,0,6.034952279023207
46,2,0,8.223102743736296
46,3,0,5.99277092460746
46,4,0,7.922886353114557
46,5,0,11.855240979144549
46,6,0,9.293336061028876
46,7,0,9.985327419444525
46,8,0,10.815540515296057
46,9,0,3.213074459483253
46,10,0,10.042769136762088
46,11,0,8.230445959313816
46,12,0,26.147535407658488
46,13,0,9.272801605702044
46,14,0,5.601021105256119
46,15,0,14.745959955801439
46,16,0,12.461964943188608
46,17,0,5.8358174084371
46,18,0,20.128819043173515
46,19,0,17.699943057087772
46,20,0,13.205479524039921
46,21,0,23.863568320776277
46,22,0,6.9615585557094315
46,23,0,19.255375811875957
46,24,0,28.567948559331356
46,25,0,19.915718836462922
46,26,0,21.026581057464785
46,27,0,13.171963096510837
46,28,0,9.325000139912555
46,29,0,19.080455288747917
46,30,0,8.859047955818587
46,31,0,11.911998059385464
46,32,0,13.550701328173364
46,33,0,12.45770067589516
46,34,0,8.53044716557317
46,35,0,15.774695889964557
46,36,0,3.1749822771141094
46,37,0,10.661491406374214
46,38,0,6.2409182301711335
46,39,0,16.963955060296893
46,40,0,12.231621152525179
46,41,0,4.794433194023789
46,42,0,11.445117617605138
46,43,0,19.292685817577535
46,44,0,8.09131088152944
46,45,0,3.949461005245077
46,46,0,0.0
46,47,0,7.362269646784703
46,48,0,9.140110090498426
46,49,0,11.440940893198508
46,50,0,6.861523142451975
46,51,0,4.347861055956818
46,52,0,13.605825964451096
46,53,0,8.748046666510163
46,54,0,13.19843262521415
46,55,0,17.868395646556095
46,56,0,12.216435253749019
46,57,0,13.39307932469723
46,58,0,21.93811475981307
46,59,0,7.2276270552382265
46,60,0,3.5967250839154667
46,61,0,17.204078491924022
46,62,0,11.959229777525968
46,63,0,8.136485742932095
46,64,0,5.0089247976357445
46,65,0,10.63665655936928
46,66,0,7.551406919037597
46,67,0,10.530668947226276
46,68,0,11.36121750680448
46,69,0,15.01012774062896
46,70,0,5.81343160917225
46,71,0,11.676561284259519
46,72,0,5.421605771318217
46,73,0,10.762466658508062
46,74,0,1.5237399126776365
46,75,0,6.6289389255561915
46,76,0,10.202473674399728
46,77,0,13.47384136080097
46,78,0,9.695793755431426
46,79,0,9.633148047185747
46,80,0,23.89589205207545
46,81,0,5.858252130258493
46,82,0,6.688131416846609
46,83,0,4.365172467196615
46,84,0,1.735499895577397
46,85,0,2.8426853997924812
46,86,0,10.137429201506464
46,87,0,15.177807977339398
46,88,0,4.160732861231593
46,89,0,24.483579160508963
46,90,0,21.29525659747465
46,91,0,7.797858549017483
46,92,0,10.493801002277486
46,93,0,13.924478429217842
46,94,0,2.8329401369279945
46,95,0,13.334005215225172
46,96,0,7.045594734611
46,97,0,7.454036092340354
47,0,0,9.463885160884239
47,1,0,1.3523953372159985
47,2,0,12.14062738094745
47,3,0,2.5552539739830262
47,4,0,13.809732107866715
47,5,0,14.134136092479594
47,6,0,14.316562935081883
47,7,0,5.689106006098926
47,8,0,11.590010664316486
47,9,0,9.260803467639825
47,10,0,10.027998836004908
47,11,0,5.598835986330439
47,12,0,31.27596579733307
47,13,0,8.44297807252788
47,14,0,7.312099631027184
47,15,0,18.80893382068872
47,16,0,13.43556366088612
47,17,0,4.828164830624922
47,18,0,27.470364152656888
47,19,0,18.8757178466041
47,20,0,20.229068746722163
47,21,0,31.032129094914495
47,22,0,10.798524936223759
47,23,0,22.499473141830457
47,24,0,34.45373552273517
47,25,0,16.408642181338593
47,26,0,27.3889987706061
47,27,0,11.325306105511453
47,28,0,16.6236653738471
47,29,0,23.9127258571619
47,30,0,3.827479660867661
47,31,0,18.135939115715622
47,32,0,18.661212075159145
47,33,0,10.715824379580434
47,34,0,5.700567928108354
47,35,0,15.04036204923876
47,36,0,9.383718555356314
47,37,0,7.780045979778172
47,38,0,10.465826774717721
47,39,0,21.956728615410295
47,40,0,10.587886924411348
47,41,0,12.117499327757114
47,42,0,18.73207660131666
47,43,0,24.79484304119783
47,44,0,14.807160530434532
47,45,0,10.959125173702727
47,46,0,7.362269646784703
47,47,0,0.0
47,48,0,16.49782910177811
47,49,0,17.158027647404946
47,50,0,14.023656797305817
47,51,0,11.578536507551517
47,52,0,15.970298047576192
47,53,0,15.889028514580215
47,54,0,20.45549195476307
47,55,0,22.337604693487048
47,56,0,15.925567315868106
47,57,0,11.58479884661245
47,58,0,26.61676279213546
47,59,0,8.934374617898712
47,60,0,3.799864668246488
47,61,0,22.781320702034893
47,62,0,16.592196995067145
47,63,0,3.2221398762671876
47,64,0,8.614273318216418
47,65,0,17.34886427492518
47,66,0,6.886979983053879
47,67,0,12.974008634052623
47,68,0,10.480082301649459
47,69,0,20.888321291158466
47,70,0,11.516662799207337
47,71,0,7.849342640083409
47,72,0,12.228736061783724
47,73,0,14.294767770108809
47,74,0,8.879191024686
47,75,0,13.939145260939625
47,76,0,17.513022705357738
47,77,0,19.522725513313073
47,78,0,15.635323732757243
47,79,0,11.219969759466668
47,80,0,28.97684248732463
47,81,0,3.7921070918549886
47,82,0,14.025197465993449
47,83,0,4.12024316691677
47,84,0,5.709756599076181
47,85,0,7.76772520643223
47,86,0,8.480156823667704
47,87,0,20.15422458880696
47,88,0,6.107035046974494
47,89,0,29.073394863918594
47,90,0,26.491268178586697
47,91,0,13.193117137469592
47,92,0,17.63682833096795
47,93,0,14.85417325164257
47,94,0,6.776959629604257
47,95,0,13.532967333077186
47,96,0,7.076084372057552
47,97,0,14.252618594639284
48,0,0,14.317898268292328
48,1,0,15.161579604205086
48,2,0,11.24223669571742
48,3,0,14.881287353673672
48,4,0,7.041061448307112
48,5,0,14.409281645737732
48,6,0,9.108936169130226
48,7,0,18.141761333434836
48,8,0,15.399086289600948
48,9,0,8.065512362398357
48,10,0,16.125853705008094
48,11,0,16.38137026411403
48,12,0,21.251257074044307
48,13,0,15.75000523083996
48,14,0,12.616797104897927
48,15,0,13.687649880298325
48,16,0,16.89423387117493
48,17,0,13.958580544714762
48,18,0,11.002398754079806
48,19,0,19.885921422460846
48,20,0,5.4507117366729565
48,21,0,15.062246110742137
48,22,0,10.428878244413887
48,23,0,18.374504099563644
48,24,0,22.15095416281745
48,25,0,26.81181144260054
48,26,0,14.159212839620006
48,27,0,19.751501570228456
48,28,0,1.2012559294575218
48,29,0,15.6010295187123
48,30,0,17.468388166791563
48,31,0,7.349745010001427
48,32,0,10.976901870936628
48,33,0,18.622410025979878
48,34,0,16.389478191795618
48,35,0,20.988403437534334
48,36,0,8.155031232606719
48,37,0,17.98905179500538
48,38,0,10.367147279085625
48,39,0,13.617352030554327
48,40,0,18.8672788298123
48,41,0,4.565101471241253
48,42,0,2.6926079768752538
48,43,0,14.480370213016005
48,44,0,4.656997786493971
48,45,0,6.202638220794127
48,46,0,9.140110090498426
48,47,0,16.49782910177811
48,48,0,0.0
48,49,0,8.448584571537483
48,50,0,3.223172033270077
48,51,0,5.070240951084366
48,52,0,15.409244757533786
48,53,0,3.403366585367676
48,54,0,4.947573300643217
48,55,0,15.285550646701296
48,56,0,12.666003988839728
48,57,0,19.394768575439898
48,58,0,18.28468935270397
48,59,0,13.22237415347407
48,60,0,12.709229791696172
48,61,0,12.613997422475473
48,62,0,10.976804166367447
48,63,0,16.998922375316013
48,64,0,10.920296350475766
48,65,0,5.115025565641517
48,66,0,15.00060855136558
48,67,0,14.12530838517864
48,68,0,17.17233426053443
48,69,0,10.259059090472267
48,70,0,8.140585664223153
48,71,0,19.315898547968665
48,72,0,5.340346461971488
48,73,0,12.155559370365506
48,74,0,7.619309717194052
48,75,0,3.0378681877133564
48,76,0,2.225152465767472
48,77,0,8.76781545727317
48,78,0,7.211545787583106
48,79,0,14.517056777641544
48,80,0,19.29436964118713
48,81,0,14.573566759508793
48,82,0,2.516980236389497
48,83,0,13.198888944822304
48,84,0,10.838802216611917
48,85,0,9.82280983520446
48,86,0,17.291047499630462
48,87,0,12.33244903528919
48,88,0,11.845183632662161
48,89,0,20.675199389953438
48,90,0,16.78965866766963
48,91,0,8.769024930119468
48,92,0,2.9761753244236813
48,93,0,17.30772337210099
48,94,0,10.465713841280866
48,95,0,17.62883454677055
48,96,0,13.952174752276633
48,97,0,5.166953209338586
49,0,0,19.429809379309468
49,1,0,15.898321204329509
49,2,0,17.682829791180247
49,3,0,14.752802571017943
49,4,0,3.52419485790845
49,5,0,7.748426163502193
49,6,0,3.091356439367316
49,7,0,15.978571892132216
49,8,0,10.090390733220561
49,9,0,8.355503750141825
49,10,0,21.195682632519276
49,11,0,19.62558618249391
49,12,0,14.717019243111856
49,13,0,12.122762217967182
49,14,0,16.866233899567977
49,15,0,5.277438410532491
49,16,0,23.014931253241883
49,17,0,12.802469149695748
49,18,0,14.411247560277017
49,19,0,12.147691485885716
49,20,0,6.167250222391564
49,21,0,15.821559839192798
49,22,0,6.724075600886279
49,23,0,9.926164171673522
49,24,0,17.330280240411128
49,25,0,31.351350553585068
49,26,0,10.366429599760087
49,27,0,24.526883862821553
49,28,0,7.289390498752092
49,29,0,7.869052062911415
49,30,0,16.208735296090566
49,31,0,1.845685475752465
49,32,0,2.581797926634325
49,33,0,13.984712291776207
49,34,0,14.178707350207246
49,35,0,26.765818764800127
49,36,0,12.83013131390921
49,37,0,14.742057291949674
49,38,0,16.13239553999551
49,39,0,5.733242198019074
49,40,0,23.585433113164047
49,41,0,9.8653046765081
49,42,0,7.646793346002083
49,43,0,7.856790400038067
49,44,0,4.3145917069041975
49,45,0,11.414357812274144
49,46,0,11.440940893198508
49,47,0,17.158027647404946
49,48,0,8.448584571537483
49,49,0,0.0
49,50,0,6.511950700879908
49,51,0,8.074547991211345
49,52,0,7.998830122837924
49,53,0,11.597311649097739
49,54,0,12.714624453026081
49,55,0,7.084912420772356
49,56,0,5.027367056032353
49,57,0,14.457777317450022
49,58,0,10.731729729459705
49,59,0,18.2159085093495
49,60,0,13.81205098055213
49,61,0,5.7724069798493645
49,62,0,2.9242411836570232
49,63,0,19.081384199807026
49,64,0,15.751854024601256
49,65,0,3.565955423985253
49,66,0,18.971853450108988
49,67,0,20.539163073555045
49,68,0,12.501622702435222
49,69,0,3.7303607383980233
49,70,0,14.354863244501924
49,71,0,16.20903748404795
49,72,0,6.371635163838627
49,73,0,5.402202226726346
49,74,0,10.390595287877803
49,75,0,9.886386861145777
49,76,0,10.624248004211356
49,77,0,2.494117027090411
49,78,0,1.7811997525751542
49,79,0,20.26928090552667
49,80,0,12.483060545555787
49,81,0,17.091004429846
49,82,0,7.944369686223845
49,83,0,15.60143680424458
49,84,0,12.916949914734655
49,85,0,13.797888841148746
49,86,0,21.551650716039845
49,87,0,4.1134248125775
49,88,0,11.073153971687262
49,89,0,13.268049791509407
49,90,0,9.872661405767767
49,91,0,15.767427381012048
49,92,0,5.984690341457735
49,93,0,10.591935850930282
49,94,0,10.485788653328148
49,95,0,11.536134787576312
49,96,0,11.394684648862569
49,97,0,12.670394828565271
50,0,0,13.61355026109083
50,1,0,12.671374943990124
50,2,0,11.339290599872864
50,3,0,12.159124418047115
50,4,0,4.146082265220005
50,5,0,11.382928076785834
50,6,0,6.29885466036753
50,7,0,15.109433026491283
50,8,0,12.20062068281633
50,9,0,5.071985555914066
50,10,0,15.431890388206408
50,11,0,14.80787206363461
50,12,0,20.661333845901165
50,13,0,12.548151295270452
50,14,0,11.404040831907732
50,15,0,11.422799036956157
50,16,0,16.839912398212984
50,17,0,10.999396336088626
50,18,0,13.583085006863573
50,19,0,17.034766903814802
50,20,0,6.357233610690541
50,21,0,17.027926307922314
50,22,0,7.215353791799467
50,23,0,16.21307280329404
50,24,0,22.348345059835168
50,25,0,25.96667307606771
50,26,0,14.538707029580541
50,27,0,18.95410960053536
50,28,0,2.7762384918409184
50,29,0,14.273171166612642
50,30,0,14.572123472146439
50,31,0,6.0750639074532335
50,32,0,9.081247368785471
50,33,0,15.40017364039887
50,34,0,13.32396227954822
50,35,0,20.758118526656997
50,36,0,6.972862661012978
50,37,0,14.831680759609672
50,38,0,9.970516496930443
50,39,0,12.166017272740039
50,40,0,18.028617976318753
50,41,0,3.5132197085917216
50,42,0,4.778755165815904
50,43,0,13.718202547071572
50,44,0,2.1977590588670033
50,45,0,5.2337938407372135
50,46,0,6.861523142451975
50,47,0,14.023656797305817
50,48,0,3.223172033270077
50,49,0,6.511950700879908
50,50,0,0.0
50,51,0,2.5175006576999563
50,52,0,12.528720268205909
50,53,0,5.427121981910078
50,54,0,8.1612983753219
50,55,0,13.596690250712099
50,56,0,9.953605601900849
50,57,0,16.171700680809234
50,58,0,17.097302705705726
50,59,0,12.42627302011296
50,60,0,10.235948703865771
50,61,0,11.68246965501626
50,62,0,8.537740858978138
50,63,0,14.988678332841458
50,64,0,9.963040368075953
50,65,0,4.187213682039835
50,66,0,13.719604932874093
50,67,0,14.240398653393804
50,68,0,13.949165713489137
50,69,0,9.302591772420465
50,70,0,8.003593339682238
50,71,0,16.183328897656292
50,72,0,2.1503355525540218
50,73,0,9.228761720894957
50,74,0,5.390071971397588
50,75,0,3.4034381319620906
50,76,0,5.267576373043221
50,77,0,7.694903294101095
50,78,0,4.8981834288288315
50,79,0,14.197493178392
50,80,0,18.538445185561535
50,81,0,12.656398174589507
50,82,0,1.471736076901641
50,83,0,11.189096589722293
50,84,0,8.594193541587563
50,85,0,8.350220325976007
50,86,0,16.198444168101563
50,87,0,10.620956178139178
50,88,0,8.881355074406455
50,89,0,19.597737006879534
50,90,0,15.940398954510266
50,91,0,9.284555618477917
50,92,0,3.635276438800202
50,93,0,14.236032664011649
50,94,0,7.59249778656628
50,95,0,14.47100786540994
50,96,0,10.805586980523257
50,97,0,6.182674991768235
51,0,0,11.440350896489665
51,1,0,10.228837089537032
51,2,0,9.670057578378373
51,3,0,9.834238695849361
51,4,0,4.888302278163447
51,5,0,11.18591970139422
51,6,0,6.874875171340326
51,7,0,13.11555300617985
51,8,0,11.341545025893808
51,9,0,3.1072186575361718
51,10,0,13.237158505693968
51,11,0,12.333573441847626
51,12,0,22.653425347102765
51,13,0,11.061307261556564
51,14,0,9.057774157956258
51,15,0,12.40487167459778
51,16,0,14.940399062311668
51,17,0,8.906362852872645
51,18,0,15.917648184985024
51,19,0,17.072830638825913
51,20,0,8.87284622720648
51,21,0,19.52180763650243
51,22,0,6.418286998081026
51,23,0,17.174021296844096
51,24,0,24.636633439761862
51,25,0,23.64777875908005
51,26,0,16.920082705757945
51,27,0,16.68475037944698
51,28,0,5.050460965595926
51,29,0,15.94216053389194
51,30,0,12.398889711682767
51,31,0,8.089334386035658
51,32,0,10.508893274547315
51,33,0,14.103110312435026
51,34,0,11.39524206972035
51,35,0,18.722146865843513
51,36,0,4.783912633698836
51,37,0,13.12432751310388
51,38,0,8.060141770848752
51,39,0,13.804390674630463
51,40,0,15.75018973036799
51,41,0,2.1944993283677463
51,42,0,7.1537120035476685
51,43,0,15.709986448710755
51,44,0,4.070890025739414
51,45,0,3.389221805087962
51,46,0,4.347861055956818
51,47,0,11.578536507551517
51,48,0,5.070240951084366
51,49,0,8.074547991211345
51,50,0,2.5175006576999563
51,51,0,0.0
51,52,0,12.61437532795089
51,53,0,5.881214993126535
51,54,0,9.674995363329288
51,55,0,15.029177450484976
51,56,0,10.428081842025769
51,57,0,14.946619325744743
51,58,0,18.80623996775449
51,59,0,10.232879723316769
51,60,0,7.779954048047459
51,61,0,13.633326364748065
51,62,0,9.462108044470162
51,63,0,12.47122406668559
51,64,0,7.754775357627457
51,65,0,6.492568928273826
51,66,0,11.324321615023639
51,67,0,12.488846054222606
51,68,0,12.733660645589351
51,69,0,11.309950580135446
51,70,0,6.386599563455544
51,71,0,14.394791180101608
51,72,0,1.75932351940933
51,73,0,9.354872620055286
51,74,0,2.873625956475372
51,75,0,3.4366674572028177
51,76,0,6.614053175936256
51,77,0,9.712214389161836
51,78,0,6.305204973907691
51,79,0,12.20224593642612
51,80,0,20.46898276406981
51,81,0,10.142561775085646
51,82,0,2.5556526795131416
51,83,0,8.672333167353777
51,84,0,6.082442694801106
51,85,0,5.9688759593636895
51,86,0,13.843513489033572
51,87,0,12.125743315181747
51,88,0,6.803111332607182
51,89,0,21.341941820016988
51,90,0,17.854817187238524
51,91,0,8.017811085294031
51,92,0,6.1461802732281114
51,93,0,13.840060700221763
51,94,0,5.400350738378665
51,95,0,13.778310205366674
51,96,0,9.097440292386208
51,97,0,5.690340638011878
52,0,0,21.898324284669794
52,1,0,15.101550165628314
52,2,0,21.611782743581124
52,3,0,13.455915707910428
52,4,0,8.404454831886744
52,5,0,1.8613477884735175
52,6,0,6.3003233540572765
52,7,0,12.249004043080252
52,8,0,4.690824599183621
52,9,0,10.699141825306393
52,10,0,23.391077647017365
52,11,0,20.35436937362433
52,12,0,16.725133675867333
52,13,0,7.995775383904578
52,14,0,19.00272666299976
52,15,0,4.510359021355723
52,16,0,26.046951133207703
52,17,0,11.177741330336836
52,18,0,22.352246166447344
52,19,0,4.507409771423512
52,20,0,14.165705288672173
52,21,0,23.17777344986008
52,22,0,6.668064681431596
52,23,0,6.607215973762919
52,24,0,21.10201216956329
52,25,0,32.12967564649655
52,26,0,16.242597344840128
52,27,0,26.07358798963268
52,28,0,14.42885345100371
52,29,0,9.66653738323133
52,30,0,13.35754083752296
52,31,0,9.832343291102822
52,32,0,6.821858142771253
52,33,0,8.028625087958615
52,34,0,10.913125267251388
52,35,0,29.136727551126572
52,36,0,16.30690505184663
52,37,0,10.164399969861496
52,38,0,19.704833901903086
52,39,0,8.461428081276836
52,40,0,25.171630311009118
52,41,0,14.80822953744792
52,42,0,15.343927473590618
52,43,0,11.757723550707013
52,44,0,10.753254888656011
52,45,0,15.722103297639448
52,46,0,13.605825964451096
52,47,0,15.970298047576192
52,48,0,15.409244757533786
52,49,0,7.998830122837924
52,50,0,12.528720268205909
52,51,0,12.61437532795089
52,52,0,0.0
52,53,0,17.932770396336338
52,54,0,20.1687494707993
52,55,0,7.7554930444999215
52,56,0,2.9717875007958248
52,57,0,8.06744819495181
52,58,0,11.776208824845613
52,59,0,20.76188322372678
52,60,0,14.001842476018574
52,61,0,10.422025085985068
52,62,0,5.100794024447138
52,63,0,18.831961055626817
52,64,0,18.614583117664466
52,65,0,11.331620680101661
52,66,0,20.473838174128225
52,67,0,24.107172894940778
52,68,0,6.924126863365692
52,69,0,10.036292359158736
52,70,0,18.628119330935878
52,71,0,11.428852552638475
52,72,0,11.047884358610231
52,73,0,3.3067412140275336
52,74,0,13.4131659808316
52,75,0,15.685504836298694
52,76,0,17.62268649006245
52,77,0,9.842037972755737
52,78,0,8.420430309703127
52,79,0,23.224836537224252
52,80,0,14.528633080894462
52,81,0,17.647106156633455
52,82,0,13.926699071115738
52,83,0,16.4174366665782
52,84,0,14.295407118210157
52,85,0,16.44730175335274
52,86,0,22.939407016343395
52,87,0,7.239523023430435
52,88,0,10.666355074150058
52,89,0,13.934302851780414
52,90,0,12.519306733774435
52,91,0,20.464063264164913
52,92,0,13.59218917684319
52,93,0,2.9417124667466976
52,94,0,11.170026557155005
52,95,0,4.434103234890142
52,96,0,8.894323169043151
52,97,0,18.259874125602174
53,0,0,11.865511294231954
53,1,0,14.628727125659559
53,2,0,8.333583277317599
53,3,0,14.74073300083724
53,4,0,9.572384171572406
53,5,0,16.71017707136906
53,6,0,11.725945934304022
53,7,0,18.57047378448826
53,8,0,17.17792430747142
53,9,0,8.912519304889114
53,10,0,13.607808403088612
53,11,0,14.65349277499705
53,12,0,24.64306306864022
53,13,0,16.902233107315592
53,14,0,10.697567492819802
53,15,0,16.728486322753582
53,16,0,13.92769594014223
53,17,0,14.330979346016607
53,18,0,12.658884893978861
53,19,0,22.440140833701633
53,20,0,8.72098783629118
53,21,0,17.333042061377764
53,22,0,12.19810085942014
53,23,0,21.484831064540973
53,24,0,25.38806404038669
53,25,0,24.24076497617233
53,26,0,17.392082853527217
53,27,0,17.233481916293666
53,28,0,4.584387711757013
53,29,0,18.962654545747792
53,30,0,17.582089715851218
53,31,0,10.667705152428795
53,32,0,14.168080271836276
53,33,0,19.974581132481987
53,34,0,16.95713953574187
53,35,0,18.068652142408105
53,36,0,6.653992993695403
53,37,0,18.84776482882204
53,38,0,7.870814699859241
53,39,0,16.950141630303477
53,40,0,16.39815421698495
53,41,0,4.101513613185896
53,42,0,5.77927777032639
53,43,0,17.883736395488793
53,44,0,7.456081215057254
53,45,0,4.9299155829710095
53,46,0,8.748046666510163
53,47,0,15.889028514580215
53,48,0,3.403366585367676
53,49,0,11.597311649097739
53,50,0,5.427121981910078
53,51,0,5.881214993126535
53,52,0,17.932770396336338
53,53,0,0.0
53,54,0,4.6391829316408995
53,55,0,18.567412643861736
53,56,0,15.37983700153177
53,57,0,20.824757356531418
53,58,0,21.6698517285696
53,59,0,10.89135704748578
53,60,0,12.275079151831248
53,61,0,16.010766582464125
53,62,0,13.899921562581557
53,63,0,15.743354834345768
53,64,0,8.8736306752564
53,65,0,8.44576861411445
53,66,0,13.03094929029825
53,67,0,11.116034203849336
53,68,0,18.613960493835194
53,69,0,13.64764029657739
53,70,0,5.641292712184457
53,71,0,20.046016325160863
53,72,0,7.025135236798999
53,73,0,14.626976296426147
53,74,0,7.395728275795048
53,75,0,2.444860333425436
53,76,0,2.2184360645554446
53,77,0,12.135229880945046
53,78,0,10.169691539835307
53,79,0,11.77011789895676
53,80,0,22.696504951107702
53,81,0,13.303087521834817
53,82,0,4.006139510220483
53,83,0,12.11280713039811
53,84,0,10.223005872964851
53,85,0,8.399352486336113
53,86,0,15.071415444512043
53,87,0,15.593920923385438
53,88,0,12.329206673416234
53,89,0,24.071938877151226
53,90,0,20.19280203053787
53,91,0,5.724351549283737
53,92,0,6.378909556308878
53,93,0,19.49836813123032
53,94,0,10.852530167506158
53,95,0,19.572212165776712
53,96,0,14.866783102547608
53,97,0,2.1972008785894577
54,0,0,16.19392628222006
54,1,0,19.172012449092627
54,2,0,12.35028095804608
54,3,0,19.163917604969924
54,4,0,11.903230065805772
54,5,0,19.274141613743154
54,6,0,13.894157781554698
54,7,0,22.760533880718018
54,8,0,20.346398536804134
54,9,0,12.774252503043575
54,10,0,17.859006370617223
54,11,0,19.248511966001775
54,12,0,23.445737398978594
54,13,0,20.621595004441552
54,14,0,15.274566191416314
54,15,0,17.977422657130173
54,16,0,17.67039758836656
54,17,0,18.526782164865274
54,18,0,8.460374025703103
54,19,0,24.595498485033335
54,20,0,7.681513709288538
54,21,0,13.53368042099614
54,22,0,15.374505681056245
54,23,0,22.46302161613383
54,24,0,23.21911718875548
54,25,0,28.331063177950643
54,26,0,15.425938159483314
54,27,0,21.434810385720542
54,28,0,5.762822508783312
54,29,0,18.907442166417134
54,30,0,21.919148541621432
54,31,0,11.239459379391583
54,32,0,15.056783416226187
54,33,0,23.541708151756318
54,34,0,21.06347948007847
54,35,0,21.80292451347235
54,36,0,11.291051584795747
54,37,0,22.782912354836807
54,38,0,12.266291066850506
54,39,0,17.147742432066615
54,40,0,20.648014977683026
54,41,0,8.412221520547257
54,42,0,5.127032965048687
54,43,0,17.207277896386994
54,44,0,9.470361057418103
54,45,0,9.5215439534439
54,46,0,13.19843262521415
54,47,0,20.45549195476307
54,48,0,4.947573300643217
54,49,0,12.714624453026081
54,50,0,8.1612983753219
54,51,0,9.674995363329288
54,52,0,20.1687494707993
54,53,0,4.6391829316408995
54,54,0,0.0
54,55,0,18.983966503215196
54,56,0,17.33137631288254
54,57,0,24.32600380311235
54,58,0,21.325494647527506
54,59,0,15.309668261643669
54,60,0,16.77741831686078
54,61,0,15.660150049254781
54,62,0,15.48103613410279
54,63,0,20.38252697710103
54,64,0,13.437331061950182
54,65,0,9.151921679304646
54,66,0,17.573785751808227
54,67,0,14.872661115822954
54,68,0,22.101816183984596
54,69,0,13.53267981240622
54,70,0,10.115017801208527
54,71,0,24.068210354795863
54,72,0,10.242033002615669
54,73,0,16.97106704768788
54,74,0,11.759192739872777
54,75,0,6.579252829735627
54,76,0,3.0645237250452158
54,77,0,12.312759041547347
54,78,0,11.794032480068825
54,79,0,15.85275272022562
54,80,0,21.774274166825478
54,81,0,17.942086187526964
54,82,0,7.209144857788927
54,83,0,16.740565734733472
54,84,0,14.757202006990028
54,85,0,13.037752579532658
54,86,0,19.493087136198632
54,87,0,16.18048381470745
54,88,0,16.449447208728365
54,89,0,23.50505251721008
54,90,0,19.49292233286279
54,91,0,9.72129220838309
54,92,0,6.730215619189065
54,93,0,22.193178862356902
54,94,0,15.007466991781481
54,95,0,22.562754586852346
54,96,0,18.74640843299958
54,97,0,6.664504171767425
55,0,0,26.152966938572426
55,1,0,21.239450785880592
55,2,0,24.6933389814626
55,3,0,19.789564142545963
55,4,0,10.190644506546738
55,5,0,9.043715248630209
55,6,0,8.575564564265049
55,7,0,19.575371245654026
55,8,0,12.182496100979222
55,9,0,14.657288716984102
55,10,0,27.865102301201485
55,11,0,25.760399681916567
55,12,0,9.116660855751789
55,13,0,15.283068947889582
55,14,0,23.449242767987897
55,15,0,3.590565531432977
55,16,0,29.91077786895433
55,17,0,17.56407900952147
55,18,0,18.09158430578188
55,19,0,9.4912520775023
55,20,0,11.446036807528813
55,21,0,17.35730790023052
55,22,0,11.617746493554847
55,23,0,4.067641123360341
55,24,0,13.351669035638897
55,25,0,37.64711966600047
55,26,0,9.456481666631772
55,27,0,31.03393440573302
55,28,0,14.088717337717428
55,29,0,1.9255609970780965
55,30,0,20.394648936022026
55,31,0,7.940155582158218
55,32,0,4.535410606258166
55,33,0,15.768707930153015
55,34,0,18.023185307305223
55,35,0,33.535845267748115
55,36,0,19.690546918088323
55,37,0,17.687221402438645
55,38,0,23.06848899895631
55,39,0,1.936105768427883
55,40,0,30.095020486704772
55,41,0,16.920181410876346
55,42,0,13.888655721510274
55,43,0,4.454084010460075
55,44,0,11.399497736320502
55,45,0,18.409385967425223
55,46,0,17.868395646556095
55,47,0,22.337604693487048
55,48,0,15.285550646701296
55,49,0,7.084912420772356
55,50,0,13.596690250712099
55,51,0,15.029177450484976
55,52,0,7.7554930444999215
55,53,0,18.567412643861736
55,54,0,18.983966503215196
55,55,0,0.0
55,56,0,6.4766159118430515
55,57,0,15.821183755658234
55,58,0,4.2857705757019495
55,59,0,24.942661482860984
55,60,0,19.54601093070163
55,61,0,4.115131078734299
55,62,0,5.934970168478347
55,63,0,24.77880940542236
55,64,0,22.521410829457736
55,65,0,10.173812405204206
55,66,0,25.385380718285443
55,67,0,27.516151870048926
55,68,0,14.58605318595599
55,69,0,5.551543764292654
55,70,0,21.38273142061378
55,71,0,19.03256056958871
55,72,0,13.280222400735827
55,73,0,8.084739094756568
55,74,0,17.052963312876784
55,75,0,16.96248505543296
55,76,0,17.35592003971948
55,77,0,6.6755630641280455
55,78,0,8.77188794211734
55,79,0,27.124258905040985
55,80,0,6.855250490954398
55,81,0,23.09697858366962
55,82,0,15.023181886193747
55,83,0,21.672679512808397
55,84,0,19.116439925790754
55,85,0,20.46475731639908
55,86,0,27.967329573508206
55,87,0,2.9832936108696746
55,88,0,16.364511362816938
55,89,0,6.745941852562825
55,90,0,4.769908383312963
55,91,0,22.8428289054377
55,92,0,12.500524004785367
55,93,0,10.55974699027853
55,94,0,16.256307332495705
55,95,0,12.164737835127681
55,96,0,15.553416727984429
55,97,0,19.74407848176996
56,0,0,20.624160258343277
56,1,0,14.874734871789764
56,2,0,19.83960409441514
56,3,0,13.371073950260762
56,4,0,5.816024008439195
56,5,0,3.068974572043731
56,6,0,3.661049020987757
56,7,0,13.167280421472807
56,8,0,6.0330187184945565
56,9,0,9.075686327038953
56,10,0,22.234473278498033
56,11,0,19.676898913289936
56,12,0,15.567936015047644
56,13,0,8.904476443244372
56,14,0,17.79110234818244
56,15,0,2.89661505934968
56,16,0,24.630940622953393
56,17,0,11.122403622368752
56,18,0,19.400495551182207
56,19,0,7.26657867078037
56,20,0,11.193971104511943
56,21,0,20.4013237144436
56,22,0,5.424958589901682
56,23,0,7.039996237910447
56,24,0,19.43346706795654
56,25,0,31.57278872183111
56,26,0,13.834592220997433
56,27,0,25.181591485543482
56,28,0,11.63328428717038
56,29,0,8.205113192375096
56,30,0,13.92400007147351
56,31,0,6.863250505167465
56,32,0,4.115029331416234
56,33,0,9.887037315702939
56,34,0,11.569076605689492
56,35,0,27.98093753035244
56,36,0,14.576173521568478
56,37,0,11.404392695057643
56,38,0,18.019230817200135
56,39,0,6.53109093270222
56,40,0,24.254914031207385
56,41,0,12.585664497805237
56,42,0,12.431905408176437
56,43,0,9.768583561821913
56,44,0,8.02428206768596
56,45,0,13.713451660637455
56,46,0,12.216435253749019
56,47,0,15.925567315868106
56,48,0,12.666003988839728
56,49,0,5.027367056032353
56,50,0,9.953605601900849
56,51,0,10.428081842025769
56,52,0,2.9717875007958248
56,53,0,15.37983700153177
56,54,0,17.33137631288254
56,55,0,6.4766159118430515
56,56,0,0.0
56,57,0,10.157781957433148
56,58,0,10.757968122297068
56,59,0,19.44203172172523
56,60,0,13.350120825158776
56,61,0,8.130587589371498
56,62,0,2.147821530104318
56,63,0,18.491313594452503
56,64,0,17.14437310659337
56,65,0,8.389525730978024
56,66,0,19.51689805484487
56,67,0,22.487103076834707
56,68,0,8.533188327095678
56,69,0,7.333400407902397
56,70,0,16.69629377201087
56,71,0,12.80715911504171
56,72,0,8.741806993484975
56,73,0,1.6311906498294684
56,74,0,11.727049722761736
56,75,0,13.244746478770587
56,76,0,14.890416630839937
56,77,0,6.955743301943331
56,78,0,5.539027723690883
56,79,0,21.80174395244782
56,80,0,13.284753367363157
56,81,0,16.974453440349894
56,82,0,11.399015068637661
56,83,0,15.614560441876026
56,84,0,13.213388039162105
56,85,0,14.994957584235461
56,86,0,22.06446621692254
56,87,0,4.954432954086636
56,88,0,10.070555248914781
56,89,0,13.167995532729686
56,90,0,10.97569481627369
56,91,0,18.428980714930148
56,92,0,10.69062755598697
56,93,0,5.662921300511307
56,94,0,10.179832829299803
56,95,0,6.829233226443025
56,96,0,9.077499729251263
56,97,0,15.922137691831349
57,0,0,20.102856995710187
57,1,0,11.356606906303297
57,2,0,21.363558753652836
57,3,0,9.707418705855202
57,4,0,12.949055511831626
57,5,0,7.095400412663899
57,6,0,11.620826166730053
57,7,0,6.1374455658572975
57,8,0,4.373006824645474
57,9,0,11.94706122317846
57,10,0,21.12531403115954
57,11,0,17.045578255757157
57,12,0,24.711101686459543
57,13,0,4.120289531055513
57,14,0,17.34017819362357
57,15,0,12.500904477312135
57,16,0,24.34778636460354
57,17,0,8.092456413520855
57,18,0,28.53754385419639
57,19,0,8.558686981643556
57,20,0,20.154720364988698
57,21,0,30.27325141039141
57,22,0,9.002461094761708
57,23,0,14.06410145840222
57,24,0,29.16945835917066
57,25,0,27.773399353018647
57,26,0,23.99226264000139
57,27,0,22.877462891594337
57,28,0,18.774818546180917
57,29,0,17.733971192091822
57,30,0,7.899723405837368
57,31,0,16.217075176005142
57,32,0,14.250183078884918
57,33,0,0.9516136308667019
57,34,0,5.956309297333697
57,35,0,26.499493295837215
57,36,0,16.568025500630934
57,37,0,3.82730408198161
57,38,0,19.37584471698254
57,39,0,16.451863249025063
57,40,0,22.101665481796985
57,41,0,16.862764282710792
57,42,0,20.345758705219787
57,43,0,19.751753436505798
57,44,0,15.275578096206587
57,45,0,16.939247729121632
57,46,0,13.39307932469723
57,47,0,11.58479884661245
57,48,0,19.394768575439898
57,49,0,14.457777317450022
57,50,0,16.171700680809234
57,51,0,14.946619325744743
57,52,0,8.06744819495181
57,53,0,20.824757356531418
57,54,0,24.32600380311235
57,55,0,15.821183755658234
57,56,0,10.157781957433148
57,57,0,0.0
57,58,0,19.761585575149617
57,59,0,19.21260463138818
57,60,0,11.652168467093992
57,61,0,18.25629323397843
57,62,0,12.08083015502115
57,63,0,14.806488278681611
57,64,0,17.75998689707667
57,65,0,16.931853245111483
57,66,0,17.916977686769968
57,67,0,23.16945228851324
57,68,0,2.225143389193751
57,69,0,17.42671240339221
57,70,0,19.205664635585787
57,71,0,4.336719693594422
57,72,0,14.089769580117856
57,73,0,9.14032060291675
57,74,0,14.088756383995602
57,75,0,18.380216015895247
57,76,0,21.356079710399868
57,77,0,16.795014679730652
57,78,0,13.997509371316962
57,79,0,21.753599292791087
57,80,0,22.55259697319036
57,81,0,14.663162505817233
57,82,0,17.181710091843794
57,83,0,13.98638170873789
57,84,0,13.062142594454631
57,85,0,15.854703029649286
57,86,0,19.922844526638052
57,87,0,15.05368167974761
57,88,0,9.244900804241812
57,89,0,21.785889050805405
57,90,0,20.586684683794633
57,91,0,21.190579095861867
57,92,0,18.65260259701341
57,93,0,5.369747953086355
57,94,0,10.588855316748571
57,95,0,3.68512080163681
57,96,0,6.349581022065023
57,97,0,20.27756467226413
58,0,0,30.11560478306753
58,1,0,25.5084896866041
58,2,0,28.389107366793723
58,3,0,24.070659025989656
58,4,0,14.102845319524345
58,5,0,13.216780090479805
58,6,0,12.69013973694607
58,7,0,23.805675053465308
58,8,0,16.344679926583986
58,9,0,18.743676238936214
58,10,0,31.859782763643054
58,11,0,29.93568455218179
58,12,0,4.951847009392283
58,13,0,19.50783184573084
58,14,0,27.47834962671605
58,15,0,7.864562472504762
58,16,0,33.74654449466112
58,17,0,21.848850691283378
58,18,0,18.709171498883972
58,19,0,12.535928179469627
58,20,0,13.64897182120432
58,21,0,16.72300125596702
58,22,0,15.872223251018399
58,23,0,6.229194880223571
58,24,0,9.767144710314156
58,25,0,41.79875189662709
58,26,0,8.501453683294201
58,27,0,35.10714228967382
58,28,0,17.089982630655722
58,29,0,2.870354911002753
58,30,0,24.664778368259814
58,31,0,11.088098501406225
58,32,0,8.395507428340347
58,33,0,19.794112792681783
58,34,0,22.281790145593053
58,35,0,37.474741002502995
58,36,0,23.55298165492389
58,37,0,21.861636071685624
58,38,0,26.863597267051283
58,39,0,5.008814015686994
58,40,0,34.166016733107654
58,41,0,20.54797087073395
58,42,0,16.447912946403036
58,43,0,4.218881161328133
58,44,0,14.941658080352838
58,45,0,22.137407644295244
58,46,0,21.93811475981307
58,47,0,26.61676279213546
58,48,0,18.28468935270397
58,49,0,10.731729729459705
58,50,0,17.097302705705726
58,51,0,18.80623996775449
58,52,0,11.776208824845613
58,53,0,21.6698517285696
58,54,0,21.325494647527506
58,55,0,4.2857705757019495
58,56,0,10.757968122297068
58,57,0,19.761585575149617
58,58,0,0.0
58,59,0,28.90166791135877
58,60,0,23.77230452766753
58,61,0,5.707317450758191
58,62,0,10.124543823003544
58,63,0,29.02348456190667
58,64,0,26.45101106004089
58,65,0,13.253591079183314
58,66,0,29.483570225228213
58,67,0,31.25970586455199
58,68,0,18.68938461630798
58,69,0,8.025932973686892
58,70,0,25.05353319076567
58,71,0,23.175424006406043
58,72,0,17.094744812685455
58,73,0,12.36990620257217
58,74,0,21.02707742894799
58,75,0,20.348163665531168
58,76,0,20.177941630074823
58,77,0,9.54580130537435
58,78,0,12.504351482931991
58,79,0,30.99607323462229
58,80,0,2.8472685187283315
58,81,0,27.291961888815585
58,82,0,18.44869462022813
58,83,0,25.850745384978833
58,84,0,23.256282410627268
58,85,0,24.44774793320753
58,86,0,32.06964673229959
58,87,0,6.762969907094088
58,88,0,20.622827549998394
58,89,0,2.547764111465999
58,90,0,2.3043210777301217
58,91,0,26.375949767392587
58,92,0,15.34370379675481
58,93,0,14.409114043718464
58,94,0,20.46182268542963
58,95,0,16.076909746556446
58,96,0,19.83542691229124
58,97,0,23.087971715317057
59,0,0,1.2141883184360815
59,1,0,8.37498685710972
59,2,0,3.6938335438591925
59,3,0,9.721424884356583
59,4,0,14.800222712198801
59,5,0,18.970338549688286
59,6,0,16.406776433297633
59,7,0,14.168242653391472
59,8,0,17.533677632345743
59,9,0,10.39046699536655
59,10,0,3.0085372502953587
59,11,0,4.606906171974764
59,12,0,32.87655767284461
59,13,0,15.275689175906903
59,14,0,1.8761753686689584
59,15,0,21.929341010775516
59,16,0,5.310011136955399
59,17,0,11.12773978349445
59,18,0,23.549513982727998
59,19,0,24.70370184167831
59,20,0,18.42285287376077
59,21,0,28.138541481083454
59,22,0,14.165182011499617
59,23,0,26.47923786109767
59,24,0,34.77436659416801
59,25,0,13.617007109927469
59,26,0,26.929099028373354
59,27,0,6.560831303411154
59,28,0,13.972385501007535
59,29,0,26.031499834014934
59,30,0,12.43056375830858
59,31,0,18.320519471857263
59,32,0,20.516787944723696
59,33,0,18.265013495948896
59,34,0,13.434534695588404
59,35,0,8.594336339690122
59,36,0,5.467390691982294
59,37,0,15.761728825563164
59,38,0,3.043431709354597
59,39,0,23.89498673213919
59,40,0,5.656657610847534
59,41,0,9.019165463528548
59,42,0,15.91015401750896
59,43,0,25.938654705812038
59,44,0,14.294460952395461
59,45,0,7.2421567658812
59,46,0,7.2276270552382265
59,47,0,8.934374617898712
59,48,0,13.22237415347407
59,49,0,18.2159085093495
59,50,0,12.42627302011296
59,51,0,10.232879723316769
59,52,0,20.76188322372678
59,53,0,10.89135704748578
59,54,0,15.309668261643669
59,55,0,24.942661482860984
59,56,0,19.44203172172523
59,57,0,19.21260463138818
59,58,0,28.90166791135877
59,59,0,0.0
59,60,0,7.563943207007474
59,61,0,23.857981537985264
59,62,0,19.090858467202494
59,63,0,6.808460776261062
59,64,0,2.4782985707079717
59,65,0,16.607781727762124
59,66,0,2.652570927820651
59,67,0,4.070966672814194
59,68,0,17.496996579327785
59,69,0,21.542703756518396
59,70,0,5.250459554368028
59,71,0,16.279838855511088
59,72,0,11.857022521282932
59,73,0,17.987506779594003
59,74,0,7.890045499483275
59,75,0,10.190026133350043
59,76,0,13.063166541093006
59,77,0,19.944773106854054
59,78,0,16.434821689449155
59,79,0,2.55544531050096
59,80,0,30.67669115292015
59,81,0,5.142613334888492
59,82,0,11.496876579635812
59,83,0,5.288337534457954
59,84,0,6.53274651769346
59,85,0,4.483183911674858
59,86,0,4.186584675038493
59,87,0,22.151353383707246
59,88,0,10.461875018061699
59,89,0,31.448232738631347
59,90,0,28.061830555625164
59,91,0,5.8262603171843494
59,92,0,15.633590544287255
59,93,0,20.797115584273545
59,94,0,9.631081237241084
59,95,0,19.969655071537588
59,96,0,13.153102904119413
59,97,0,8.711542417571867
60,0,0,8.496229381153931
60,1,0,2.454284194870798
60,2,0,9.93508175283632
60,3,0,2.61696097116485
60,4,0,10.353034378472824
60,5,0,12.144744494848178
60,6,0,11.170212374152843
60,7,0,7.039784109664597
60,8,0,10.223115575122375
60,9,0,5.616143375018232
60,10,0,9.692323309889249
60,11,0,6.365796803646708
60,12,0,28.264989787193663
60,13,0,7.7284525225369185
60,14,0,5.689415746120593
60,15,0,16.142952154088356
60,16,0,12.763178907968852
60,17,0,3.5637973405369228
60,18,0,23.67242167268374
60,19,0,17.555618967569526
60,20,0,16.48190192746703
60,21,0,27.25717508692502
60,22,0,7.954290108828
60,23,0,20.250487917946238
60,24,0,31.13942624015081
60,25,0,18.232300519530693
60,26,0,23.87234883743846
60,27,0,12.088852789616224
60,28,0,12.823852157541786
60,29,0,20.982851374477463
60,30,0,5.599477684056522
60,31,0,14.624045293761514
60,32,0,15.562966872912162
60,33,0,10.703412045788244
60,34,0,5.98143292788915
60,35,0,15.330281323383463
60,36,0,6.042996954408028
60,37,0,8.29977137612273
60,38,0,8.01361713583252
60,39,0,18.943036065106618
60,40,0,11.200594731432323
60,41,0,8.386774832383564
60,42,0,14.93297784648919
60,43,0,21.59736458074638
60,44,0,11.120028091375161
60,45,0,7.3755073798263435
60,46,0,3.5967250839154667
60,47,0,3.799864668246488
60,48,0,12.709229791696172
60,49,0,13.81205098055213
60,50,0,10.235948703865771
60,51,0,7.779954048047459
60,52,0,14.001842476018574
60,53,0,12.275079151831248
60,54,0,16.77741831686078
60,55,0,19.54601093070163
60,56,0,13.350120825158776
60,57,0,11.652168467093992
60,58,0,23.77230452766753
60,59,0,7.563943207007474
60,60,0,0.0
60,61,0,19.541073098758908
60,62,0,13.64875920761494
60,63,0,5.286131243787429
60,64,0,6.2536375658229035
60,65,0,13.678358148803982
60,66,0,6.583796163394874
60,67,0,11.527810211338702
60,68,0,9.952163915579737
60,69,0,17.51996493106694
60,70,0,8.482932900823853
60,71,0,9.005752805073026
60,72,0,8.497941831969957
60,73,0,11.746051874487776
60,74,0,5.098435327225502
60,75,0,10.219321094067203
60,76,0,13.794953518134395
60,77,0,16.082228046790107
60,78,0,12.191891796799297
60,79,0,10.111735873289406
60,80,0,25.9753729792465
60,81,0,3.6527143994499935
60,82,0,10.228833514511773
60,83,0,2.4759806242070295
60,84,0,2.077173842900945
60,85,0,4.700139051725036
60,86,0,8.95995432840528
60,87,0,17.128032956272808
60,88,0,3.340308935025931
60,89,0,26.282669009026815
60,90,0,23.42826330574754
60,91,0,10.35407120564845
60,92,0,13.858232015057347
60,93,0,13.552377772210015
60,94,0,3.343957145282348
60,95,0,12.561555660940172
60,96,0,5.67003644961172
60,97,0,10.801766046389686
61,0,0,25.068382345370395
61,1,0,21.55569363545192
61,2,0,23.021491790226733
61,3,0,20.317008326459664
61,4,0,9.296146599826823
61,5,0,11.165875135428777
61,6,0,8.467422538212997
61,7,0,20.995210990986465
61,8,0,14.155927536270124
61,9,0,14.127068014377798
61,10,0,26.855502619780072
61,11,0,25.397690769082836
61,12,0,9.020102557824234
61,13,0,16.848612612254456
61,14,0,22.576733034854087
61,15,0,5.9436668374069574
61,16,0,28.49781589371674
61,17,0,18.252130945337395
61,18,0,14.006068881418026
61,19,0,13.15381680594135
61,20,0,7.979243065030099
61,21,0,13.34366642344561
61,22,0,12.07438902571809
61,23,0,8.1815655280231
61,24,0,11.68714992108163
61,25,0,37.102322760038085
61,26,0,5.828493777175155
61,27,0,30.240095965427244
61,28,0,11.426379208210067
61,29,0,3.316710453043772
61,30,0,21.48282765818571
61,31,0,5.607945054779623
61,32,0,4.254348772438089
61,33,0,18.01585815449191
61,34,0,19.277923686586114
61,35,0,32.34791220796809
61,36,0,18.417022456651907
61,37,0,19.42169038019409
61,38,0,21.60950364559395
61,39,0,2.2964023156526494
61,40,0,29.299825870751608
61,41,0,15.187114051703142
61,42,0,10.742262004654012
61,43,0,2.090116288751615
61,44,0,9.613566009779689
61,45,0,16.855273029663497
61,46,0,17.204078491924022
61,47,0,22.781320702034893
61,48,0,12.613997422475473
61,49,0,5.7724069798493645
61,50,0,11.68246965501626
61,51,0,13.633326364748065
61,52,0,10.422025085985068
61,53,0,16.010766582464125
61,54,0,15.660150049254781
61,55,0,4.115131078734299
61,56,0,8.130587589371498
61,57,0,18.25629323397843
61,58,0,5.707317450758191
61,59,0,23.857981537985264
61,60,0,19.541073098758908
61,61,0,0.0
61,62,0,6.512542300227349
61,63,0,24.821845515185572
61,64,0,21.382030014116417
61,65,0,7.662999970358337
61,66,0,24.718814684178156
61,67,0,25.9222374851002
61,68,0,16.659691838698393
61,69,0,2.393098165959394
61,70,0,19.686022193059653
61,71,0,20.85457450385811
61,72,0,12.012354165733644
61,73,0,9.424467751953625
61,74,0,16.1089120733813
61,75,0,14.813614276311988
61,76,0,14.475005370992662
61,77,0,3.990498439652923
61,78,0,7.509520372781076
61,79,0,25.807842863304533
61,80,0,6.857662164139256
61,81,0,22.859743657882493
61,82,0,12.958874309503623
61,83,0,21.37202314467884
61,84,0,18.689294465829157
61,85,0,19.49214586955919
61,86,0,27.29325063069565
61,87,0,3.205656405283656
61,88,0,16.674311149121518
61,89,0,8.06133036371171
61,90,0,4.258975387903248
61,91,0,20.89053187638225
61,92,0,9.656644471882087
61,93,0,13.363636293609737
61,94,0,16.201500005074568
61,95,0,14.782567530296966
61,96,0,16.576208275397324
61,97,0,17.512009540414837
62,0,0,20.295808320015766
62,1,0,15.439025848095767
62,2,0,19.09303295954465
62,3,0,14.069942895909467
62,4,0,4.589232042365849
62,5,0,5.088399646775887
62,6,0,2.6853381992218903
62,7,0,14.484718200149763
62,8,0,7.807523581967167
62,9,0,8.746237723287607
62,10,0,21.9836915316817
62,11,0,19.82954299688612
62,12,0,14.685335650467238
62,13,0,10.344300078667679
62,14,0,17.553506597472886
62,15,0,2.9437405062689095
62,16,0,24.145795530687764
62,17,0,11.913694318163742
62,18,0,17.255576923843908
62,19,0,9.233462276028153
62,20,0,9.083072306118392
62,21,0,18.309172358532383
62,22,0,5.795102588597999
62,23,0,7.731212242851788
62,24,0,18.11046905591082
62,25,0,31.71280820473507
62,26,0,12.009375179852137
62,27,0,25.111642495828573
62,28,0,9.88083623632195
62,29,0,7.343886434355793
62,30,0,15.022174450691335
62,31,0,4.738915348749882
62,32,0,2.2684839625214566
62,33,0,11.724951491530819
62,34,0,12.779419523814719
62,35,0,27.6831318618737
62,36,0,13.94979282377393
62,37,0,12.930932437371789
62,38,0,17.37326754049929
62,39,0,5.3669440868690295
62,40,0,24.173882947100438
62,41,0,11.518326810538
62,42,0,10.48434891249385
62,43,0,8.364306512184998
62,44,0,6.444959265541188
62,45,0,12.840779822209463
62,46,0,11.959229777525968
62,47,0,16.592196995067145
62,48,0,10.976804166367447
62,49,0,2.9242411836570232
62,50,0,8.537740858978138
62,51,0,9.462108044470162
62,52,0,5.100794024447138
62,53,0,13.899921562581557
62,54,0,15.48103613410279
62,55,0,5.934970168478347
62,56,0,2.147821530104318
62,57,0,12.08083015502115
62,58,0,10.124543823003544
62,59,0,19.090858467202494
62,60,0,13.64875920761494
62,61,0,6.512542300227349
62,62,0,0.0
62,63,0,18.90779108123885
62,64,0,16.70050299471361
62,65,0,6.403310022827023
62,66,0,19.457387001254904
62,67,0,21.84748758534777
62,68,0,10.303230228824535
62,69,0,5.349435607172617
62,70,0,15.8436994736518
62,71,0,14.374163329083888
62,72,0,7.70817187793376
62,73,0,2.980031556587436
62,74,0,11.219776019766242
62,75,0,11.922889916102195
62,76,0,13.195337829412685
62,77,0,4.827746924892333
62,78,0,3.7666803779062907
62,79,0,21.336616746098954
62,80,0,12.386661106652262
62,81,0,17.17359757838021
62,82,0,10.009003821142603
62,83,0,15.742041906934807
62,84,0,13.181990804432683
62,85,0,14.607680421826393
62,86,0,22.03745427735055
62,87,0,3.5781233199150404
62,88,0,10.535098931756398
62,89,0,12.642989331909797
62,90,0,9.90718899375644
62,91,0,17.45506559932966
62,92,0,8.773146247413369
62,93,0,7.800119023075935
62,94,0,10.338438624590529
62,95,0,8.895535052361206
62,96,0,10.110118924941638
62,97,0,14.674458147071292
63,0,0,7.009870286528703
63,1,0,3.743668908983052
63,2,0,10.392746526137499
63,3,0,5.445240570125486
63,4,0,15.59972595120525
63,5,0,16.975588417146206
63,6,0,16.454072898004913
63,7,0,8.873532690934926
63,8,0,14.613190500986121
63,9,0,10.796799506100605
63,10,0,7.184660589758043
63,11,0,2.6051554828487533
63,12,0,33.54623886085148
63,13,0,11.567824642374717
63,14,0,5.635569887655608
63,15,0,21.328763863563598
63,16,0,10.622029225594511
63,17,0,7.677984946338356
63,18,0,27.971049286147277
63,19,0,21.954882786870083
63,20,0,21.34003893747787
63,21,0,31.937047671433252
63,22,0,13.161877873799641
63,23,0,25.26363002780451
63,24,0,36.39870080595966
63,25,0,13.334874102603084
63,26,0,29.04271919405847
63,27,0,8.12052540076259
63,28,0,17.345667880995126
63,29,0,26.24917258510221
63,30,0,7.012602495045221
63,31,0,19.82433100410892
63,32,0,20.846577399640132
63,33,0,13.934390334230025
63,34,0,8.90460585558867
63,35,0,11.882226048861444
63,36,0,9.099461811240175
63,37,0,11.00148528250404
63,38,0,9.067869173911088
63,39,0,24.2205596890024
63,40,0,7.411813815116579
63,41,0,12.442632587623137
63,42,0,19.462970273107633
63,43,0,26.881249430691984
63,44,0,16.166236432651893
63,45,0,10.958434030590253
63,46,0,8.136485742932095
63,47,0,3.2221398762671876
63,48,0,16.998922375316013
63,49,0,19.081384199807026
63,50,0,14.988678332841458
63,51,0,12.47122406668559
63,52,0,18.831961055626817
63,53,0,15.743354834345768
63,54,0,20.38252697710103
63,55,0,24.77880940542236
63,56,0,18.491313594452503
63,57,0,14.806488278681611
63,58,0,29.02348456190667
63,59,0,6.808460776261062
63,60,0,5.286131243787429
63,61,0,24.821845515185572
63,62,0,18.90779108123885
63,63,0,0.0
63,64,0,7.3447850458973996
63,65,0,18.726931157786773
63,66,0,4.317947567822563
63,67,0,10.60961692761109
63,68,0,13.655709234520684
63,69,0,22.77686172195159
63,70,0,10.646599371949405
63,71,0,11.019910306285166
63,72,0,13.498302187838034
63,73,0,16.867834978548487
63,74,0,9.601599347275165
63,75,0,14.155970760489318
63,76,0,17.627765276569797
63,77,0,21.315510150041078
63,78,0,17.436126445733883
63,79,0,8.730443753933864
63,80,0,31.254961960218218
63,81,0,2.4472932265315426
63,82,0,14.673737334321864
63,83,0,3.8154505310519227
63,84,0,6.420946994010789
63,85,0,7.349781928777715
63,86,0,5.384249182128529
63,87,0,22.405721685953406
63,88,0,8.426897302838821
63,89,0,31.522844959177167
63,90,0,28.712375267129588
63,91,0,11.994438661665228
63,92,0,18.612461665736205
63,93,0,17.91954916468797
63,94,0,8.630070921303066
63,95,0,16.66098498720156
63,96,0,10.003711716401023
63,97,0,13.83093137992672
64,0,0,3.6864055805317055
64,1,0,7.72584859219955
64,2,0,3.685211428402973
64,3,0,8.733485814248189
64,4,0,12.356457030774447
64,5,0,16.861315401123857
64,6,0,14.015274806845298
64,7,0,13.238062797102254
64,8,0,15.66821668682455
64,9,0,8.068742062040284
64,10,0,5.485162274976965
64,11,0,5.826247100252763
64,12,0,30.401234943507944
64,13,0,13.705737212400015
64,14,0,1.8422490715093252
64,15,0,19.5654782810339
64,16,0,7.486579518324256
64,17,0,9.71011942266198
64,18,0,21.487949480604104
64,19,0,22.6843925257982
64,20,0,16.02530859892268
64,21,0,25.931197447793043
64,22,0,11.96386539925673
64,23,0,24.166875219844293
64,24,0,32.31043750257212
64,25,0,16.02876939018881
64,26,0,24.483310389022073
64,27,0,8.994585475265874
64,28,0,11.605890700053763
64,29,0,23.580666385207884
64,30,0,11.650012742502613
64,31,0,15.84222294576659
64,32,0,18.074596011442235
64,33,0,16.808556300183085
64,34,0,12.231362367510954
64,35,0,11.024857807473476
64,36,0,2.9937156125541082
64,37,0,14.542023246179308
64,38,0,1.8531992757345268
64,39,0,21.442734121579395
64,40,0,8.074133836436468
64,41,0,6.595666989077383
64,42,0,13.591113510969704
64,43,0,23.461868345202905
64,44,0,11.816372948128441
64,45,0,4.820792146909609
64,46,0,5.0089247976357445
64,47,0,8.614273318216418
64,48,0,10.920296350475766
64,49,0,15.751854024601256
64,50,0,9.963040368075953
64,51,0,7.754775357627457
64,52,0,18.614583117664466
64,53,0,8.8736306752564
64,54,0,13.437331061950182
64,55,0,22.521410829457736
64,56,0,17.14437310659337
64,57,0,17.75998689707667
64,58,0,26.45101106004089
64,59,0,2.4782985707079717
64,60,0,6.2536375658229035
64,61,0,21.382030014116417
64,62,0,16.70050299471361
64,63,0,7.3447850458973996
64,64,0,0.0
64,65,0,14.1396348295114
64,66,0,4.160364926348946
64,67,0,5.56013094118212
64,68,0,15.897648937246075
64,69,0,19.064699644162275
64,70,0,3.3769512831927573
64,71,0,15.250599984206142
64,72,0,9.386907068432334
64,73,0,15.733377066720351
64,74,0,5.4807355560925135
64,75,0,7.883588020654387
64,76,0,10.970187661498239
64,77,0,17.466515352397366
64,78,0,13.970679052079777
64,79,0,4.6577906971690535
64,80,0,28.20465644506312
64,81,0,5.099573562144634
64,82,0,9.07779928543485
64,83,0,4.520284031802771
64,84,0,4.720536605748756
64,85,0,2.1679034558615666
64,86,0,6.372589578026189
64,87,0,19.708359944238026
64,88,0,8.676811287856639
64,89,0,28.99638494634865
64,90,0,25.589740194863527
64,91,0,4.672285147981239
64,92,0,13.22710677052355
64,93,0,18.857388450865045
64,94,0,7.642705652279948
64,95,0,18.15655821278409
64,96,0,11.507532691093552
64,97,0,6.7731463453515195
65,0,0,17.79809661235015
65,1,0,16.013153058864614
65,2,0,15.439955901183186
65,3,0,15.191883421930136
65,4,0,4.111627030165241
65,5,0,10.772102044720542
65,6,0,5.399826184051158
65,7,0,17.33077557968649
65,8,0,12.60256906261555
65,9,0,8.089089122545362
65,10,0,19.61485594653902
65,11,0,18.79374713841855
65,12,0,16.55234915807201
65,13,0,13.973713479186019
65,14,0,15.534511683473516
65,15,0,8.82681355952828
65,16,0,20.992350004510996
65,17,0,13.596932285281063
65,18,0,11.60914418009287
65,19,0,15.6227654701189
65,20,0,3.257999454412475
65,21,0,13.983622919174326
65,22,0,8.240680598009028
65,23,0,13.38291072823907
65,24,0,18.173140483727884
65,25,0,30.118243186798534
65,26,0,10.429979201884011
65,27,0,23.123074344155206
65,28,0,3.91598607251978
65,29,0,10.519431308194045
65,30,0,17.184342567789592
65,31,0,2.234886294105854
65,32,0,5.953059700923514
65,33,0,16.324980129014822
65,34,0,15.49246187230019
65,35,0,24.936558541486253
65,36,0,11.146378917217636
65,37,0,16.517749918991825
65,38,0,14.142599251748443
65,39,0,8.508514115549916
65,40,0,22.194297322676476
65,41,0,7.679296445758634
65,42,0,4.086888244433901
65,43,0,9.640040662274238
65,44,0,2.5632926586364917
65,45,0,9.418684764958993
65,46,0,10.63665655936928
65,47,0,17.34886427492518
65,48,0,5.115025565641517
65,49,0,3.565955423985253
65,50,0,4.187213682039835
65,51,0,6.492568928273826
65,52,0,11.331620680101661
65,53,0,8.44576861411445
65,54,0,9.151921679304646
65,55,0,10.173812405204206
65,56,0,8.389525730978024
65,57,0,16.931853245111483
65,58,0,13.253591079183314
65,59,0,16.607781727762124
65,60,0,13.678358148803982
65,61,0,7.662999970358337
65,62,0,6.403310022827023
65,63,0,18.726931157786773
65,64,0,14.1396348295114
65,65,0,0.0
65,66,0,17.816183295082173
65,67,0,18.35333104393215
65,68,0,14.816560017684864
65,69,0,5.271497439190017
65,70,0,12.121722188276753
65,71,0,17.964977962661813
65,72,0,5.228945753258843
65,73,0,8.37385296515174
65,74,0,9.284195093343786
65,75,0,7.154682751068005
65,76,0,7.197462837191913
65,77,0,3.7082899637268447
65,78,0,3.0090628403187423
65,79,0,18.374763793288558
65,80,0,14.478861876466842
65,81,0,16.4946335362936
65,82,0,5.3347590129256295
65,83,0,14.998766739081631
65,84,0,12.315413164749335
65,85,0,12.45463673643276
65,86,0,20.326663512469167
65,87,0,7.233177712288584
65,88,0,11.590979753753935
65,89,0,15.69434944542274
65,90,0,11.908781029459963
65,91,0,13.241425687947432
65,92,0,2.4269879036844424
65,93,0,13.703848248908104
65,94,0,10.598766853468165
65,95,0,14.418957545250587
65,96,0,12.73701431771875
65,97,0,9.851743533361892
66,0,0,2.69206105326432
66,1,0,6.6401757889189215
66,2,0,6.34587404183093
66,3,0,8.215971044489516
66,4,0,15.463966441007047
66,5,0,18.630921176843643
66,6,0,16.814189474353633
66,7,0,12.438005019310776
66,8,0,16.80674156340614
66,9,0,10.74060446670216
66,10,0,3.2136575730737333
66,11,0,1.9566620161431971
66,12,0,33.68734897367931
66,13,0,14.194474592972437
66,14,0,2.3840172904475803
66,15,0,22.17317285245556
66,16,0,6.561276911055797
66,17,0,10.006196872550989
66,18,0,25.646693779572562
66,19,0,24.134229784596236
66,20,0,19.95450371944633
66,21,0,30.04750436116371
66,22,0,14.106855756724366
66,23,0,26.529265370203145
66,24,0,35.94567849919537
66,25,0,12.38384799895241
66,26,0,28.23893655813383
66,27,0,5.667162214950201
66,28,0,15.611582279122443
66,29,0,26.628942850958868
66,30,0,10.615607606767387
66,31,0,19.321549495786098
66,32,0,21.10063438758713
66,33,0,16.988382032483386
66,34,0,11.988754531064693
66,35,0,8.746818539565664
66,36,0,6.87571556698747
66,37,0,14.274226647408474
66,38,0,5.445353616297622
66,39,0,24.51473087888365
66,40,0,4.738044265291924
66,41,0,10.549441808561712
66,42,0,17.645082068793425
66,43,0,26.808914000222032
66,44,0,15.363713048640491
66,45,0,8.815198665512309
66,46,0,7.551406919037597
66,47,0,6.886979983053879
66,48,0,15.00060855136558
66,49,0,18.971853450108988
66,50,0,13.719604932874093
66,51,0,11.324321615023639
66,52,0,20.473838174128225
66,53,0,13.03094929029825
66,54,0,17.573785751808227
66,55,0,25.385380718285443
66,56,0,19.51689805484487
66,57,0,17.916977686769968
66,58,0,29.483570225228213
66,59,0,2.652570927820651
66,60,0,6.583796163394874
66,61,0,24.718814684178156
66,62,0,19.457387001254904
66,63,0,4.317947567822563
66,64,0,4.160364926348946
66,65,0,17.816183295082173
66,66,0,0.0
66,67,0,6.291704550909473
66,68,0,16.40553995886552
66,69,0,22.482258235140396
66,70,0,7.465022328497185
66,71,0,14.595871806670653
66,72,0,12.767975120915223
66,73,0,17.97260143309998
66,74,0,8.6275036584445
66,75,0,11.977122080481486
66,76,0,15.12944191469303
66,77,0,20.91725945398543
66,78,0,17.21200675253117
66,79,0,4.423288361791901
66,80,0,31.441670886390934
66,81,0,3.2670724609724546
66,82,0,13.00740849726668
66,83,0,4.10834457412094
66,84,0,6.30709377087173
66,85,0,5.36975761178541
66,86,0,2.586361456400028
66,87,0,22.726013823151206
66,88,0,9.843189227003736
66,89,0,32.027568570887375
66,90,0,28.83780113645227
66,91,0,8.358015096553201
66,92,0,17.151375743061763
66,93,0,20.13584527198436
66,94,0,9.365459704438873
66,95,0,19.126300451948268
66,96,0,12.229060808423664
66,97,0,10.911887199020345
67,0,0,3.599782050994437
67,1,0,12.445880992969657
67,2,0,2.9166722842283903
67,3,0,13.77444807799498
67,4,0,17.34232054156219
67,5,0,22.379051112732704
67,6,0,19.183592904030956
67,7,0,18.235446693377703
67,8,0,21.225629198061252
67,9,0,13.455312978852684
67,10,0,4.09778802095617
67,11,0,8.13771779228528
67,12,0,34.894494601034964
67,13,0,19.17027144453169
67,14,0,5.881115413816764
67,15,0,24.765420274040835
67,16,0,2.818687947225114
67,17,0,15.07795326953744
67,18,0,23.33236508427663
67,19,0,28.228989691443633
67,20,0,19.56656510471998
67,21,0,28.29808206086574
67,22,0,17.440444039084216
67,23,0,29.456668672371443
67,24,0,36.24167763347277
67,25,0,13.55201963324709
67,26,0,28.265774466249567
67,27,0,7.016128212514954
67,28,0,15.105876515313401
67,29,0,28.405020544294263
67,30,0,16.50152546687997
67,31,0,20.314311331558724
67,32,0,22.997635769575627
67,33,0,22.21881247545233
67,34,0,17.459856478726383
67,35,0,6.9682719989416055
67,36,0,7.918345433042451
67,37,0,19.78820876446911
67,38,0,4.477463870912947
67,39,0,26.271876777053922
67,40,0,6.447680183764737
67,41,0,10.737228444032652
67,42,0,16.76041723968202
67,43,0,27.956688511545085
67,44,0,16.338267954950677
67,45,0,9.124806560938394
67,46,0,10.530668947226276
67,47,0,12.974008634052623
67,48,0,14.12530838517864
67,49,0,20.539163073555045
67,50,0,14.240398653393804
67,51,0,12.488846054222606
67,52,0,24.107172894940778
67,53,0,11.116034203849336
67,54,0,14.872661115822954
67,55,0,27.516151870048926
67,56,0,22.487103076834707
67,57,0,23.16945228851324
67,58,0,31.25970586455199
67,59,0,4.070966672814194
67,60,0,11.527810211338702
67,61,0,25.9222374851002
67,62,0,21.84748758534777
67,63,0,10.60961692761109
67,64,0,5.56013094118212
67,65,0,18.35333104393215
67,66,0,6.291704550909473
67,67,0,0.0
67,68,0,21.37985738954807
67,69,0,23.542704820371345
67,70,0,6.237696471434869
67,71,0,20.340335664104387
67,72,0,14.236035053035964
67,73,0,21.14126897120241
67,74,0,10.764853259317178
67,75,0,11.31244241161004
67,76,0,13.314689163827532
67,77,0,21.93529082417973
67,78,0,18.783591438816252
67,79,0,1.93326921433146
67,80,0,32.77878910498952
67,81,0,9.185485577752045
67,82,0,13.021819373356454
67,83,0,9.339765478687044
67,84,0,10.237927495527963
67,85,0,7.696800549799642
67,86,0,6.385850638832872
67,87,0,24.612285182266067
67,88,0,14.209053244804712
67,89,0,33.78359412834681
67,90,0,30.179148965469974
67,91,0,5.396619817740121
67,92,0,16.908149055133514
67,93,0,24.416563430258428
67,94,0,13.202830787602458
67,95,0,23.708311929516913
67,96,0,17.00026884671041
67,97,0,9.009736036841783
68,0,0,18.44837587130578
68,1,0,10.027280332555588
68,2,0,19.44511836514161
68,3,0,8.315709500359802
68,4,0,10.791709005642103
68,5,0,5.576775689927617
68,6,0,9.57429943693358
68,7,0,5.632703678589884
68,8,0,2.5052845935171866
68,9,0,9.755617267204798
68,10,0,19.585785995366084
68,11,0,15.717459466111446
68,12,0,23.632397914801476
68,13,0,2.2237228522864223
68,14,0,15.621133589309718
68,15,0,11.112618840417593
68,16,0,22.71466645930672
68,17,0,6.412581671022143
68,18,0,26.42524101526372
68,19,0,8.588536300720907
68,20,0,18.05633253983298
68,21,0,28.31793571340298
68,22,0,6.795971404008614
68,23,0,13.352288100288263
68,24,0,27.856667529911594
68,25,0,26.86864998480944
68,26,0,22.302500473967804
68,27,0,21.588849017771
68,28,0,16.56237257213035
68,29,0,16.461168452859933
68,30,0,7.113184551543424
68,31,0,14.216727398558257
68,32,0,12.53347973110486
68,33,0,1.5084395621224878
68,34,0,4.803303461660803
68,35,0,25.095394522474614
68,36,0,14.528486469688508
68,37,0,3.3456136113570127
68,38,0,17.449768235627783
68,39,0,15.002843327809334
68,40,0,20.771707480153395
68,41,0,14.67197551210149
68,42,0,18.158013631346673
68,43,0,18.278309333526526
68,44,0,13.08913823692668
68,45,0,14.806023400580912
68,46,0,11.36121750680448
68,47,0,10.480082301649459
68,48,0,17.17233426053443
68,49,0,12.501622702435222
68,50,0,13.949165713489137
68,51,0,12.733660645589351
68,52,0,6.924126863365692
68,53,0,18.613960493835194
68,54,0,22.101816183984596
68,55,0,14.58605318595599
68,56,0,8.533188327095678
68,57,0,2.225143389193751
68,58,0,18.68938461630798
68,59,0,17.496996579327785
68,60,0,9.952163915579737
68,61,0,16.659691838698393
68,62,0,10.303230228824535
68,63,0,13.655709234520684
68,64,0,15.897648937246075
68,65,0,14.816560017684864
68,66,0,16.40553995886552
68,67,0,21.37985738954807
68,68,0,0.0
68,69,0,15.642429320862648
68,70,0,17.157668429378283
68,71,0,4.51274280664007
68,72,0,11.864741067908316
68,73,0,7.3241756597521865
68,74,0,11.970386072335014
68,75,0,16.169108018522426
68,76,0,19.130970058452213
68,77,0,14.898426099574284
68,78,0,11.920902801224784
68,79,0,20.05100229481556
68,80,0,21.415198311285184
68,81,0,13.201898928428275
68,82,0,14.957040688311242
68,83,0,12.370977815773992
68,84,0,11.17756321317387
68,85,0,13.92159515031541
68,86,0,18.554970450817706
68,87,0,13.48671211987507
68,88,0,7.26270270965508
68,89,0,20.855615522310448
68,90,0,19.3034902856487
68,91,0,19.14213061722266
68,92,0,16.4768045747342
68,93,0,4.760125388211051
68,94,0,8.533585022201107
68,95,0,3.1806513585430296
68,96,0,4.390620372857008
68,97,0,18.107763677749265
69,0,0,22.750232528377573
69,1,0,19.626679251822054
69,2,0,20.63897089959346
69,3,0,18.479788899610394
69,4,0,7.178428900843415
69,5,0,10.386990068581175
69,6,0,6.71179406776439
69,7,0,19.54396743882474
69,8,0,13.152691611504904
69,9,0,12.007024472106316
69,10,0,24.545813409945143
69,11,0,23.23236705258241
69,12,0,11.36706098559269
69,13,0,15.543725308366332
69,14,0,20.304238395566433
69,15,0,5.930378518931303
69,16,0,26.131607371160463
69,17,0,16.506889244187622
69,18,0,12.887362531639129
69,19,0,13.442268263757066
69,20,0,5.913864207552326
69,21,0,13.145480896290076
69,22,0,10.377692678285436
69,23,0,9.39544228455554
69,24,0,13.621870556084668
69,25,0,34.86318770547504
69,26,0,6.749234663316383
69,27,0,27.96232282755057
69,28,0,9.065447337853263
69,29,0,5.405621740952165
69,30,0,19.86838489396747
69,31,0,3.237237205517264
69,32,0,3.229936906142135
69,33,0,17.072690813584988
69,34,0,17.771119256679974
69,35,0,30.003567856033975
69,36,0,16.088355547037004
69,37,0,18.15672081457848
69,38,0,19.247550451132348
69,39,0,3.6468006600687106
69,40,0,27.023727065297802
69,41,0,12.811870356117671
69,42,0,8.511293947782674
69,43,0,4.418174968950596
69,44,0,7.26298017486242
69,45,0,14.493701168161932
69,46,0,15.01012774062896
69,47,0,20.888321291158466
69,48,0,10.259059090472267
69,49,0,3.7303607383980233
69,50,0,9.302591772420465
69,51,0,11.309950580135446
69,52,0,10.036292359158736
69,53,0,13.64764029657739
69,54,0,13.53267981240622
69,55,0,5.551543764292654
69,56,0,7.333400407902397
69,57,0,17.42671240339221
69,58,0,8.025932973686892
69,59,0,21.542703756518396
69,60,0,17.51996493106694
69,61,0,2.393098165959394
69,62,0,5.349435607172617
69,63,0,22.77686172195159
69,64,0,19.064699644162275
69,65,0,5.271497439190017
69,66,0,22.482258235140396
69,67,0,23.542704820371345
69,68,0,15.642429320862648
69,69,0,0.0
69,70,0,17.305328841721337
69,71,0,19.61482533649096
69,72,0,9.729627641906422
69,73,0,8.320307912111339
69,74,0,13.856423846755442
69,75,0,12.420599481283014
69,76,0,12.171686437496916
69,77,0,1.6091002906305178
69,78,0,5.347019968142785
69,79,0,23.455517103401547
69,80,0,9.237621485331486
69,81,0,20.741634928156476
69,82,0,10.567496689149602
69,83,0,19.245088973433237
69,84,0,16.546634629299337
69,85,0,17.21255847965059
69,86,0,25.046852772624337
69,87,0,3.2186655552434362
69,88,0,14.802165740390011
69,89,0,10.432609807085688
69,90,0,6.648541237704054
69,91,0,18.49785455234437
69,92,0,7.321388581610814
69,93,0,12.922029724253951
69,94,0,14.203704879747484
69,95,0,14.162175424199758
69,96,0,15.008802828301944
69,97,0,15.122419751356913
70,0,0,6.252006935745048
70,1,0,10.445313858126967
70,2,0,3.338288681931908
70,3,0,11.09856897854869
70,4,0,11.274879318039991
70,5,0,17.024770046153623
70,6,0,13.228829518105556
70,7,0,15.46901588579779
70,8,0,16.441859022499152
70,9,0,7.991381486612188
70,10,0,8.029352042928968
70,11,0,9.197975676267014
70,12,0,28.6573322897137
70,13,0,15.085550481485466
70,14,0,5.2156367120952085
70,15,0,18.784318294714723
70,16,0,8.88528574769554
70,17,0,11.511027808799932
70,18,0,18.30006634718684
70,19,0,22.959440847784393
70,20,0,13.50240309439758
70,21,0,22.913981125001246
70,22,0,12.03925502013241
70,23,0,23.54002290427454
70,24,0,30.100351202721054
70,25,0,18.70982407480957
70,26,0,22.15485937545854
70,27,0,11.6637301644131
70,28,0,9.015527746890616
70,29,0,22.207265773810597
70,30,0,14.081645281146987
70,31,0,14.078348258487143
70,32,0,16.850283522727395
70,33,0,18.271038386868003
70,34,0,14.18572828064874
70,35,0,12.90651859176605
70,36,0,2.639249873803515
70,37,0,16.39643319140421
70,38,0,2.252780376500218
70,39,0,20.080029674918162
70,40,0,10.804156898873469
70,41,0,4.50820090347124
70,42,0,10.829352496776295
70,43,0,21.718997739429355
70,44,0,10.116162443191573
70,45,0,3.0033559803721857
70,46,0,5.81343160917225
70,47,0,11.516662799207337
70,48,0,8.140585664223153
70,49,0,14.354863244501924
70,50,0,8.003593339682238
70,51,0,6.386599563455544
70,52,0,18.628119330935878
70,53,0,5.641292712184457
70,54,0,10.115017801208527
70,55,0,21.38273142061378
70,56,0,16.69629377201087
70,57,0,19.205664635585787
70,58,0,25.05353319076567
70,59,0,5.250459554368028
70,60,0,8.482932900823853
70,61,0,19.686022193059653
70,62,0,15.8436994736518
70,63,0,10.646599371949405
70,64,0,3.3769512831927573
70,65,0,12.121722188276753
70,66,0,7.465022328497185
70,67,0,6.237696471434869
70,68,0,17.157668429378283
70,69,0,17.305328841721337
70,70,0,0.0
70,71,0,17.316481816985643
70,72,0,8.145664023055081
70,73,0,15.483706984219603
70,74,0,5.338404821384417
70,75,0,5.180640848716742
70,76,0,7.816423691824476
70,77,0,15.698214809790713
70,78,0,12.618167184931625
70,79,0,6.385870667516997
70,80,0,26.54193144976862
70,81,0,8.302785365967077
70,82,0,6.7978652263971915
70,83,0,7.4234137143211925
70,84,0,6.504870627283818
70,85,0,3.808683969364185
70,86,0,9.430575347082243
70,87,0,18.450328841430107
70,88,0,9.971806745845223
70,89,0,27.569927783612126
70,90,0,23.94366629858128
70,91,0,1.9852264612415815
70,92,0,10.776014320436436
70,93,0,19.38791625767627
70,94,0,8.625794679215613
70,95,0,18.969318260266455
70,96,0,12.859005265281047
70,97,0,3.470190226977594
71,0,0,17.014895124097826
71,1,0,7.970527406010711
71,2,0,18.935418685225724
71,3,0,6.570494509406717
71,4,0,13.854795209038388
71,5,0,9.989349003426101
71,6,0,13.138238161371214
71,7,0,2.1648184418133867
71,8,0,6.850842302348307
71,9,0,11.294453785044377
71,10,0,17.793556029028615
71,11,0,13.445668008799561
71,12,0,28.110480054593623
71,13,0,4.086458885637011
71,14,0,14.464792077382588
71,15,0,15.51066086361412
71,16,0,21.148825833362128
71,17,0,5.841216997313544
71,18,0,29.41817059525724
71,19,0,12.771667238783698
71,20,0,21.213794467776484
71,21,0,31.837465129913966
71,22,0,9.738409945727467
71,23,0,17.853571367725703
71,24,0,32.22935019428475
71,25,0,23.634412649657094
71,26,0,26.350947848539324
71,27,0,19.138578641398688
71,28,0,18.943946080066276
71,29,0,20.884877266857043
71,30,0,4.022037324047134
71,31,0,17.776297660693213
71,32,0,16.640852072395653
71,33,0,3.7615313952414215
71,34,0,3.1462966600966915
71,35,0,22.886456818060914
71,36,0,14.728578988747529
71,37,0,1.4674066624638271
71,38,0,17.019012550128984
71,39,0,19.334130875532445
71,40,0,18.425784575444816
71,41,0,15.946189541587774
71,42,0,20.78829523223323
71,43,0,22.571918170846786
71,44,0,15.862480623641053
71,45,0,15.568742609964028
71,46,0,11.676561284259519
71,47,0,7.849342640083409
71,48,0,19.315898547968665
71,49,0,16.20903748404795
71,50,0,16.183328897656292
71,51,0,14.394791180101608
71,52,0,11.428852552638475
71,53,0,20.046016325160863
71,54,0,24.068210354795863
71,55,0,19.03256056958871
71,56,0,12.80715911504171
71,57,0,4.336719693594422
71,58,0,23.175424006406043
71,59,0,16.279838855511088
71,60,0,9.005752805073026
71,61,0,20.85457450385811
71,62,0,14.374163329083888
71,63,0,11.019910306285166
71,64,0,15.250599984206142
71,65,0,17.964977962661813
71,66,0,14.595871806670653
71,67,0,20.340335664104387
71,68,0,4.51274280664007
71,69,0,19.61482533649096
71,70,0,17.316481816985643
71,71,0,0.0
71,72,0,14.03435827622633
71,73,0,11.430127874541093
71,74,0,12.757808796158947
71,75,0,17.670807233830466
71,76,0,21.00879159607471
71,77,0,18.686104161149295
71,78,0,15.30355134920189
71,79,0,18.740192097122996
71,80,0,25.878864314125572
71,81,0,11.346265567891178
71,82,0,16.88177731466743
71,83,0,11.001350853110825
71,84,0,10.82995097486637
71,85,0,13.637358636240254
71,86,0,16.329313714257363
71,87,0,17.73815135798945
71,88,0,7.722499236638072
71,89,0,25.363087321380284
71,90,0,23.712689091581552
71,91,0,19.253485154905064
71,92,0,19.240110051461045
71,93,0,9.187151590425906
71,94,0,9.202906165644198
71,95,0,7.51734548126339
71,96,0,5.3798499793164165
71,97,0,19.065353898287672
72,0,0,13.069840512943584
72,1,0,10.880979581954126
72,2,0,11.426936902114035
72,3,0,10.21853450457277
72,4,0,3.1293024494310244
72,5,0,9.719418396186184
72,6,0,5.145602042386715
72,7,0,12.988527471979836
72,8,0,10.221872522493259
72,9,0,3.0419830391052995
72,10,0,14.847731547636492
72,11,0,13.625408434374172
72,12,0,21.025412250747223
72,13,0,10.410236337586426
72,14,0,10.574698366312939
72,15,0,10.651721421784986
72,16,0,16.659158829145014
72,17,0,8.922404272115715
72,18,0,15.626415200861416
72,19,0,15.538005412744072
72,20,0,8.001433017334948
72,21,0,18.830075153564753
72,22,0,5.218177554892465
72,23,0,15.427296691767111
72,24,0,23.194054660516795
72,25,0,25.14077907845622
72,26,0,15.605409480700281
72,27,0,18.234439798097018
72,28,0,4.913301526876445
72,29,0,14.22690123780477
72,30,0,12.515357255858463
72,31,0,6.5536078581007535
72,32,0,8.767802814681126
72,33,0,13.299761520097901
72,34,0,11.192858807113744
72,35,0,20.394736833815724
72,36,0,6.459199550738892
72,37,0,12.681362359970798
72,38,0,9.793113949076501
72,39,0,12.087716757181354
72,40,0,17.295284636961313
72,41,0,3.8482686884367125
72,42,0,6.84332119134358
72,43,0,14.098298786488698
72,44,0,2.6722283806920824
72,45,0,5.148281823974632
72,46,0,5.421605771318217
72,47,0,12.228736061783724
72,48,0,5.340346461971488
72,49,0,6.371635163838627
72,50,0,2.1503355525540218
72,51,0,1.75932351940933
72,52,0,11.047884358610231
72,53,0,7.025135236798999
72,54,0,10.242033002615669
72,55,0,13.280222400735827
72,56,0,8.741806993484975
72,57,0,14.089769580117856
72,58,0,17.094744812685455
72,59,0,11.857022521282932
72,60,0,8.497941831969957
72,61,0,12.012354165733644
72,62,0,7.70817187793376
72,63,0,13.498302187838034
72,64,0,9.386907068432334
72,65,0,5.228945753258843
72,66,0,12.767975120915223
72,67,0,14.236035053035964
72,68,0,11.864741067908316
72,69,0,9.729627641906422
72,70,0,8.145664023055081
72,71,0,14.03435827622633
72,72,0,0.0
72,73,0,7.755352884810201
72,74,0,4.1442231433867365
72,75,0,4.670228130839976
72,76,0,7.270683990108248
72,77,0,8.152964242490517
72,78,0,4.592445706093379
72,79,0,13.901328507182686
72,80,0,18.81983286791353
72,81,0,11.274404651554528
72,82,0,3.1237571829705075
72,83,0,9.775947300028623
72,84,0,7.087302824139912
72,85,0,7.484081640912815
72,86,0,15.32355110283419
72,87,0,10.39039266510325
72,88,0,6.814023236425289
72,89,0,19.63523802585196
72,90,0,16.20503525206159
72,91,0,9.754397445086978
72,92,0,5.491668938155391
72,93,0,12.476191384288054
72,94,0,5.603602386030665
72,95,0,12.569390334720293
72,96,0,8.655888881283019
72,97,0,7.218077803092863
73,0,0,19.158345042515567
73,1,0,13.244638917953013
73,2,0,18.554345366974175
73,3,0,11.740464719339933
73,4,0,5.1229450367304175
73,5,0,2.399745989512979
73,6,0,3.0820128505345514
73,7,0,11.658797457255448
73,8,0,4.832585713030757
73,9,0,7.687449641786463
73,10,0,20.73940548690847
73,11,0,18.086455236937123
73,12,0,17.150952525311492
73,13,0,7.442531306958071
73,14,0,16.30274767014137
73,15,0,4.519688447734171
73,16,0,23.214187715714377
73,17,0,9.494384695216187
73,18,0,19.76146078459449
73,19,0,7.813491871591867
73,20,0,11.415444122611788
73,21,0,21.1580427641331
73,22,0,3.8662239534359557
73,23,0,8.556676212461548
73,24,0,20.89629397447512
73,25,0,29.97587370891696
73,26,0,14.987611381627492
73,27,0,23.631595907787386
73,28,0,11.21214589927798
73,29,0,9.77339219417354
73,30,0,12.345771463559517
73,31,0,7.224303058709212
73,32,0,5.227336164797494
73,33,0,8.754002207300502
73,34,0,10.018186977027183
73,35,0,26.49194229136056
73,36,0,13.260496558543617
73,37,0,9.999056783593359
73,38,0,16.69265395304236
73,39,0,8.009108593783148
73,40,0,22.708737937215
73,41,0,11.544028764519938
73,42,0,12.268426386896278
73,43,0,11.17830197711749
73,44,0,7.5123566051794475
73,45,0,12.536363908241185
73,46,0,10.762466658508062
73,47,0,14.294767770108809
73,48,0,12.155559370365506
73,49,0,5.402202226726346
73,50,0,9.228761720894957
73,51,0,9.354872620055286
73,52,0,3.3067412140275336
73,53,0,14.626976296426147
73,54,0,16.97106704768788
73,55,0,8.084739094756568
73,56,0,1.6311906498294684
73,57,0,9.14032060291675
73,58,0,12.36990620257217
73,59,0,17.987506779594003
73,60,0,11.746051874487776
73,61,0,9.424467751953625
73,62,0,2.980031556587436
73,63,0,16.867834978548487
73,64,0,15.733377066720351
73,65,0,8.37385296515174
73,66,0,17.97260143309998
73,67,0,21.14126897120241
73,68,0,7.3241756597521865
73,69,0,8.320307912111339
73,70,0,15.483706984219603
73,71,0,11.430127874541093
73,72,0,7.755352884810201
73,73,0,0.0
73,74,0,10.381118747253385
73,75,0,12.381448680135234
73,76,0,14.358751930308372
73,77,0,7.662031848928299
73,78,0,5.375548841188427
73,79,0,20.383581608788575
73,80,0,14.861320834269712
73,81,0,15.379677681968406
73,82,0,10.620836965910222
73,83,0,14.03570986680837
73,84,0,11.680613527217123
73,85,0,13.57204758168175
73,86,0,20.508019561333793
73,87,0,6.334126454300496
73,88,0,8.452540286487794
73,89,0,14.792563195578616
73,90,0,12.507015658339927
73,91,0,17.276807603899563
73,92,0,10.507839785888688
73,93,0,5.331602348195574
73,94,0,8.61489066935934
73,95,0,6.139629845898273
73,96,0,7.474611311637286
73,97,0,14.972703144221162
74,0,0,9.101341232507636
74,1,0,7.546289829835939
74,2,0,8.198720010351844
74,3,0,7.404999494175778
74,4,0,6.926347373369106
74,5,0,11.751030794667782
74,6,0,8.534580817749363
74,7,0,11.192466244015158
74,8,0,11.115566363569975
74,9,0,2.714092454764239
74,10,0,10.832822582595957
74,11,0,9.509991602078019
74,12,0,25.101618712079517
74,13,0,9.997937464096252
74,14,0,6.47565323155136
74,15,0,14.090492911984631
74,16,0,12.941455957116544
74,17,0,6.967046379225999
74,18,0,18.605297062479337
74,19,0,17.672650469818297
74,20,0,11.746421017886101
74,21,0,22.360297218184158
74,22,0,6.762697435557854
74,23,0,18.722481329788064
74,24,0,27.336895084374763
74,25,0,21.006763860476266
74,26,0,19.707350496662027
74,27,0,14.137488941331013
74,28,0,7.805969957644824
74,29,0,18.15830430675318
74,30,0,10.193599851694865
74,31,0,10.696607744256891
74,32,0,12.635065552419245
74,33,0,13.176005030294144
74,34,0,9.631204820510709
74,35,0,16.4829102362923
74,36,0,2.893739851449201
74,37,0,11.645812679019972
74,38,0,6.3119559193139665
74,39,0,16.02538682293065
74,40,0,13.19629827125173
74,41,0,3.349675411773808
74,42,0,9.92692352520108
74,43,0,18.198521559328167
74,44,0,6.774062555658669
74,45,0,2.862234089040218
74,46,0,1.5237399126776365
74,47,0,8.879191024686
74,48,0,7.619309717194052
74,49,0,10.390595287877803
74,50,0,5.390071971397588
74,51,0,2.873625956475372
74,52,0,13.4131659808316
74,53,0,7.395728275795048
74,54,0,11.759192739872777
74,55,0,17.052963312876784
74,56,0,11.727049722761736
74,57,0,14.088756383995602
74,58,0,21.02707742894799
74,59,0,7.890045499483275
74,60,0,5.098435327225502
74,61,0,16.1089120733813
74,62,0,11.219776019766242
74,63,0,9.601599347275165
74,64,0,5.4807355560925135
74,65,0,9.284195093343786
74,66,0,8.6275036584445
74,67,0,10.764853259317178
74,68,0,11.970386072335014
74,69,0,13.856423846755442
74,70,0,5.338404821384417
74,71,0,12.757808796158947
74,72,0,4.1442231433867365
74,73,0,10.381118747253385
74,74,0,0.0
74,75,0,5.179958518675267
74,76,0,8.738516167043448
74,77,0,12.289779853586197
74,78,0,8.616976413846183
74,79,0,10.123135318099813
74,80,0,22.873604984807688
74,81,0,7.269789527910224
74,82,0,5.164643751346144
74,83,0,5.799024773343523
74,84,0,3.2477655476152614
74,85,0,3.4207166688923403
74,86,0,11.190742321088097
74,87,0,14.269711153153684
74,88,0,5.058255375793904
74,89,0,23.574678346488653
74,90,0,20.26242979084421
74,91,0,7.286165929895907
74,92,0,9.010915796537871
74,93,0,14.053435176881536
74,94,0,3.5886336684605307
74,95,0,13.641501724901191
74,96,0,7.818293323199793
74,97,0,6.316892403039014
75,0,0,11.295964089769642
75,1,0,12.635567460616745
75,2,0,8.399681052837108
75,3,0,12.584700480678153
75,4,0,7.437285699093391
75,5,0,14.389287179641112
75,6,0,9.585806959519365
75,7,0,16.256288122905513
75,8,0,14.751073890898367
75,9,0,6.47899593657692
75,10,0,13.109334317306395
75,11,0,13.40061377695276
75,12,0,23.687215202342156
75,13,0,14.467070422843257
75,14,0,9.593252895123749
75,15,0,14.820967575839562
75,16,0,14.032116789941282
75,17,0,12.01330815839311
75,18,0,13.82940338683383
75,19,0,20.186166032400948
75,20,0,8.322344861671116
75,21,0,18.07137717922687
75,22,0,9.78593765371564
75,23,0,19.613819171648696
75,24,0,24.93994988457902
75,25,0,23.79068697109962
75,26,0,16.981151532857506
75,27,0,16.729069262524533
75,28,0,3.8354027478214845
75,29,0,17.556761563010305
75,30,0,15.353154398526502
75,31,0,9.261479668449873
75,32,0,12.464370003000258
75,33,0,17.531539618740695
75,34,0,14.605670412378634
75,35,0,18.082887003970328
75,36,0,5.167787353554923
75,37,0,16.448622024990303
75,38,0,7.37297493112571
75,39,0,15.474316086567821
75,40,0,15.839858275592464
75,41,0,1.8351239700504125
75,42,0,5.7204353481063865
75,43,0,16.792617244985752
75,44,0,5.587046262883853
75,45,0,3.225859459473696
75,46,0,6.6289389255561915
75,47,0,13.939145260939625
75,48,0,3.0378681877133564
75,49,0,9.886386861145777
75,50,0,3.4034381319620906
75,51,0,3.4366674572028177
75,52,0,15.685504836298694
75,53,0,2.444860333425436
75,54,0,6.579252829735627
75,55,0,16.96248505543296
75,56,0,13.244746478770587
75,57,0,18.380216015895247
75,58,0,20.348163665531168
75,59,0,10.190026133350043
75,60,0,10.219321094067203
75,61,0,14.813614276311988
75,62,0,11.922889916102195
75,63,0,14.155970760489318
75,64,0,7.883588020654387
75,65,0,7.154682751068005
75,66,0,11.977122080481486
75,67,0,11.31244241161004
75,68,0,16.169108018522426
75,69,0,12.420599481283014
75,70,0,5.180640848716742
75,71,0,17.670807233830466
75,72,0,4.670228130839976
75,73,0,12.381448680135234
75,74,0,5.179958518675267
75,75,0,0.0
75,76,0,3.5763521660009556
75,77,0,10.836610347065584
75,78,0,8.300859351649315
75,79,0,11.564969476108097
75,80,0,21.632061054134304
75,81,0,11.713147080446182
75,82,0,1.9434027994849041
75,83,0,10.397650911514258
75,84,0,8.229388684397648
75,85,0,6.875743358379101
75,86,0,14.253459888279616
75,87,0,13.980785331533564
75,88,0,9.973695744228658
75,89,0,22.81917873702828
75,90,0,19.06315115658693
75,91,0,6.093181323052084
75,92,0,5.604356032373022
75,93,0,17.135953073011947
75,94,0,8.507216435959275
75,95,0,17.161549435489594
75,96,0,12.450529800369225
75,97,0,2.7845585316672827
76,0,0,14.05962056789633
76,1,0,16.2116237662593
76,2,0,10.549327584275428
76,3,0,16.14031431617205
76,4,0,9.237414228643386
76,5,0,16.589915431924545
76,6,0,11.323541008002334
76,7,0,19.6967041147033
76,8,0,17.458034706426105
76,9,0,9.716972981293363
76,10,0,15.812761392800933
76,11,0,16.690641377417208
76,12,0,22.878143712769585
76,13,0,17.598804322604607
76,14,0,12.771352663197906
76,15,0,15.88244416492708
76,16,0,16.129888871425496
76,17,0,15.464327992311253
76,18,0,10.517888172543778
76,19,0,22.10470900448988
76,20,0,6.829763216743611
76,21,0,15.119967078176764
76,22,0,12.46082157159746
76,23,0,20.541293265292158
76,24,0,23.36750672560834
76,25,0,26.455579925841963
76,26,0,15.386868934649835
76,27,0,19.441595275496518
76,28,0,3.3358207847415766
76,29,0,17.56284706940445
76,30,0,18.870420760223023
76,31,0,9.421143680257963
76,32,0,13.123702396382962
76,33,0,20.554848721587394
76,34,0,17.999235174179283
76,35,0,20.27439419660102
76,36,0,8.543085505266596
76,37,0,19.730918980609353
76,38,0,10.059684664808913
76,39,0,15.634495879869386
76,40,0,18.600499236873507
76,41,0,5.40839145831365
76,42,0,3.8516450734008467
76,43,0,16.250039348482833
76,44,0,6.875722728281802
76,45,0,6.675181021628016
76,46,0,10.202473674399728
76,47,0,17.513022705357738
76,48,0,2.225152465767472
76,49,0,10.624248004211356
76,50,0,5.267576373043221
76,51,0,6.614053175936256
76,52,0,17.62268649006245
76,53,0,2.2184360645554446
76,54,0,3.0645237250452158
76,55,0,17.35592003971948
76,56,0,14.890416630839937
76,57,0,21.356079710399868
76,58,0,20.177941630074823
76,59,0,13.063166541093006
76,60,0,13.794953518134395
76,61,0,14.475005370992662
76,62,0,13.195337829412685
76,63,0,17.627765276569797
76,64,0,10.970187661498239
76,65,0,7.197462837191913
76,66,0,15.12944191469303
76,67,0,13.314689163827532
76,68,0,19.130970058452213
76,69,0,12.171686437496916
76,70,0,7.816423691824476
76,71,0,21.00879159607471
76,72,0,7.270683990108248
76,73,0,14.358751930308372
76,74,0,8.738516167043448
76,75,0,3.5763521660009556
76,76,0,0.0
76,77,0,10.75061981624013
76,78,0,9.432171991652844
76,79,0,13.988399162967465
76,80,0,21.010067178864578
76,81,0,15.180472609115872
76,82,0,4.183031652693511
76,83,0,13.911547216659141
76,84,0,11.803578086028875
76,85,0,10.288739386778278
76,86,0,17.232732062026173
76,87,0,14.429349581609781
76,88,0,13.385092762300777
76,89,0,22.511716242666495
76,90,0,18.566919894901886
76,91,0,7.93177363970136
76,92,0,4.870322550753963
76,93,0,19.472703989925872
76,94,0,11.944778827855648
76,95,0,19.738416698505937
76,96,0,15.697047879611823
76,97,0,4.408628174447911
77,0,0,21.151159111375033
77,1,0,18.241434286036842
77,2,0,19.032669275154955
77,3,0,17.156562925962934
77,4,0,5.731608703610577
77,5,0,9.902980079384387
77,6,0,5.585144726440346
77,7,0,18.472616498066284
77,8,0,12.450477036817103
77,9,0,10.52340561554471
77,10,0,22.949356786526348
77,11,0,21.70306027755614
77,12,0,12.97590870751444
77,13,0,14.59983557374795
77,14,0,18.7236071602086
77,15,0,6.208887679288783
77,16,0,24.522507565358442
77,17,0,15.252711721670735
77,18,0,12.586231045378463
77,19,0,13.623872354952459
77,20,0,4.9025894410223465
77,21,0,13.501192266530937
77,22,0,9.211440403713008
77,23,0,10.25124697313613
77,24,0,15.105633950697584
77,25,0,33.29347855450261
77,26,0,7.904868308373125
77,27,0,26.377416781205184
77,28,0,7.567806270441526
77,29,0,6.833241072702806
77,30,0,18.68648282283809
77,31,0,1.6290948061555905
77,32,0,3.182905478050367
77,33,0,16.365959271671507
77,34,0,16.67166578413137
77,35,0,28.396951676094435
77,36,0,14.487003391853506
77,37,0,17.21995357942053
77,38,0,17.63865364159957
77,39,0,4.888808037876243
77,40,0,25.439683230321464
77,41,0,11.203250888106927
77,42,0,7.213322536465176
77,43,0,6.027268920992703
77,44,0,5.657790520250869
77,45,0,12.884939973379957
77,46,0,13.47384136080097
77,47,0,19.522725513313073
77,48,0,8.76781545727317
77,49,0,2.494117027090411
77,50,0,7.694903294101095
77,51,0,9.712214389161836
77,52,0,9.842037972755737
77,53,0,12.135229880945046
77,54,0,12.312759041547347
77,55,0,6.6755630641280455
77,56,0,6.955743301943331
77,57,0,16.795014679730652
77,58,0,9.54580130537435
77,59,0,19.944773106854054
77,60,0,16.082228046790107
77,61,0,3.990498439652923
77,62,0,4.827746924892333
77,63,0,21.315510150041078
77,64,0,17.466515352397366
77,65,0,3.7082899637268447
77,66,0,20.91725945398543
77,67,0,21.93529082417973
77,68,0,14.898426099574284
77,69,0,1.6091002906305178
77,70,0,15.698214809790713
77,71,0,18.686104161149295
77,72,0,8.152964242490517
77,73,0,7.662031848928299
77,74,0,12.289779853586197
77,75,0,10.836610347065584
77,76,0,10.75061981624013
77,77,0,0.0
77,78,0,3.8941329059033105
77,79,0,21.847665001091716
77,80,0,10.843762936248485
77,81,0,19.24058469343589
77,82,0,8.970708145007757
77,83,0,17.740861918079386
77,84,0,15.037353349491383
77,85,0,15.630157588357651
77,86,0,23.476248465021893
77,87,0,3.9138308436840568
77,88,0,13.471007872177804
77,89,0,11.989333037444926
77,90,0,8.249445769823257
77,91,0,16.905035309439125
77,92,0,5.880379479186054
77,93,0,12.618643248884673
77,94,0,12.79137735718554
77,95,0,13.713792625159046
77,96,0,13.88611549907344
77,97,0,13.55443770216688
78,0,0,17.64869427961023
78,1,0,14.34948276540967
78,2,0,15.938483567499885
78,3,0,13.29032179620112
78,4,0,1.8388704356085046
78,5,0,7.770254083672837
78,6,0,2.4001453241691295
78,7,0,14.87152457090749
78,8,0,9.644157197723727
78,9,0,6.66007030744239
78,10,0,19.415467113688806
78,11,0,17.901935576800536
78,12,0,16.485134452473904
78,13,0,11.248121910093841
78,14,0,15.092233340195033
78,15,0,6.5599667589284945
78,16,0,21.243444361851374
78,17,0,11.445846675810303
78,18,0,14.552729990742945
78,19,0,12.805428575523035
78,20,0,6.164190159748807
78,21,0,16.535733853989544
78,22,0,5.596225151134727
78,23,0,11.33270892603832
78,24,0,18.964979193090898
78,25,0,29.594573618833387
78,26,0,11.761434064602684
78,27,0,22.754446235407404
78,28,0,6.128833265750257
78,29,0,9.638206908961518
78,30,0,14.94267199092315
78,31,0,2.5592057619809863
78,32,0,4.23647963090764
78,33,0,13.427224260571464
78,34,0,13.044152597952579
78,35,0,24.985411988941642
78,36,0,11.051607521033814
78,37,0,13.840638251883165
78,38,0,14.365303029825945
78,39,0,7.4997727968073615
78,40,0,21.813207778892604
78,41,0,8.148339903369617
78,42,0,6.926863377209406
78,43,0,9.599057166854776
78,44,0,2.7280341702328985
78,45,0,9.660762410835575
78,46,0,9.695793755431426
78,47,0,15.635323732757243
78,48,0,7.211545787583106
78,49,0,1.7811997525751542
78,50,0,4.8981834288288315
78,51,0,6.305204973907691
78,52,0,8.420430309703127
78,53,0,10.169691539835307
78,54,0,11.794032480068825
78,55,0,8.77188794211734
78,56,0,5.539027723690883
78,57,0,13.997509371316962
78,58,0,12.504351482931991
78,59,0,16.434821689449155
78,60,0,12.191891796799297
78,61,0,7.509520372781076
78,62,0,3.7666803779062907
78,63,0,17.436126445733883
78,64,0,13.970679052079777
78,65,0,3.0090628403187423
78,66,0,17.21200675253117
78,67,0,18.783591438816252
78,68,0,11.920902801224784
78,69,0,5.347019968142785
78,70,0,12.618167184931625
78,71,0,15.30355134920189
78,72,0,4.592445706093379
78,73,0,5.375548841188427
78,74,0,8.616976413846183
78,75,0,8.300859351649315
78,76,0,9.432171991652844
78,77,0,3.8941329059033105
78,78,0,0.0
78,79,0,18.492658934497612
78,80,0,14.258191670629852
78,81,0,15.396072771924738
78,82,0,6.361401179649081
78,83,0,13.900677973306887
78,84,0,11.205201119238422
78,85,0,12.020215975984376
78,86,0,19.789026382780758
78,87,0,5.832834679296978
78,88,0,9.605971006379704
78,89,0,15.043473021784031
78,90,0,11.646000469772586
78,91,0,14.077128477732519
78,92,0,5.172265030397539
78,93,0,10.70709494572308
78,94,0,8.897268678563716
78,95,0,11.411602765337042
78,96,0,10.25181949609926
78,97,0,11.080722834052148
79,0,0,1.7567458164447267
79,1,0,10.788673235847572
79,2,0,3.502478050238916
79,3,0,12.207373258719912
79,4,0,16.93820308748198
79,5,0,21.449741595695055
79,6,0,18.65285812931613
79,7,0,16.609591374818002
79,8,0,20.076314226693903
79,9,0,12.726303965032514
79,10,0,2.2753612766272195
79,11,0,6.22455702100084
79,12,0,34.82118369948962
79,13,0,17.829178583265215
79,14,0,4.430091086317109
79,15,0,24.21359824606665
79,16,0,2.8306302228538485
79,17,0,13.674906916370533
79,18,0,24.270498591942754
79,19,0,27.217765688461483
79,20,0,19.887312043637984
79,21,0,29.093661792666904
79,22,0,16.594366812271293
79,23,0,28.824499698279286
79,24,0,36.45242649108599
79,25,0,12.49569582383718
79,26,0,28.525604149410437
79,27,0,5.61045860906233
79,28,0,15.400354511893088
79,29,0,28.128013289150008
79,30,0,14.83709432389933
79,31,0,20.218624207886258
79,32,0,22.648486556147027
79,33,0,20.807253919404708
79,34,0,15.945706617487216
79,35,0,6.561874339535013
79,36,0,7.4445699140021215
79,37,0,18.26953736597407
79,38,0,4.235739306271695
79,39,0,25.988756365453604
79,40,0,4.8980873959677815
79,41,0,10.69581857833329
79,42,0,17.19974421066472
79,43,0,27.871449063705604
79,44,0,16.195445780263594
79,45,0,8.968416575925144
79,46,0,9.633148047185747
79,47,0,11.219969759466668
79,48,0,14.517056777641544
79,49,0,20.26928090552667
79,50,0,14.197493178392
79,51,0,12.20224593642612
79,52,0,23.224836537224252
79,53,0,11.77011789895676
79,54,0,15.85275272022562
79,55,0,27.124258905040985
79,56,0,21.80174395244782
79,57,0,21.753599292791087
79,58,0,30.99607323462229
79,59,0,2.55544531050096
79,60,0,10.111735873289406
79,61,0,25.807842863304533
79,62,0,21.336616746098954
79,63,0,8.730443753933864
79,64,0,4.6577906971690535
79,65,0,18.374763793288558
79,66,0,4.423288361791901
79,67,0,1.93326921433146
79,68,0,20.05100229481556
79,69,0,23.455517103401547
79,70,0,6.385870667516997
79,71,0,18.740192097122996
79,72,0,13.901328507182686
79,73,0,20.383581608788575
79,74,0,10.123135318099813
79,75,0,11.564969476108097
79,76,0,13.988399162967465
79,77,0,21.847665001091716
79,78,0,18.492658934497612
79,79,0,0.0
79,80,0,32.65749116127789
79,81,0,7.4587321503813735
79,82,0,13.107927839155993
79,83,0,7.792599367978053
79,84,0,9.0623882314283
79,85,0,6.811754327344511
79,86,0,4.504206214253322
79,87,0,24.278444959242034
79,88,0,13.00756444646602
79,89,0,33.536130640772065
79,90,0,30.045422884000185
79,91,0,6.139487471122178
79,92,0,17.15052159530453
79,93,0,23.328948218846985
79,94,0,12.137900325329863
79,95,0,22.519368551046117
79,96,0,15.708507354108137
79,97,0,9.586356235594005
80,0,0,31.88917634935337
80,1,0,27.824270161558935
80,2,0,29.87632946416291
80,3,0,26.448160452663725
80,4,0,15.977920262164613
80,5,0,15.893705698943764
80,6,0,14.808700030688453
80,7,0,26.424517868330067
80,8,0,19.03163019147069
80,9,0,20.749440884824637
80,10,0,33.66623046368677
80,11,0,32.01713201419373
80,12,0,2.299241341037815
80,13,0,22.135299714861375
80,14,0,29.349257820367008
80,15,0,10.42969473665636
80,16,0,35.35415274450963
80,17,0,24.26448333672614
80,18,0,18.037268341118118
80,19,0,15.37585141425224
80,20,0,14.242444869372523
80,21,0,15.310420378768546
80,22,0,18.18169459145
80,23,0,9.058904011796155
80,24,0,6.948321162104911
80,25,0,43.81077379446146
80,26,0,7.4065164267724795
80,27,0,37.00972366834172
80,28,0,18.130661903571472
80,29,0,5.089253418697473
80,30,0,27.204692931787896
80,31,0,12.465110790764191
80,32,0,10.419293119722079
80,33,0,22.55692801633452
80,34,0,24.852870894686994
80,35,0,39.19054645742455
80,36,0,25.251973742967316
80,37,0,24.540583328505395
80,38,0,28.46472710168983
80,39,0,7.035807947085846
80,40,0,36.068212078021375
80,41,0,22.04456200109644
80,42,0,17.179499755934057
80,43,0,4.839555239325087
80,44,0,16.467691386143294
80,45,0,23.71090789017539
80,46,0,23.89589205207545
80,47,0,28.97684248732463
80,48,0,19.29436964118713
80,49,0,12.483060545555787
80,50,0,18.538445185561535
80,51,0,20.46898276406981
80,52,0,14.528633080894462
80,53,0,22.696504951107702
80,54,0,21.774274166825478
80,55,0,6.855250490954398
80,56,0,13.284753367363157
80,57,0,22.55259697319036
80,58,0,2.8472685187283315
80,59,0,30.67669115292015
80,60,0,25.9753729792465
80,61,0,6.857662164139256
80,62,0,12.386661106652262
80,63,0,31.254961960218218
80,64,0,28.20465644506312
80,65,0,14.478861876466842
80,66,0,31.441670886390934
80,67,0,32.77878910498952
80,68,0,21.415198311285184
80,69,0,9.237621485331486
80,70,0,26.54193144976862
80,71,0,25.878864314125572
80,72,0,18.81983286791353
80,73,0,14.861320834269712
80,74,0,22.873604984807688
80,75,0,21.632061054134304
80,76,0,21.010067178864578
80,77,0,10.843762936248485
80,78,0,14.258191670629852
80,79,0,32.65749116127789
80,80,0,0.0
80,81,0,29.41845773177189
80,82,0,19.799374527195415
80,83,0,27.951452205677015
80,84,0,25.3059869672244
80,85,0,26.27809392114557
80,86,0,34.02474924245717
80,87,0,8.849891491739218
80,88,0,22.918249862404465
80,89,0,2.370847912370377
80,90,0,2.6149163467846788
80,91,0,27.720235539446822
80,92,0,16.31819591286513
80,93,0,17.21471183756096
80,94,0,22.63802846946121
80,95,0,18.871122833177907
80,96,0,22.33210516168926
80,97,0,24.29679831583727
81,0,0,5.708967050940777
81,1,0,3.378714514238554
81,2,0,8.443696717859831
81,3,0,4.956344636128046
81,4,0,13.575235861201572
81,5,0,15.78816529143211
81,6,0,14.62297960738791
81,7,0,9.19485657512897
81,8,0,13.751419769613603
81,9,0,8.73845480374942
81,10,0,6.480437600147368
81,11,0,2.7132447040446634
81,12,0,31.69694203729034
81,13,0,11.005361845843513
81,14,0,3.582791029689231
81,15,0,19.740231703438376
81,16,0,9.803232797241568
81,17,0,6.843806279051166
81,18,0,25.53380527457727
81,19,0,21.11502479581808
81,20,0,19.01361814668088
81,21,0,29.546200277426717
81,22,0,11.559354076265937
81,23,0,23.89837447848617
81,24,0,34.346001061846884
81,25,0,14.5983675583014
81,26,0,26.872580232254386
81,27,0,8.490404876363957
81,28,0,14.950100025393224
81,29,0,24.476254371679932
81,30,0,7.3930211294607275
81,31,0,17.709967492984713
81,32,0,19.00122498720931
81,33,0,13.738938453095013
81,34,0,8.725656455717864
81,35,0,11.89393030657283
81,36,0,6.6547187719983585
81,37,0,11.007291981570843
81,38,0,6.906344241191068
81,39,0,22.40590183809268
81,40,0,7.626749840111105
81,41,0,10.011949507455414
81,42,0,17.062712937163678
81,43,0,24.936702483856703
81,44,0,13.946166871572679
81,45,0,8.511817795300054
81,46,0,5.858252130258493
81,47,0,3.7921070918549886
81,48,0,14.573566759508793
81,49,0,17.091004429846
81,50,0,12.656398174589507
81,51,0,10.142561775085646
81,52,0,17.647106156633455
81,53,0,13.303087521834817
81,54,0,17.942086187526964
81,55,0,23.09697858366962
81,56,0,16.974453440349894
81,57,0,14.663162505817233
81,58,0,27.291961888815585
81,59,0,5.142613334888492
81,60,0,3.6527143994499935
81,61,0,22.859743657882493
81,62,0,17.17359757838021
81,63,0,2.4472932265315426
81,64,0,5.099573562144634
81,65,0,16.4946335362936
81,66,0,3.2670724609724546
81,67,0,9.185485577752045
81,68,0,13.201898928428275
81,69,0,20.741634928156476
81,70,0,8.302785365967077
81,71,0,11.346265567891178
81,72,0,11.274404651554528
81,73,0,15.379677681968406
81,74,0,7.269789527910224
81,75,0,11.713147080446182
81,76,0,15.180472609115872
81,77,0,19.24058469343589
81,78,0,15.396072771924738
81,79,0,7.4587321503813735
81,80,0,29.41845773177189
81,81,0,0.0
81,82,0,12.276480321371714
81,83,0,1.502050610247467
81,84,0,4.207503352962866
81,85,0,4.90552567867831
81,86,0,5.387640300354708
81,87,0,20.594159523045636
81,88,0,6.992485328838195
81,89,0,29.816223939701025
81,90,0,26.846063153489805
81,91,0,9.770501857652553
81,92,0,16.26302813344528
81,93,0,17.09012563208836
81,94,0,6.841880835680035
81,95,0,16.001155120737508
81,96,0,9.12494618373173
81,97,0,11.413943058503863
82,0,0,12.6564213727997
82,1,0,12.683083652151325
82,2,0,10.107020271250393
82,3,0,12.367620981412218
82,4,0,5.58345722050584
82,5,0,12.719222999776742
82,6,0,7.739114298352238
82,7,0,15.654569024296903
82,8,0,13.345446837888389
82,9,0,5.5952347004395495
82,10,0,14.480501421525116
82,11,0,14.245375522437367
82,12,0,21.886191972015805
82,13,0,13.418165038095525
82,14,0,10.645115173266616
82,15,0,12.893876953919191
82,16,0,15.680360635131692
82,17,0,11.456407395302996
82,18,0,13.445894931486604
82,19,0,18.43404439555682
82,20,0,6.955659750171913
82,21,0,17.269768152406773
82,22,0,8.341513721269378
82,23,0,17.683024830147165
82,24,0,23.34753122664654
82,25,0,25.103366447938768
82,26,0,15.448021409073446
82,27,0,18.056013193398208
82,28,0,2.6736241720530165
82,29,0,15.643846607427479
82,30,0,14.954432951122087
82,31,0,7.374795599754469
82,32,0,10.521485158137487
82,33,0,16.374714169206488
82,34,0,13.917949203394032
82,35,0,19.664564190912785
82,36,0,6.143999670238982
82,37,0,15.58068770802038
82,38,0,8.87327583390242
82,39,0,13.55190302547028
82,40,0,17.14378326256909
82,41,0,2.4821323311022283
82,42,0,4.789285921277763
82,43,0,14.964255503678856
82,44,0,3.6439752429343155
82,45,0,4.258498926613325
82,46,0,6.688131416846609
82,47,0,14.025197465993449
82,48,0,2.516980236389497
82,49,0,7.944369686223845
82,50,0,1.471736076901641
82,51,0,2.5556526795131416
82,52,0,13.926699071115738
82,53,0,4.006139510220483
82,54,0,7.209144857788927
82,55,0,15.023181886193747
82,56,0,11.399015068637661
82,57,0,17.181710091843794
82,58,0,18.44869462022813
82,59,0,11.496876579635812
82,60,0,10.228833514511773
82,61,0,12.958874309503623
82,62,0,10.009003821142603
82,63,0,14.673737334321864
82,64,0,9.07779928543485
82,65,0,5.3347590129256295
82,66,0,13.00740849726668
82,67,0,13.021819373356454
82,68,0,14.957040688311242
82,69,0,10.567496689149602
82,70,0,6.7978652263971915
82,71,0,16.88177731466743
82,72,0,3.1237571829705075
82,73,0,10.620836965910222
82,74,0,5.164643751346144
82,75,0,1.9434027994849041
82,76,0,4.183031652693511
82,77,0,8.970708145007757
82,78,0,6.361401179649081
82,79,0,13.107927839155993
82,80,0,19.799374527195415
82,81,0,12.276480321371714
82,82,0,0.0
82,83,0,10.859139212135306
82,84,0,8.407679183905726
82,85,0,7.68846692250058
82,86,0,15.412545309869003
82,87,0,12.042516308137257
82,88,0,9.347770944027262
82,89,0,20.932366916956326
82,90,0,17.216033430236
82,91,0,7.93635621403544
82,92,0,4.152923184899376
82,93,0,15.533515073623988
82,94,0,7.95519109692266
82,95,0,15.681844503887623
82,96,0,11.542311346467104
82,97,0,4.7278877643347785
83,0,0,6.1176965157835586
83,1,0,3.2194958807743714
83,2,0,8.127690981520411
83,3,0,4.435073056131798
83,4,0,12.082883802156916
83,5,0,14.56632083618605
83,6,0,13.169239614694563
83,7,0,8.907923127425505
83,8,0,12.699045811201174
83,9,0,7.2463965500567395
83,10,0,7.228557640811046
83,11,0,4.087720866617028
83,12,0,30.226553585573875
83,13,0,10.149980689540584
83,14,0,3.4645186756466892
83,15,0,18.349258515058647
83,16,0,10.364261186529584
83,17,0,5.958516023240761
83,18,0,24.1855883876559
83,19,0,20.027311984110323
83,20,0,17.545118013015173
83,21,0,28.12162570057797
83,22,0,10.190065764854289
83,23,0,22.578645065620307
83,24,0,32.8464672936477
83,25,0,15.9835501139393
83,26,0,25.37162548857317
83,27,0,9.656258564665208
83,28,0,13.53058255379661
83,29,0,23.02635737057316
83,30,0,7.222046896875046
83,31,0,16.208360250827166
83,32,0,17.538316723115685
83,33,0,13.044609853193483
83,34,0,8.153406112723527
83,35,0,12.854413170598606
83,36,0,5.472518107278387
83,37,0,10.478423162993867
83,38,0,6.372968942175082
83,39,0,20.947365622321776
83,40,0,8.755848772623358
83,41,0,8.653925421298021
83,42,0,15.648423564902632
83,43,0,23.4510622966889
83,44,0,12.44805137180467
83,45,0,7.239529653525343
83,46,0,4.365172467196615
83,47,0,4.12024316691677
83,48,0,13.198888944822304
83,49,0,15.60143680424458
83,50,0,11.189096589722293
83,51,0,8.672333167353777
83,52,0,16.4174366665782
83,53,0,12.11280713039811
83,54,0,16.740565734733472
83,55,0,21.672679512808397
83,56,0,15.614560441876026
83,57,0,13.98638170873789
83,58,0,25.850745384978833
83,59,0,5.288337534457954
83,60,0,2.4759806242070295
83,61,0,21.37202314467884
83,62,0,15.742041906934807
83,63,0,3.8154505310519227
83,64,0,4.520284031802771
83,65,0,14.998766739081631
83,66,0,4.10834457412094
83,67,0,9.339765478687044
83,68,0,12.370977815773992
83,69,0,19.245088973433237
83,70,0,7.4234137143211925
83,71,0,11.001350853110825
83,72,0,9.775947300028623
83,73,0,14.03570986680837
83,74,0,5.799024773343523
83,75,0,10.397650911514258
83,76,0,13.911547216659141
83,77,0,17.740861918079386
83,78,0,13.900677973306887
83,79,0,7.792599367978053
83,80,0,27.951452205677015
83,81,0,1.502050610247467
83,82,0,10.859139212135306
83,83,0,0.0
83,84,0,2.705669613244609
83,85,0,3.7618699870627363
83,86,0,6.521978318704721
83,87,0,19.13780664182434
83,88,0,5.757899049106
83,89,0,28.38006358278597
83,90,0,25.373895235662317
83,91,0,9.072966633263983
83,92,0,14.806081427238942
83,93,0,16.027507669519228
83,94,0,5.441735606357568
83,95,0,15.03131070933856
83,96,0,8.135362186239812
83,97,0,10.323378443861198
84,0,0,7.626442697588835
84,1,0,4.414826373449587
84,2,0,8.302854390971502
84,3,0,4.662494777385849
84,4,0,9.39439197968995
84,5,0,12.480281499544779
84,6,0,10.56649005299643
84,7,0,8.964661485004221
84,8,0,11.019956016128381
84,9,0,4.564714767945833
84,10,0,9.098538119910803
84,11,0,6.714248409178104
84,12,0,27.57403601585412
84,13,0,8.99012222526419
84,14,0,4.7200790842096465
84,15,0,15.86948541763995
84,16,0,11.842626020050778
84,17,0,5.087996295491889
84,18,0,21.83718885053482
84,19,0,18.17301947167024
84,20,0,14.932193286268856
84,21,0,25.598996226640384
84,22,0,7.815145531861579
84,23,0,20.2347344310218
84,24,0,30.14292783017191
84,25,0,18.542501104352365
84,26,0,22.671497606656395
84,27,0,11.974205885004098
84,28,0,11.053720479793894
84,29,0,20.416904052825057
84,30,0,7.62978105421773
84,31,0,13.502719379519865
84,32,0,14.907569364414865
84,33,0,12.11178279354207
84,34,0,7.718518065384554
84,35,0,14.84981326889984
84,36,0,3.9923018676794038
84,37,0,9.978326993931683
84,38,0,6.320606699996211
84,39,0,18.322293827569172
84,40,0,11.044366328086424
84,41,0,6.409305299697415
84,42,0,13.174683870870092
84,43,0,20.771747088736447
84,44,0,9.758899041226167
84,45,0,5.308640165807031
84,46,0,1.735499895577397
84,47,0,5.709756599076181
84,48,0,10.838802216611917
84,49,0,12.916949914734655
84,50,0,8.594193541587563
84,51,0,6.082442694801106
84,52,0,14.295407118210157
84,53,0,10.223005872964851
84,54,0,14.757202006990028
84,55,0,19.116439925790754
84,56,0,13.213388039162105
84,57,0,13.062142594454631
84,58,0,23.256282410627268
84,59,0,6.53274651769346
84,60,0,2.077173842900945
84,61,0,18.689294465829157
84,62,0,13.181990804432683
84,63,0,6.420946994010789
84,64,0,4.720536605748756
84,65,0,12.315413164749335
84,66,0,6.30709377087173
84,67,0,10.237927495527963
84,68,0,11.17756321317387
84,69,0,16.546634629299337
84,70,0,6.504870627283818
84,71,0,10.82995097486637
84,72,0,7.087302824139912
84,73,0,11.680613527217123
84,74,0,3.2477655476152614
84,75,0,8.229388684397648
84,76,0,11.803578086028875
84,77,0,15.037353349491383
84,78,0,11.205201119238422
84,79,0,9.0623882314283
84,80,0,25.3059869672244
84,81,0,4.207503352962866
84,82,0,8.407679183905726
84,83,0,2.705669613244609
84,84,0,0.0
84,85,0,2.8286310370693832
84,86,0,8.870935217403604
84,87,0,16.51891715917162
84,88,0,3.971742329495064
84,89,0,25.79371796152807
84,90,0,22.719516104304148
84,91,0,8.425265154687933
84,92,0,12.227689255840561
84,93,0,14.267010272928644
84,94,0,3.12563345332811
84,95,0,13.48204807754673
84,96,0,6.787174135519569
84,97,0,8.724592269191389
85,0,0,5.689807682181314
85,1,0,6.65131398255268
85,2,0,5.523768977211311
85,3,0,7.307547233077282
85,4,0,10.346299499700024
85,5,0,14.697565952186547
85,6,0,11.923624609346723
85,7,0,11.726691380218695
85,8,0,13.570259934974189
85,9,0,5.923874485223512
85,10,0,7.412105952791633
85,11,0,6.568740759241134
85,12,0,28.497632650814115
85,13,0,11.759812108098217
85,14,0,3.0945108503653387
85,15,0,17.450562374240647
85,16,0,9.64237989655398
85,17,0,7.91658340949215
85,18,0,20.701779664644494
85,19,0,20.532823669787717
85,20,0,14.610766231591661
85,21,0,24.87658810291148
85,22,0,9.796086290258925
85,23,0,22.024483286696427
85,24,0,30.604961648639584
85,25,0,17.68181327401432
85,26,0,22.871952895847073
85,27,0,10.750358257598288
85,28,0,10.331076522681252
85,29,0,21.578862963625724
85,30,0,10.288915605710624
85,31,0,14.019584137465566
85,32,0,16.055666808510978
85,33,0,14.90638592687157
85,34,0,10.539401149928153
85,35,0,13.076601720149906
85,36,0,1.7497323978144814
85,37,0,12.806394841457879
85,38,0,3.52819852020066
85,39,0,19.445531258039736
85,40,0,9.811298982531083
85,41,0,5.278458031566038
85,42,0,12.405742384545732
85,43,0,21.579719496282667
85,44,0,10.028279090569344
85,45,0,3.6505041946280183
85,46,0,2.8426853997924812
85,47,0,7.76772520643223
85,48,0,9.82280983520446
85,49,0,13.797888841148746
85,50,0,8.350220325976007
85,51,0,5.9688759593636895
85,52,0,16.44730175335274
85,53,0,8.399352486336113
85,54,0,13.037752579532658
85,55,0,20.46475731639908
85,56,0,14.994957584235461
85,57,0,15.854703029649286
85,58,0,24.44774793320753
85,59,0,4.483183911674858
85,60,0,4.700139051725036
85,61,0,19.49214586955919
85,62,0,14.607680421826393
85,63,0,7.349781928777715
85,64,0,2.1679034558615666
85,65,0,12.45463673643276
85,66,0,5.36975761178541
85,67,0,7.696800549799642
85,68,0,13.92159515031541
85,69,0,17.21255847965059
85,70,0,3.808683969364185
85,71,0,13.637358636240254
85,72,0,7.484081640912815
85,73,0,13.57204758168175
85,74,0,3.4207166688923403
85,75,0,6.875743358379101
85,76,0,10.288739386778278
85,77,0,15.630157588357651
85,78,0,12.020215975984376
85,79,0,6.811754327344511
85,80,0,26.27809392114557
85,81,0,4.90552567867831
85,82,0,7.68846692250058
85,83,0,3.7618699870627363
85,84,0,2.8286310370693832
85,85,0,0.0
85,86,0,7.874641621394987
85,87,0,17.690281785123045
85,88,0,6.661721334915128
85,89,0,26.995323962427666
85,90,0,23.665140843566963
85,91,0,5.6539335279188565
85,92,0,11.81141386033456
85,93,0,16.728644437392695
85,94,0,5.5338256499188185
85,95,0,16.073083717820776
85,96,0,9.538069569885455
85,97,0,6.562624955832172
86,0,0,3.3881731423245993
86,1,0,8.569004249446223
86,2,0,7.519006081153441
86,3,0,10.251545808200298
86,4,0,18.04683070083189
86,5,0,21.087828761000846
86,6,0,19.397961421009267
86,7,0,14.16766745494582
86,8,0,19.134749018191695
86,9,0,13.326332538584909
86,10,0,2.3059564059925046
86,11,0,2.8885557741882044
86,12,0,36.26822669645394
86,13,0,16.37280255723357
86,14,0,4.794736789995938
86,15,0,24.74029363387333
86,16,0,5.504460953029524
86,17,0,12.228163208306407
86,18,0,27.73027936938989
86,19,0,26.493366502129586
86,20,0,22.368127076661818
86,21,0,32.276089214282706
86,22,0,16.645710272912712
86,23,0,29.062876484253426
86,24,0,38.47901486691863
86,25,0,9.81723874173198
86,26,0,30.734835029141497
86,27,0,3.1344484288267433
86,28,0,17.97169944872833
86,29,0,29.215277460050274
86,30,0,12.307282751909598
86,31,0,21.874752968534537
86,32,0,23.68698594086246
86,33,0,19.016094597811232
86,34,0,13.966745330085834
86,35,0,6.5798888548069945
86,36,0,9.27083772533528
86,37,0,16.181220996287664
86,38,0,7.228708323114953
86,39,0,27.101017283220333
86,40,0,2.2424440834104726
86,41,0,12.935471793040845
86,42,0,19.963692922260986
86,43,0,29.383339090861845
86,44,0,17.89920350553336
86,45,0,11.171887907860059
86,46,0,10.137429201506464
86,47,0,8.480156823667704
86,48,0,17.291047499630462
86,49,0,21.551650716039845
86,50,0,16.198444168101563
86,51,0,13.843513489033572
86,52,0,22.939407016343395
86,53,0,15.071415444512043
86,54,0,19.493087136198632
86,55,0,27.967329573508206
86,56,0,22.06446621692254
86,57,0,19.922844526638052
86,58,0,32.06964673229959
86,59,0,4.186584675038493
86,60,0,8.95995432840528
86,61,0,27.29325063069565
86,62,0,22.03745427735055
86,63,0,5.384249182128529
86,64,0,6.372589578026189
86,65,0,20.326663512469167
86,66,0,2.586361456400028
86,67,0,6.385850638832872
86,68,0,18.554970450817706
86,69,0,25.046852772624337
86,70,0,9.430575347082243
86,71,0,16.329313714257363
86,72,0,15.32355110283419
86,73,0,20.508019561333793
86,74,0,11.190742321088097
86,75,0,14.253459888279616
86,76,0,17.232732062026173
86,77,0,23.476248465021893
86,78,0,19.789026382780758
86,79,0,4.504206214253322
86,80,0,34.02474924245717
86,81,0,5.387640300354708
86,82,0,15.412545309869003
86,83,0,6.521978318704721
86,84,0,8.870935217403604
86,85,0,7.874641621394987
86,86,0,0.0
86,87,0,25.312345904788458
86,88,0,12.27729862336994
86,89,0,34.61345200153191
86,90,0,31.41983470734283
86,91,0,9.923745458162905
86,92,0,19.56535700605291
86,93,0,22.472927244481795
86,94,0,11.893248040587531
86,95,0,21.386919676116634
86,96,0,14.51224690667841
86,97,0,12.896151624634216
87,0,0,23.36474878149826
87,1,0,18.985042340095834
87,2,0,21.77124076333749
87,3,0,17.639431776168752
87,4,0,7.352142328109196
87,5,0,7.967828317676403
87,6,0,5.971383351020897
87,7,0,17.981823008716724
87,8,0,10.987447343041966
87,9,0,11.989329447924183
87,10,0,25.102215691676502
87,11,0,23.21564290114571
87,12,0,11.143864494159942
87,13,0,13.776203592757316
87,14,0,20.715844303631236
87,15,0,2.8346182247261176
87,16,0,27.047565962693064
87,17,0,15.49128141036927
87,18,0,16.10555201556132
87,19,0,10.28947732706857
87,20,0,8.808580029043938
87,21,0,16.164494012885395
87,22,0,9.35662497682507
87,23,0,6.33801667815984
87,24,0,14.573053904889886
87,25,0,35.056812126387946
87,26,0,9.005935014736412
87,27,0,28.344915686679805
87,28,0,11.139713185078485
87,29,0,3.9029341644522284
87,30,0,18.580548819515073
87,31,0,5.010765639820491
87,32,0,1.6347039321499381
87,33,0,14.826099768990584
87,34,0,16.308495890365435
87,35,0,30.73309394897596
87,36,0,16.83453988187262
87,37,0,16.31988003649134
87,38,0,20.182329528128502
87,39,0,1.815004237325468
87,40,0,27.403687273465202
87,41,0,13.971290034754675
87,42,0,11.05856403578962
87,43,0,4.84417727455243
87,44,0,8.425245394116757
87,45,0,15.492063924578742
87,46,0,15.177807977339398
87,47,0,20.15422458880696
87,48,0,12.33244903528919
87,49,0,4.1134248125775
87,50,0,10.620956178139178
87,51,0,12.125743315181747
87,52,0,7.239523023430435
87,53,0,15.593920923385438
87,54,0,16.18048381470745
87,55,0,2.9832936108696746
87,56,0,4.954432954086636
87,57,0,15.05368167974761
87,58,0,6.762969907094088
87,59,0,22.151353383707246
87,60,0,17.128032956272808
87,61,0,3.205656405283656
87,62,0,3.5781233199150404
87,63,0,22.405721685953406
87,64,0,19.708359944238026
87,65,0,7.233177712288584
87,66,0,22.726013823151206
87,67,0,24.612285182266067
87,68,0,13.48671211987507
87,69,0,3.2186655552434362
87,70,0,18.450328841430107
87,71,0,17.73815135798945
87,72,0,10.39039266510325
87,73,0,6.334126454300496
87,74,0,14.269711153153684
87,75,0,13.980785331533564
87,76,0,14.429349581609781
87,77,0,3.9138308436840568
87,78,0,5.832834679296978
87,79,0,24.278444959242034
87,80,0,8.849891491739218
87,81,0,20.594159523045636
87,82,0,12.042516308137257
87,83,0,19.13780664182434
87,84,0,16.51891715917162
87,85,0,17.690281785123045
87,86,0,25.312345904788458
87,87,0,0.0
87,88,0,14.077528095577128
87,89,0,9.310304364146246
87,90,0,6.33705811765114
87,91,0,19.880565249405866
87,92,0,9.597929648386522
87,93,0,10.179962779485775
87,94,0,13.793899228940093
87,95,0,11.579464162993983
87,96,0,13.670791214687128
87,97,0,16.761686826460036
88,0,0,11.50969353421131
88,1,0,4.907563656068944
88,2,0,12.18534235907149
88,3,0,3.6856985880081727
88,4,0,7.8088757983373105
88,5,0,8.811793768118504
88,6,0,8.209987436836125
88,7,0,6.314242540106025
88,8,0,7.0730266227327965
88,9,0,3.810526407889572
88,10,0,12.861037129053033
88,11,0,9.705053917379097
88,12,0,25.215793039747567
88,13,0,5.127326569653432
88,14,0,8.611560519151714
88,15,0,12.901876003988747
88,16,0,15.760706175154253
88,17,0,2.119493929292477
88,18,0,22.438991601224306
88,19,0,14.317972493954697
88,20,0,14.661710641600111
88,21,0,25.51677093900677
88,22,0,4.7508258169213615
88,23,0,16.923191433411144
88,24,0,28.348734870433578
88,25,0,21.553766833072366
88,26,0,21.364837229676898
88,27,0,15.410479732734155
88,28,0,11.648014842992065
88,29,0,17.876047411210617
88,30,0,5.701339994975776
88,31,0,12.14188259892689
88,32,0,12.565048947776955
88,33,0,8.305080296517312
88,34,0,4.632110101809213
88,35,0,18.564904290745606
88,36,0,7.332556939100972
88,37,0,6.587647951099649
88,38,0,10.18918173818812
88,39,0,15.88652059388998
88,40,0,14.513349552978882
88,41,0,8.227832107254562
88,42,0,13.645357222972047
88,43,0,18.689614572298094
88,44,0,9.140648336964635
88,45,0,7.903682481921245
88,46,0,4.160732861231593
88,47,0,6.107035046974494
88,48,0,11.845183632662161
88,49,0,11.073153971687262
88,50,0,8.881355074406455
88,51,0,6.803111332607182
88,52,0,10.666355074150058
88,53,0,12.329206673416234
88,54,0,16.449447208728365
88,55,0,16.364511362816938
88,56,0,10.070555248914781
88,57,0,9.244900804241812
88,58,0,20.622827549998394
88,59,0,10.461875018061699
88,60,0,3.340308935025931
88,61,0,16.674311149121518
88,62,0,10.535098931756398
88,63,0,8.426897302838821
88,64,0,8.676811287856639
88,65,0,11.590979753753935
88,66,0,9.843189227003736
88,67,0,14.209053244804712
88,68,0,7.26270270965508
88,69,0,14.802165740390011
88,70,0,9.971806745845223
88,71,0,7.722499236638072
88,72,0,6.814023236425289
88,73,0,8.452540286487794
88,74,0,5.058255375793904
88,75,0,9.973695744228658
88,76,0,13.385092762300777
88,77,0,13.471007872177804
88,78,0,9.605971006379704
88,79,0,13.00756444646602
88,80,0,22.918249862404465
88,81,0,6.992485328838195
88,82,0,9.347770944027262
88,83,0,5.757899049106
88,84,0,3.971742329495064
88,85,0,6.661721334915128
88,86,0,12.27729862336994
88,87,0,14.077528095577128
88,88,0,0.0
88,89,0,23.11041615028353
88,90,0,20.411339042410052
88,91,0,11.95485778604337
88,92,0,12.290340547311144
88,93,0,10.358118155782847
88,94,0,1.4806501697200591
88,95,0,9.515402615448007
88,96,0,2.8964137797974523
88,97,0,11.37506782187817
89,0,0,32.66222782194941
89,1,0,27.983613418229236
89,2,0,30.9070686222221
89,3,0,26.522565938318042
89,4,0,16.650090811174973
89,5,0,15.478584203579958
89,6,0,15.227329391934914
89,7,0,26.094758459683295
89,8,0,18.57760643334892
89,9,0,21.28713991861403
89,10,0,34.40731792930075
89,11,0,32.46634307039733
89,12,0,3.3201609246467694
89,13,0,21.79850401424402
89,14,0,30.02596299247113
89,15,0,10.272962928206873
89,16,0,36.28208741646155
89,17,0,24.286060090804348
89,18,0,20.2390907053918
89,19,0,14.108530355894498
89,20,0,15.867404683498581
89,21,0,17.665082011478617
89,22,0,18.36298285940274
89,23,0,7.837342170547051
89,24,0,8.71551443672553
89,25,0,44.335963645304304
89,26,0,9.672114333089922
89,27,0,37.65346232619157
89,28,0,19.487565464951793
89,29,0,5.41688073549634
89,30,0,27.021162062659958
89,31,0,13.559669738228983
89,32,0,10.94316617216101
89,33,0,21.886951215914774
89,34,0,24.61780431626056
89,35,0,40.01947978831042
89,36,0,26.094205714800708
89,37,0,24.08650045353203
89,38,0,29.39647758316065
89,39,0,7.553684470273362
89,40,0,36.71242067433875
89,41,0,23.06240122911384
89,42,0,18.734160947319
89,43,0,6.3017360427187565
89,44,0,17.45419307439103
89,45,0,24.66457815522462
89,46,0,24.483579160508963
89,47,0,29.073394863918594
89,48,0,20.675199389953438
89,49,0,13.268049791509407
89,50,0,19.597737006879534
89,51,0,21.341941820016988
89,52,0,13.934302851780414
89,53,0,24.071938877151226
89,54,0,23.50505251721008
89,55,0,6.745941852562825
89,56,0,13.167995532729686
89,57,0,21.785889050805405
89,58,0,2.547764111465999
89,59,0,31.448232738631347
89,60,0,26.282669009026815
89,61,0,8.06133036371171
89,62,0,12.642989331909797
89,63,0,31.522844959177167
89,64,0,28.99638494634865
89,65,0,15.69434944542274
89,66,0,32.027568570887375
89,67,0,33.78359412834681
89,68,0,20.855615522310448
89,69,0,10.432609807085688
89,70,0,27.569927783612126
89,71,0,25.363087321380284
89,72,0,19.63523802585196
89,73,0,14.792563195578616
89,74,0,23.574678346488653
89,75,0,22.81917873702828
89,76,0,22.511716242666495
89,77,0,11.989333037444926
89,78,0,15.043473021784031
89,79,0,33.536130640772065
89,80,0,2.370847912370377
89,81,0,29.816223939701025
89,82,0,20.932366916956326
89,83,0,28.38006358278597
89,84,0,25.79371796152807
89,85,0,26.995323962427666
89,86,0,34.61345200153191
89,87,0,9.310304364146246
89,88,0,23.11041615028353
89,89,0,0.0
89,90,0,4.017383174350078
89,91,0,28.86640620530356
89,92,0,17.714884557353532
89,93,0,16.41627308066814
89,94,0,22.98096411316322
89,95,0,18.108897195849472
89,96,0,22.230974504624207
89,97,0,25.543765783190214
90,0,0,29.274285006465792
90,1,0,25.318812433214543
90,2,0,27.279664628713235
90,3,0,23.975405632288602
90,4,0,13.374129860067482
90,5,0,13.734793412151811
90,6,0,12.2583152718925
90,7,0,24.142648893615497
90,8,0,16.86656663081394
90,9,0,18.15895330126768
90,10,0,31.051711797667867
90,11,0,29.43291000665861
90,12,0,4.854718253378263
90,13,0,19.876119915993183
90,14,0,26.73799175593541
90,15,0,8.202189795354546
90,16,0,32.74616991229572
90,17,0,21.817811253420388
90,18,0,16.463727919494026
90,19,0,13.975255627194302
90,20,0,11.871303358601558
90,21,0,14.425141166405481
90,22,0,15.69356700155181
90,23,0,7.854800336007295
90,24,0,8.58302018288894
90,25,0,41.21097491894258
90,26,0,6.198571567643839
90,27,0,34.39939499781602
90,28,0,15.61445659566964
90,29,0,2.8529348512195383
90,30,0,24.842758804084934
90,31,0,9.86536134745257
90,32,0,7.865909767848525
90,33,0,20.516787387086865
90,34,0,22.524874169745754
90,35,0,36.57669705063383
90,36,0,22.637543170294524
90,37,0,22.340841403535318
90,38,0,25.855799385423733
90,39,0,4.54187113252187
90,40,0,33.45798797953209
90,41,0,19.442824650699666
90,42,0,14.76397418895326
90,43,0,2.3168811201217987
90,44,0,13.858981442301893
90,45,0,21.102633093743133
90,46,0,21.29525659747465
90,47,0,26.491268178586697
90,48,0,16.78965866766963
90,49,0,9.872661405767767
90,50,0,15.940398954510266
90,51,0,17.854817187238524
90,52,0,12.519306733774435
90,53,0,20.19280203053787
90,54,0,19.49292233286279
90,55,0,4.769908383312963
90,56,0,10.97569481627369
90,57,0,20.586684683794633
90,58,0,2.3043210777301217
90,59,0,28.061830555625164
90,60,0,23.42826330574754
90,61,0,4.258975387903248
90,62,0,9.90718899375644
90,63,0,28.712375267129588
90,64,0,25.589740194863527
90,65,0,11.908781029459963
90,66,0,28.83780113645227
90,67,0,30.179148965469974
90,68,0,19.3034902856487
90,69,0,6.648541237704054
90,70,0,23.94366629858128
90,71,0,23.712689091581552
90,72,0,16.20503525206159
90,73,0,12.507015658339927
90,74,0,20.26242979084421
90,75,0,19.06315115658693
90,76,0,18.566919894901886
90,77,0,8.249445769823257
90,78,0,11.646000469772586
90,79,0,30.045422884000185
90,80,0,2.6149163467846788
90,81,0,26.846063153489805
90,82,0,17.216033430236
90,83,0,25.373895235662317
90,84,0,22.719516104304148
90,85,0,23.665140843566963
90,86,0,31.41983470734283
90,87,0,6.33705811765114
90,88,0,20.411339042410052
90,89,0,4.017383174350078
90,90,0,0.0
90,91,0,25.14503957263698
90,92,0,13.816491083220908
90,93,0,15.327756445075764
90,94,0,20.086658359657346
90,95,0,16.93420926549191
90,96,0,19.946406517468564
90,97,0,21.747056724267626
91,0,0,6.554489646087424
91,1,0,12.195586699906753
91,2,0,2.6440923576683057
91,3,0,12.959037219491123
91,4,0,12.866132883220317
91,5,0,18.897579194292458
91,6,0,14.892098001941712
91,7,0,17.374410177555003
91,8,0,18.40081588553896
91,9,0,9.89782332503165
91,10,0,8.153527695106881
91,11,0,10.23605471554423
91,12,0,29.78039623043267
91,13,0,17.07039538461478
91,14,0,6.376686575229942
91,15,0,20.398322759534647
91,16,0,8.204158988981638
91,17,0,13.466586051038133
91,18,0,18.13105342417583
91,19,0,24.833802681951298
91,20,0,14.219563112587476
91,21,0,22.98594332796443
91,22,0,13.925641354047839
91,23,0,25.180568619874563
91,24,0,30.91708074121913
91,25,0,18.633267732928232
91,26,0,22.927734179668587
91,27,0,11.71376848042197
91,28,0,9.795496085798485
91,29,0,23.557356511384636
91,30,0,15.938141828496722
91,31,0,15.310990822631288
91,32,0,18.309762313068017
91,33,0,20.255553942979095
91,34,0,16.13149251376881
91,35,0,12.344367874429619
91,36,0,4.622998723902003
91,37,0,18.35752566817869
91,38,0,2.9488186487584267
91,39,0,21.44985087349195
91,40,0,10.934934285799509
91,41,0,5.9467823841854734
91,42,0,11.378248099026072
91,43,0,22.881436786279583
91,44,0,11.465206218387854
91,45,0,4.743037302671593
91,46,0,7.797858549017483
91,47,0,13.193117137469592
91,48,0,8.769024930119468
91,49,0,15.767427381012048
91,50,0,9.284555618477917
91,51,0,8.017811085294031
91,52,0,20.464063264164913
91,53,0,5.724351549283737
91,54,0,9.72129220838309
91,55,0,22.8428289054377
91,56,0,18.428980714930148
91,57,0,21.190579095861867
91,58,0,26.375949767392587
91,59,0,5.8262603171843494
91,60,0,10.35407120564845
91,61,0,20.89053187638225
91,62,0,17.45506559932966
91,63,0,11.994438661665228
91,64,0,4.672285147981239
91,65,0,13.241425687947432
91,66,0,8.358015096553201
91,67,0,5.396619817740121
91,68,0,19.14213061722266
91,69,0,18.49785455234437
91,70,0,1.9852264612415815
91,71,0,19.253485154905064
91,72,0,9.754397445086978
91,73,0,17.276807603899563
91,74,0,7.286165929895907
91,75,0,6.093181323052084
91,76,0,7.93177363970136
91,77,0,16.905035309439125
91,78,0,14.077128477732519
91,79,0,6.139487471122178
91,80,0,27.720235539446822
91,81,0,9.770501857652553
91,82,0,7.93635621403544
91,83,0,9.072966633263983
91,84,0,8.425265154687933
91,85,0,5.6539335279188565
91,86,0,9.923745458162905
91,87,0,19.880565249405866
91,88,0,11.95485778604337
91,89,0,28.86640620530356
91,90,0,25.14503957263698
91,91,0,0.0
91,92,0,11.618108688865924
91,93,0,21.312347109393194
91,94,0,10.610833167188247
91,95,0,20.927282263711373
91,96,0,14.843411890191167
91,97,0,3.6199211099234274
92,0,0,16.781723812191906
92,1,0,16.284559411098595
92,2,0,13.999412809780301
92,3,0,15.701720841009895
92,4,0,5.719381120860686
92,5,0,12.881543614021037
92,6,0,7.4429090584648945
92,7,0,18.368281452122883
92,8,0,14.414541875498776
92,9,0,8.533326706283532
92,10,0,18.604880541829353
92,11,0,18.34226735779974
92,12,0,18.281427967222672
92,13,0,15.385848265015024
92,14,0,14.794575280654765
92,15,0,11.252802289246718
92,16,0,19.63630480137225
92,17,0,14.386108785610762
92,18,0,10.200796130093911
92,19,0,17.951928870565585
92,20,0,2.803740705738785
92,21,0,13.399054514674077
92,22,0,9.713684440563128
92,23,0,15.798356091959764
92,24,0,19.33645858612277
92,25,0,29.247157310254476
92,26,0,11.378929592948346
92,27,0,22.19441882956472
92,28,0,1.8326229563213252
92,29,0,12.698830771148696
92,30,0,17.98810007737983
92,31,0,4.590811156578011
92,32,0,8.370189236563172
92,33,0,17.975518933191264
92,34,0,16.546832611264612
92,35,0,23.682439985465933
92,36,0,10.29584903663089
92,37,0,17.830275811476906
92,38,0,12.933702576457039
92,39,0,10.764738128727771
92,40,0,21.28615729745482
92,41,0,6.633095233684351
92,42,0,1.7606236643439948
92,43,0,11.505744406547866
92,44,0,3.4040771713189883
92,45,0,8.406320326703666
92,46,0,10.493801002277486
92,47,0,17.63682833096795
92,48,0,2.9761753244236813
92,49,0,5.984690341457735
92,50,0,3.635276438800202
92,51,0,6.1461802732281114
92,52,0,13.59218917684319
92,53,0,6.378909556308878
92,54,0,6.730215619189065
92,55,0,12.500524004785367
92,56,0,10.69062755598697
92,57,0,18.65260259701341
92,58,0,15.34370379675481
92,59,0,15.633590544287255
92,60,0,13.858232015057347
92,61,0,9.656644471882087
92,62,0,8.773146247413369
92,63,0,18.612461665736205
92,64,0,13.22710677052355
92,65,0,2.4269879036844424
92,66,0,17.151375743061763
92,67,0,16.908149055133514
92,68,0,16.4768045747342
92,69,0,7.321388581610814
92,70,0,10.776014320436436
92,71,0,19.240110051461045
92,72,0,5.491668938155391
92,73,0,10.507839785888688
92,74,0,9.010915796537871
92,75,0,5.604356032373022
92,76,0,4.870322550753963
92,77,0,5.880379479186054
92,78,0,5.172265030397539
92,79,0,17.15052159530453
92,80,0,16.31819591286513
92,81,0,16.26302813344528
92,82,0,4.152923184899376
92,83,0,14.806081427238942
92,84,0,12.227689255840561
92,85,0,11.81141386033456
92,86,0,19.56535700605291
92,87,0,9.597929648386522
92,88,0,12.290340547311144
92,89,0,17.714884557353532
92,90,0,13.816491083220908
92,91,0,11.618108688865924
92,92,0,0.0
92,93,0,15.824508301723608
92,94,0,11.09330867069967
92,95,0,16.40477532006648
92,96,0,13.889579846533378
92,97,0,8.066282699974696
93,0,0,21.863905349766277
93,1,0,14.189902604756103
93,2,0,22.131642497104103
93,3,0,12.475533797448483
93,4,0,10.290039923725466
93,5,0,2.942977984862657
93,6,0,8.381828938671307
93,7,0,10.380617350788773
93,8,0,3.3387759287422094
93,9,0,11.417127304252503
93,10,0,23.207810585412275
93,11,0,19.737337898055575
93,12,0,19.354368110206256
93,13,0,6.44158217120845
93,14,0,18.960913466287632
93,15,0,7.4433019560995675
93,16,0,26.104819095296378
93,17,0,10.297965868738478
93,18,0,25.00318000042824
93,19,0,4.038171351298662
93,20,0,16.705694112366704
93,21,0,26.042484048265468
93,22,0,7.452694350074026
93,23,0,8.72399498509606
93,24,0,23.903314229622893
93,25,0,31.24294149896738
93,26,0,19.184067374610038
93,27,0,25.579698037373102
93,28,0,16.43288472540067
93,29,0,12.484069385760842
93,30,0,11.76475992192735
93,31,0,12.437183773075141
93,32,0,9.694108048982855
93,33,0,5.526521516972999
93,34,0,9.35923099887948
93,35,0,28.881251776443783
93,36,0,16.895026544613284
93,37,0,8.103936344078441
93,38,0,20.161043726858992
93,39,0,11.382728544797672
93,40,0,24.7145752444425
93,41,0,16.00511711860367
93,42,0,17.584678931650117
93,43,0,14.671290379908086
93,44,0,12.72696357924542
93,45,0,16.641037538194297
93,46,0,13.924478429217842
93,47,0,14.85417325164257
93,48,0,17.30772337210099
93,49,0,10.591935850930282
93,50,0,14.236032664011649
93,51,0,13.840060700221763
93,52,0,2.9417124667466976
93,53,0,19.49836813123032
93,54,0,22.193178862356902
93,55,0,10.55974699027853
93,56,0,5.662921300511307
93,57,0,5.369747953086355
93,58,0,14.409114043718464
93,59,0,20.797115584273545
93,60,0,13.552377772210015
93,61,0,13.363636293609737
93,62,0,7.800119023075935
93,63,0,17.91954916468797
93,64,0,18.857388450865045
93,65,0,13.703848248908104
93,66,0,20.13584527198436
93,67,0,24.416563430258428
93,68,0,4.760125388211051
93,69,0,12.922029724253951
93,70,0,19.38791625767627
93,71,0,9.187151590425906
93,72,0,12.476191384288054
93,73,0,5.331602348195574
93,74,0,14.053435176881536
93,75,0,17.135953073011947
93,76,0,19.472703989925872
93,77,0,12.618643248884673
93,78,0,10.70709494572308
93,79,0,23.328948218846985
93,80,0,17.21471183756096
93,81,0,17.09012563208836
93,82,0,15.533515073623988
93,83,0,16.027507669519228
93,84,0,14.267010272928644
93,85,0,16.728644437392695
93,86,0,22.472927244481795
93,87,0,10.179962779485775
93,88,0,10.358118155782847
93,89,0,16.41627308066814
93,90,0,15.327756445075764
93,91,0,21.312347109393194
93,92,0,15.824508301723608
93,93,0,0.0
93,94,0,11.217051635579741
93,95,0,1.701961322484114
93,96,0,7.976786480394063
93,97,0,19.52506306875581
94,0,0,10.743873023885774
94,1,0,5.465346414214079
94,2,0,11.01858149386094
94,3,0,4.621005582770906
94,4,0,7.061469212260539
94,5,0,9.355450520962302
94,6,0,7.830016316631807
94,7,0,7.755771189508594
94,8,0,8.03644499047399
94,9,0,2.5628700784693743
94,10,0,12.221984526443098
94,11,0,9.521173855331515
94,12,0,24.92595530174672
94,13,0,6.472881107624769
94,14,0,7.840624246962391
94,15,0,12.908445742453289
94,16,0,14.938002510906134
94,17,0,3.5196028667918564
94,18,0,21.175403427529684
94,19,0,15.079917557623121
94,20,0,13.56738239436681
94,21,0,24.417080378963885
94,22,0,4.7556201425401365
94,23,0,17.169816813245173
94,24,0,27.816065262026026
94,25,0,21.42218179170744
94,26,0,20.62830303627685
94,27,0,15.018408860819257
94,28,0,10.334374509858023
94,29,0,17.65916145389114
94,30,0,7.006483712947933
94,31,0,11.371658266953862
94,32,0,12.222394812083282
94,33,0,9.66064729666902
94,34,0,6.104879141686645
94,35,0,17.9708711388591
94,36,0,5.994903005674118
94,37,0,8.060890822645566
94,38,0,9.025797759536111
94,39,0,15.60864833810887
94,40,0,14.097830079558745
94,41,0,6.751039617256859
94,42,0,12.371142459220986
94,43,0,18.25500250986904
94,44,0,8.080926225664927
94,45,0,6.443938988671346
94,46,0,2.8329401369279945
94,47,0,6.776959629604257
94,48,0,10.465713841280866
94,49,0,10.485788653328148
94,50,0,7.59249778656628
94,51,0,5.400350738378665
94,52,0,11.170026557155005
94,53,0,10.852530167506158
94,54,0,15.007466991781481
94,55,0,16.256307332495705
94,56,0,10.179832829299803
94,57,0,10.588855316748571
94,58,0,20.46182268542963
94,59,0,9.631081237241084
94,60,0,3.343957145282348
94,61,0,16.201500005074568
94,62,0,10.338438624590529
94,63,0,8.630070921303066
94,64,0,7.642705652279948
94,65,0,10.598766853468165
94,66,0,9.365459704438873
94,67,0,13.202830787602458
94,68,0,8.533585022201107
94,69,0,14.203704879747484
94,70,0,8.625794679215613
94,71,0,9.202906165644198
94,72,0,5.603602386030665
94,73,0,8.61489066935934
94,74,0,3.5886336684605307
94,75,0,8.507216435959275
94,76,0,11.944778827855648
94,77,0,12.79137735718554
94,78,0,8.897268678563716
94,79,0,12.137900325329863
94,80,0,22.63802846946121
94,81,0,6.841880835680035
94,82,0,7.95519109692266
94,83,0,5.441735606357568
94,84,0,3.12563345332811
94,85,0,5.5338256499188185
94,86,0,11.893248040587531
94,87,0,13.793899228940093
94,88,0,1.4806501697200591
94,89,0,22.98096411316322
94,90,0,20.086658359657346
94,91,0,10.610833167188247
94,92,0,11.09330867069967
94,93,0,11.217051635579741
94,94,0,0.0
94,95,0,10.54138248921983
94,96,0,4.261007344455006
94,97,0,9.902678666050514
95,0,0,20.992884430168896
95,1,0,12.966742367792914
95,2,0,21.55330216295076
95,3,0,11.244242824020183
95,4,0,10.733774149576025
95,5,0,3.8109171471891936
95,6,0,9.021340886617375
95,7,0,8.808954014188867
95,8,0,2.5276993492028588
95,9,0,11.114360880236136
95,10,0,22.253696262428846
95,11,0,18.598475070511327
95,12,0,21.026091343580397
95,13,0,5.0944220586864075
95,14,0,18.109454513603993
95,15,0,8.926217602089546
95,16,0,25.256099162039085
95,17,0,9.158911133186736
95,18,0,25.89388613661158
95,19,0,5.411554948736761
95,20,0,17.530193629956887
95,21,0,27.204707309906716
95,22,0,7.375797265818829
95,23,0,10.425787089939229
95,24,0,25.516387695566145
95,25,0,29.941541462065793
95,26,0,20.575801614483616
95,27,0,24.46587278715449
95,28,0,16.838360682467446
95,29,0,14.083721858682317
95,30,0,10.279797600312826
95,31,0,13.363514001319245
95,32,0,10.938701535860494
95,33,0,3.828189901020515
95,34,0,7.923800944829183
95,35,0,27.866114060164
95,36,0,16.40744910884854
95,37,0,6.491715158811105
95,38,0,19.563824439892002
95,39,0,12.883690412513488
95,40,0,23.621557285297293
95,41,0,15.888198675063732
95,42,0,18.15333207218103
95,43,0,16.183417336991806
95,44,0,13.168366587099076
95,45,0,16.347985565439636
95,46,0,13.334005215225172
95,47,0,13.532967333077186
95,48,0,17.62883454677055
95,49,0,11.536134787576312
95,50,0,14.47100786540994
95,51,0,13.778310205366674
95,52,0,4.434103234890142
95,53,0,19.572212165776712
95,54,0,22.562754586852346
95,55,0,12.164737835127681
95,56,0,6.829233226443025
95,57,0,3.68512080163681
95,58,0,16.076909746556446
95,59,0,19.969655071537588
95,60,0,12.561555660940172
95,61,0,14.782567530296966
95,62,0,8.895535052361206
95,63,0,16.66098498720156
95,64,0,18.15655821278409
95,65,0,14.418957545250587
95,66,0,19.126300451948268
95,67,0,23.708311929516913
95,68,0,3.1806513585430296
95,69,0,14.162175424199758
95,70,0,18.969318260266455
95,71,0,7.51734548126339
95,72,0,12.569390334720293
95,73,0,6.139629845898273
95,74,0,13.641501724901191
95,75,0,17.161549435489594
95,76,0,19.738416698505937
95,77,0,13.713792625159046
95,78,0,11.411602765337042
95,79,0,22.519368551046117
95,80,0,18.871122833177907
95,81,0,16.001155120737508
95,82,0,15.681844503887623
95,83,0,15.03131070933856
95,84,0,13.48204807754673
95,85,0,16.073083717820776
95,86,0,21.386919676116634
95,87,0,11.579464162993983
95,88,0,9.515402615448007
95,89,0,18.108897195849472
95,90,0,16.93420926549191
95,91,0,20.927282263711373
95,92,0,16.40477532006648
95,93,0,1.701961322484114
95,94,0,10.54138248921983
95,95,0,0.0
95,96,0,6.897356590716992
95,97,0,19.40725321486157
96,0,0,14.139083425534569
96,1,0,6.2600793433715465
96,2,0,15.059956850166735
96,3,0,4.577048782238794
96,4,0,8.66017931325303
96,5,0,7.062290383861964
96,6,0,8.314639767477658
96,7,0,4.6205393878639685
96,8,0,4.6412500346049645
96,9,0,5.991479051186781
96,10,0,15.361201633788614
96,11,0,11.760880673708575
96,12,0,24.623793750180422
96,13,0,2.230916487739353
96,14,0,11.280780812227325
96,15,0,11.971957731337426
96,16,0,18.407863527028724
96,17,0,2.331230359036967
96,18,0,24.083520712165125
96,19,0,12.011504910647341
96,20,0,15.959500890411364
96,21,0,26.696987189729846
96,22,0,4.680601720633033
96,23,0,15.440481790065235
96,24,0,28.2192412114586
96,25,0,23.337584468561854
96,26,0,21.739221308457758
96,27,0,17.609500667662903
96,28,0,13.564234867485078
96,29,0,17.242946968481487
96,30,0,4.912117352850687
96,31,0,12.792767654226873
96,32,0,12.329652518473933
96,33,0,5.412191337808164
96,34,0,2.79360547550461
96,35,0,20.9705570947375
96,36,0,10.220432493433226
96,37,0,4.039000703838957
96,38,0,13.06587815764917
96,39,0,15.417086089975385
96,40,0,16.75164591570042
96,41,0,10.799395388595704
96,42,0,15.41637783482818
96,43,0,18.473341108981806
96,44,0,10.534359593406112
96,45,0,10.680509470038286
96,46,0,7.045594734611
96,47,0,7.076084372057552
96,48,0,13.952174752276633
96,49,0,11.394684648862569
96,50,0,10.805586980523257
96,51,0,9.097440292386208
96,52,0,8.894323169043151
96,53,0,14.866783102547608
96,54,0,18.74640843299958
96,55,0,15.553416727984429
96,56,0,9.077499729251263
96,57,0,6.349581022065023
96,58,0,19.83542691229124
96,59,0,13.153102904119413
96,60,0,5.67003644961172
96,61,0,16.576208275397324
96,62,0,10.110118924941638
96,63,0,10.003711716401023
96,64,0,11.507532691093552
96,65,0,12.73701431771875
96,66,0,12.229060808423664
96,67,0,17.00026884671041
96,68,0,4.390620372857008
96,69,0,15.008802828301944
96,70,0,12.859005265281047
96,71,0,5.3798499793164165
96,72,0,8.655888881283019
96,73,0,7.474611311637286
96,74,0,7.818293323199793
96,75,0,12.450529800369225
96,76,0,15.697047879611823
96,77,0,13.88611549907344
96,78,0,10.25181949609926
96,79,0,15.708507354108137
96,80,0,22.33210516168926
96,81,0,9.12494618373173
96,82,0,11.542311346467104
96,83,0,8.135362186239812
96,84,0,6.787174135519569
96,85,0,9.538069569885455
96,86,0,14.51224690667841
96,87,0,13.670791214687128
96,88,0,2.8964137797974523
96,89,0,22.230974504624207
96,90,0,19.946406517468564
96,91,0,14.843411890191167
96,92,0,13.889579846533378
96,93,0,7.976786480394063
96,94,0,4.261007344455006
96,95,0,6.897356590716992
96,96,0,0.0
96,97,0,14.097287270910497
97,0,0,9.671513177978188
97,1,0,13.049985905062842
97,2,0,6.178318150838486
97,3,0,13.361129300490342
97,4,0,10.145926971319446
97,5,0,16.871398681832183
97,6,0,12.276886092045649
97,7,0,17.435198465929048
97,8,0,16.933143507781246
97,9,0,8.37231072221057
97,10,0,11.410658578859168
97,11,0,12.589552739758792
97,12,0,26.313232830566402
97,13,0,16.236617717001685
97,14,0,8.611658042086923
97,15,0,17.58505303425957
97,16,0,11.80692411104519
97,17,0,13.247767377136986
97,18,0,14.840693731935032
97,19,0,22.73914431049731
97,20,0,10.615191791982216
97,21,0,19.528018784372133
97,22,0,12.085659327808788
97,23,0,22.380972511079158
97,24,0,27.31680225230734
97,25,0,22.04695680711699
97,26,0,19.3231818602173
97,27,0,15.03641153245108
97,28,0,6.234330250718633
97,29,0,20.31212173342849
97,30,0,16.286906155702123
97,31,0,12.001451436378884
97,32,0,15.248817575189042
97,33,0,19.387060522689936
97,34,0,15.929695787969862
97,35,0,15.934988456784462
97,36,0,4.872935403866042
97,37,0,17.962407853128624
97,38,0,5.68156512323686
97,39,0,18.24008019914923
97,40,0,14.201265654204708
97,41,0,3.523605391827116
97,42,0,7.758571845027404
97,43,0,19.45983131949094
97,44,0,8.370964021907334
97,45,0,3.507807314417268
97,46,0,7.454036092340354
97,47,0,14.252618594639284
97,48,0,5.166953209338586
97,49,0,12.670394828565271
97,50,0,6.182674991768235
97,51,0,5.690340638011878
97,52,0,18.259874125602174
97,53,0,2.1972008785894577
97,54,0,6.664504171767425
97,55,0,19.74407848176996
97,56,0,15.922137691831349
97,57,0,20.27756467226413
97,58,0,23.087971715317057
97,59,0,8.711542417571867
97,60,0,10.801766046389686
97,61,0,17.512009540414837
97,62,0,14.674458147071292
97,63,0,13.83093137992672
97,64,0,6.7731463453515195
97,65,0,9.851743533361892
97,66,0,10.911887199020345
97,67,0,9.009736036841783
97,68,0,18.107763677749265
97,69,0,15.122419751356913
97,70,0,3.470190226977594
97,71,0,19.065353898287672
97,72,0,7.218077803092863
97,73,0,14.972703144221162
97,74,0,6.316892403039014
97,75,0,2.7845585316672827
97,76,0,4.408628174447911
97,77,0,13.55443770216688
97,78,0,11.080722834052148
97,79,0,9.586356235594005
97,80,0,24.29679831583727
97,81,0,11.413943058503863
97,82,0,4.7278877643347785
97,83,0,10.323378443861198
97,84,0,8.724592269191389
97,85,0,6.562624955832172
97,86,0,12.896151624634216
97,87,0,16.761686826460036
97,88,0,11.37506782187817
97,89,0,25.543765783190214
97,90,0,21.747056724267626
97,91,0,3.6199211099234274
97,92,0,8.066282699974696
97,93,0,19.52506306875581
97,94,0,9.902678666050514
97,95,0,19.40725321486157
97,96,0,14.097287270910497
97,97,0,0.0
