origin,destination,label,neuroGravity_prediction
0,0,0.0,7704.4775390625
0,1,0.0,4.363839149475098
0,2,0.0,1498.485595703125
0,3,0.0,43.76512145996094
0,4,0.0,207.421630859375
0,5,0.0,8.069862365722656
0,6,0.0,351.37005615234375
0,7,0.0,0.8455519080162048
0,8,0.0,28.47484588623047
0,9,0.0,605.9303588867188
0,10,0.0,5249.25927734375
0,11,0.0,876.5586547851562
0,12,0.0,1.3750203847885132
0,13,0.0,75.2933578491211
0,14,0.0,6.9687910079956055
0,15,0.0,1.3147977590560913
0,16,0.0,2664.204345703125
0,17,0.0,422.2694091796875
0,18,0.0,0.9378554821014404
0,19,0.0,2.8678677082061768
0,20,0.0,351.54339599609375
0,21,0.0,0.0
0,22,0.0,0.8480033278465271
0,23,0.0,33.602561950683594
0,24,0.0,1.042875051498413
0,25,0.0,2.64372181892395
0,26,0.0,1.0696808099746704
0,27,0.0,135.7074737548828
0,28,0.0,609.617431640625
0,29,0.0,325.25677490234375
0,30,0.0,0.7977562546730042
0,31,0.0,435.72662353515625
0,32,0.0,659.16748046875
0,33,0.0,499.50115966796875
0,34,0.0,720.3712158203125
0,35,0.0,185.2882843017578
0,36,0.0,1113.2213134765625
0,37,0.0,372.44775390625
0,38,0.0,2828.554931640625
0,39,0.0,362.2479248046875
0,40,0.0,1445.2508544921875
0,41,0.0,1540.3482666015625
0,42,0.0,697.82568359375
0,43,0.0,1.2819761037826538
0,44,0.0,258.20062255859375
0,45,0.0,1466.79345703125
0,46,0.0,1032.09912109375
0,47,0.0,583.5101318359375
0,48,0.0,766.3402099609375
0,49,0.0,647.6176147460938
0,50,0.0,243.9041290283203
0,51,0.0,716.2915649414062
0,52,0.0,512.6015014648438
0,53,0.0,626.1456298828125
0,54,0.0,111.16079711914062
0,55,0.0,603.3556518554688
0,56,0.0,461.26556396484375
0,57,0.0,533.2867431640625
0,58,0.0,1.3310655355453491
0,59,0.0,3906.81640625
0,60,0.0,845.9385986328125
0,61,0.0,137.0578155517578
0,62,0.0,575.8907470703125
0,63,0.0,1316.4298095703125
0,64,0.0,2495.951171875
0,65,0.0,369.10894775390625
0,66,0.0,1617.093017578125
0,67,0.0,1835.5137939453125
0,68,0.0,943.784423828125
0,69,0.0,239.83795166015625
0,70,0.0,2618.619140625
0,71,0.0,402.527587890625
0,72,0.0,259.58026123046875
0,73,0.0,814.6580810546875
0,74,0.0,1117.021240234375
0,75,0.0,1381.207275390625
0,76,0.0,1726.86962890625
0,77,0.0,370.40350341796875
0,78,0.0,296.2185363769531
0,79,0.0,6977.58544921875
0,80,0.0,1.455176830291748
0,81,0.0,2165.36279296875
0,82,0.0,757.2789916992188
0,83,0.0,2546.666748046875
0,84,0.0,1120.1533203125
0,85,0.0,1662.60546875
0,86,0.0,2609.432373046875
0,87,0.0,588.4117431640625
0,88,0.0,642.0972900390625
0,89,0.0,1.3525927066802979
0,90,0.0,1.625518560409546
0,91,0.0,1251.2630615234375
0,92,0.0,645.8690185546875
0,93,0.0,6.915120601654053
0,94,0.0,1029.961669921875
0,95,0.0,567.384521484375
0,96,0.0,803.4186401367188
0,97,0.0,1087.043701171875
1,0,0.0,5.835756778717041
1,1,0.0,2.5470354557037354
1,2,0.0,2.667546510696411
1,3,0.0,2.2236006259918213
1,4,0.0,0.0
1,5,0.0,0.0
1,6,0.0,2.2141425609588623
1,7,0.0,0.0
1,8,0.0,0.0
1,9,0.0,5.0591959953308105
1,10,0.0,5.469101428985596
1,11,0.0,4.327642440795898
1,12,0.0,0.0
1,13,0.0,0.0
1,14,0.0,0.0
1,15,0.0,0.0
1,16,0.0,4.182645320892334
1,17,0.0,7.462430953979492
1,18,0.0,0.0
1,19,0.0,0.0
1,20,0.0,0.0
1,21,0.0,0.0
1,22,0.0,0.0
1,23,0.0,0.0
1,24,0.0,0.0
1,25,0.0,0.0
1,26,0.0,0.0
1,27,0.0,1.1607810258865356
1,28,0.0,3.361142635345459
1,29,0.0,2.030890703201294
1,30,0.0,0.8855705261230469
1,31,0.0,3.094688892364502
1,32,0.0,3.5782742500305176
1,33,0.0,4.493337154388428
1,34,0.0,12.257463455200195
1,35,0.0,0.0
1,36,0.0,4.746983051300049
1,37,0.0,3.9066858291625977
1,38,0.0,14.829456329345703
1,39,0.0,2.400848150253296
1,40,0.0,3.045103073120117
1,41,0.0,24.696578979492188
1,42,0.0,3.113978147506714
1,43,0.0,0.0
1,44,0.0,2.0367608070373535
1,45,0.0,11.269725799560547
1,46,0.0,21.065025329589844
1,47,0.0,72.59098052978516
1,48,0.0,4.453260898590088
1,49,0.0,3.8324356079101562
1,50,0.0,2.0056567192077637
1,51,0.0,4.54532527923584
1,52,0.0,3.9051764011383057
1,53,0.0,2.9292171001434326
1,54,0.0,0.0
1,55,0.0,3.9974865913391113
1,56,0.0,3.401402711868286
1,57,0.0,4.144000053405762
1,58,0.0,0.0
1,59,0.0,3.4767985343933105
1,60,0.0,39.98432540893555
1,61,0.0,0.0
1,62,0.0,3.976806163787842
1,63,0.0,35.592105865478516
1,64,0.0,9.86086368560791
1,65,0.0,2.567593574523926
1,66,0.0,3.806781530380249
1,67,0.0,2.8599445819854736
1,68,0.0,18.76445198059082
1,69,0.0,0.0
1,70,0.0,28.183130264282227
1,71,0.0,4.037242412567139
1,72,0.0,2.14937162399292
1,73,0.0,5.642762660980225
1,74,0.0,9.340263366699219
1,75,0.0,21.821531295776367
1,76,0.0,11.13956069946289
1,77,0.0,2.4518110752105713
1,78,0.0,2.1199138164520264
1,79,0.0,10.521199226379395
1,80,0.0,0.0
1,81,0.0,51.19273376464844
1,82,0.0,4.54990291595459
1,83,0.0,80.08091735839844
1,84,0.0,24.786649703979492
1,85,0.0,9.569842338562012
1,86,0.0,6.551253318786621
1,87,0.0,4.0768723487854
1,88,0.0,7.82606315612793
1,89,0.0,0.0
1,90,0.0,0.0
1,91,0.0,4.329280853271484
1,92,0.0,3.299685001373291
1,93,0.0,0.0
1,94,0.0,27.115381240844727
1,95,0.0,4.302087783813477
1,96,0.0,9.5440673828125
1,97,0.0,3.5066471099853516
2,0,0.0,1278.065185546875
2,1,0.0,2.0796961784362793
2,2,0.0,3868.4384765625
2,3,0.0,11.035625457763672
2,4,0.0,158.8516082763672
2,5,0.0,3.6403911113739014
2,6,0.0,239.3177947998047
2,7,0.0,0.0
2,8,0.0,9.911704063415527
2,9,0.0,445.3035583496094
2,10,0.0,1179.8662109375
2,11,0.0,390.57867431640625
2,12,0.0,0.0
2,13,0.0,36.85664749145508
2,14,0.0,2.9493563175201416
2,15,0.0,1.0667073726654053
2,16,0.0,1386.6656494140625
2,17,0.0,257.6314392089844
2,18,0.0,0.9153514504432678
2,19,0.0,1.6586638689041138
2,20,0.0,256.93536376953125
2,21,0.0,0.0
2,22,0.0,0.7754303216934204
2,23,0.0,12.638622283935547
2,24,0.0,1.026363730430603
2,25,0.0,1.7352558374404907
2,26,0.0,0.9847153425216675
2,27,0.0,37.233619689941406
2,28,0.0,572.1224365234375
2,29,0.0,227.1027069091797
2,30,0.0,0.0
2,31,0.0,334.7513427734375
2,32,0.0,480.1019287109375
2,33,0.0,306.778564453125
2,34,0.0,534.21630859375
2,35,0.0,97.85064697265625
2,36,0.0,907.9430541992188
2,37,0.0,245.32598876953125
2,38,0.0,3648.94775390625
2,39,0.0,272.7667236328125
2,40,0.0,659.4208984375
2,41,0.0,1281.0213623046875
2,42,0.0,513.80029296875
2,43,0.0,1.206957221031189
2,44,0.0,183.39837646484375
2,45,0.0,1295.562255859375
2,46,0.0,834.34130859375
2,47,0.0,333.4051513671875
2,48,0.0,710.8687744140625
2,49,0.0,487.01568603515625
2,50,0.0,225.17893981933594
2,51,0.0,597.79833984375
2,52,0.0,409.62396240234375
2,53,0.0,623.6444091796875
2,54,0.0,100.5234603881836
2,55,0.0,440.2018127441406
2,56,0.0,384.1155090332031
2,57,0.0,319.083740234375
2,58,0.0,1.2385269403457642
2,59,0.0,876.519287109375
2,60,0.0,554.0541381835938
2,61,0.0,112.43084716796875
2,62,0.0,482.6710205078125
2,63,0.0,582.9266357421875
2,64,0.0,1801.6219482421875
2,65,0.0,293.0176696777344
2,66,0.0,475.50262451171875
2,67,0.0,1573.1357421875
2,68,0.0,628.0181274414062
2,69,0.0,168.99270629882812
2,70,0.0,2655.6416015625
2,71,0.0,237.59896850585938
2,72,0.0,219.62545776367188
2,73,0.0,589.0977172851562
2,74,0.0,870.778564453125
2,75,0.0,1203.39892578125
2,76,0.0,1131.43798828125
2,77,0.0,284.1728515625
2,78,0.0,217.76742553710938
2,79,0.0,2498.238525390625
2,80,0.0,1.2736778259277344
2,81,0.0,1115.01904296875
2,82,0.0,695.9017333984375
2,83,0.0,1432.03564453125
2,84,0.0,782.4730834960938
2,85,0.0,1428.6524658203125
2,86,0.0,858.154052734375
2,87,0.0,482.0249938964844
2,88,0.0,406.8484802246094
2,89,0.0,1.2408709526062012
2,90,0.0,1.440439224243164
2,91,0.0,1994.38037109375
2,92,0.0,527.2546997070312
2,93,0.0,3.210203170776367
2,94,0.0,810.33203125
2,95,0.0,396.3119201660156
2,96,0.0,545.3123168945312
2,97,0.0,795.0811767578125
3,0,0.0,40.94902038574219
3,1,0.0,2.6430423259735107
3,2,0.0,14.553462028503418
3,3,0.0,24.795400619506836
3,4,0.0,5.242190361022949
3,5,0.0,0.0
3,6,0.0,12.236961364746094
3,7,0.0,0.8825374841690063
3,8,0.0,0.0
3,9,0.0,50.008995056152344
3,10,0.0,37.265464782714844
3,11,0.0,25.085174560546875
3,12,0.0,0.0
3,13,0.0,2.416294574737549
3,14,0.0,0.0
3,15,0.0,0.0
3,16,0.0,32.107357025146484
3,17,0.0,113.86260986328125
3,18,0.0,0.0
3,19,0.0,1.026171326637268
3,20,0.0,8.801252365112305
3,21,0.0,0.0
3,22,0.0,0.8182547092437744
3,23,0.0,1.2203139066696167
3,24,0.0,0.0
3,25,0.0,0.0
3,26,0.0,0.0
3,27,0.0,1.4361248016357422
3,28,0.0,28.60458755493164
3,29,0.0,7.708676815032959
3,30,0.0,0.8353151679039001
3,31,0.0,20.98908233642578
3,32,0.0,32.50471878051758
3,33,0.0,42.80511474609375
3,34,0.0,125.09827423095703
3,35,0.0,1.4233869314193726
3,36,0.0,39.564186096191406
3,37,0.0,47.07963943481445
3,38,0.0,53.36868667602539
3,39,0.0,14.572996139526367
3,40,0.0,16.311798095703125
3,41,0.0,78.8147964477539
3,42,0.0,24.669326782226562
3,43,0.0,0.0
3,44,0.0,5.143527984619141
3,45,0.0,59.968955993652344
3,46,0.0,74.89752960205078
3,47,0.0,119.19574737548828
3,48,0.0,39.37497329711914
3,49,0.0,33.147491455078125
3,50,0.0,4.250850677490234
3,51,0.0,43.168426513671875
3,52,0.0,28.247333526611328
3,53,0.0,29.372365951538086
3,54,0.0,1.4954980611801147
3,55,0.0,25.568477630615234
3,56,0.0,23.605989456176758
3,57,0.0,45.12639236450195
3,58,0.0,0.0
3,59,0.0,20.94780921936035
3,60,0.0,140.1883087158203
3,61,0.0,2.3744351863861084
3,62,0.0,31.44457244873047
3,63,0.0,81.62299346923828
3,64,0.0,54.2861213684082
3,65,0.0,15.703577995300293
3,66,0.0,28.172151565551758
3,67,0.0,15.970805168151855
3,68,0.0,77.08446502685547
3,69,0.0,5.214791774749756
3,70,0.0,75.86056518554688
3,71,0.0,38.2413444519043
3,72,0.0,4.984344482421875
3,73,0.0,46.76871871948242
3,74,0.0,65.67252349853516
3,75,0.0,67.37664031982422
3,76,0.0,54.989349365234375
3,77,0.0,13.593289375305176
3,78,0.0,8.596148490905762
3,79,0.0,48.47124099731445
3,80,0.0,0.0
3,81,0.0,107.35321807861328
3,82,0.0,42.99946212768555
3,83,0.0,159.58473205566406
3,84,0.0,92.21379852294922
3,85,0.0,62.6373291015625
3,86,0.0,38.69127655029297
3,87,0.0,27.922409057617188
3,88,0.0,92.31047058105469
3,89,0.0,0.0
3,90,0.0,0.0
3,91,0.0,33.90378952026367
3,92,0.0,29.63160514831543
3,93,0.0,0.0
3,94,0.0,116.36904907226562
3,95,0.0,39.871002197265625
3,96,0.0,102.88357543945312
3,97,0.0,31.0142879486084
4,0,0.0,193.4398193359375
4,1,0.0,0.0
4,2,0.0,164.414306640625
4,3,0.0,4.87247896194458
4,4,0.0,882.0317993164062
4,5,0.0,4.9266037940979
4,6,0.0,674.6983642578125
4,7,0.0,0.0
4,8,0.0,0.0
4,9,0.0,424.5424499511719
4,10,0.0,213.5911407470703
4,11,0.0,112.1148681640625
4,12,0.0,0.0
4,13,0.0,0.0
4,14,0.0,0.0
4,15,0.0,1.4333730936050415
4,16,0.0,184.95985412597656
4,17,0.0,177.7936553955078
4,18,0.0,0.0
4,19,0.0,2.2508323192596436
4,20,0.0,263.8309326171875
4,21,0.0,0.0
4,22,0.0,0.8035799264907837
4,23,0.0,11.030101776123047
4,24,0.0,1.0664260387420654
4,25,0.0,0.0
4,26,0.0,0.9523250460624695
4,27,0.0,4.313611030578613
4,28,0.0,429.3234558105469
4,29,0.0,206.96664428710938
4,30,0.0,0.0
4,31,0.0,516.2357788085938
4,32,0.0,596.4110107421875
4,33,0.0,216.00901794433594
4,34,0.0,300.16455078125
4,35,0.0,12.82070255279541
4,36,0.0,248.2674560546875
4,37,0.0,164.67279052734375
4,38,0.0,318.2453308105469
4,39,0.0,293.88629150390625
4,40,0.0,136.12918090820312
4,41,0.0,687.3995361328125
4,42,0.0,376.4242248535156
4,43,0.0,0.0
4,44,0.0,417.4190673828125
4,45,0.0,430.9702453613281
4,46,0.0,378.9093322753906
4,47,0.0,156.0804901123047
4,48,0.0,452.72210693359375
4,49,0.0,813.330810546875
4,50,0.0,281.2334289550781
4,51,0.0,495.0882568359375
4,52,0.0,396.55255126953125
4,53,0.0,297.22509765625
4,54,0.0,51.74009704589844
4,55,0.0,402.3820495605469
4,56,0.0,476.4830322265625
4,57,0.0,225.2451934814453
4,58,0.0,1.2313740253448486
4,59,0.0,128.05616760253906
4,60,0.0,241.55551147460938
4,61,0.0,131.60818481445312
4,62,0.0,684.1571655273438
4,63,0.0,193.13137817382812
4,64,0.0,261.03387451171875
4,65,0.0,427.32403564453125
4,66,0.0,120.82966613769531
4,67,0.0,145.4109649658203
4,68,0.0,445.6768493652344
4,69,0.0,201.58126831054688
4,70,0.0,440.3625793457031
4,71,0.0,159.46688842773438
4,72,0.0,346.4930114746094
4,73,0.0,764.070068359375
4,74,0.0,491.2908935546875
4,75,0.0,641.6361083984375
4,76,0.0,600.3317260742188
4,77,0.0,393.8491516113281
4,78,0.0,742.8284301757812
4,79,0.0,280.2276916503906
4,80,0.0,0.0
4,81,0.0,323.2815246582031
4,82,0.0,499.3134765625
4,83,0.0,442.77069091796875
4,84,0.0,321.4165344238281
4,85,0.0,330.939208984375
4,86,0.0,188.68356323242188
4,87,0.0,507.90728759765625
4,88,0.0,276.401611328125
4,89,0.0,0.0
4,90,0.0,0.0
4,91,0.0,237.46316528320312
4,92,0.0,470.61328125
4,93,0.0,3.5546224117279053
4,94,0.0,510.1897888183594
4,95,0.0,308.0399169921875
4,96,0.0,378.82330322265625
4,97,0.0,268.1542663574219
5,0,0.0,7.973839282989502
5,1,0.0,0.0
5,2,0.0,4.24583625793457
5,3,0.0,0.0
5,4,0.0,4.579587459564209
5,5,0.0,8.618144989013672
5,6,0.0,25.995168685913086
5,7,0.0,0.0
5,8,0.0,2.677417039871216
5,9,0.0,18.980575561523438
5,10,0.0,8.21011734008789
5,11,0.0,0.0
5,12,0.0,0.0
5,13,0.0,0.0
5,14,0.0,0.0
5,15,0.0,0.9477030038833618
5,16,0.0,7.241549015045166
5,17,0.0,10.56495189666748
5,18,0.0,0.0
5,19,0.0,1.2349649667739868
5,20,0.0,5.9458088874816895
5,21,0.0,0.0
5,22,0.0,0.8739222288131714
5,23,0.0,1.391308307647705
5,24,0.0,0.0
5,25,0.0,0.0
5,26,0.0,0.0
5,27,0.0,0.0
5,28,0.0,18.077604293823242
5,29,0.0,9.07473373413086
5,30,0.0,0.0
5,31,0.0,24.144224166870117
5,32,0.0,57.759681701660156
5,33,0.0,39.454376220703125
5,34,0.0,28.45030403137207
5,35,0.0,1.2024177312850952
5,36,0.0,7.571924209594727
5,37,0.0,14.413846969604492
5,38,0.0,21.427350997924805
5,39,0.0,27.857580184936523
5,40,0.0,3.618459463119507
5,41,0.0,46.67227554321289
5,42,0.0,15.927742004394531
5,43,0.0,0.0
5,44,0.0,3.7934463024139404
5,45,0.0,29.253849029541016
5,46,0.0,24.955949783325195
5,47,0.0,6.070112705230713
5,48,0.0,24.578184127807617
5,49,0.0,45.654693603515625
5,50,0.0,3.2924230098724365
5,51,0.0,18.640316009521484
5,52,0.0,197.90338134765625
5,53,0.0,14.890602111816406
5,54,0.0,1.5746880769729614
5,55,0.0,45.476287841796875
5,56,0.0,102.7192153930664
5,57,0.0,44.0333366394043
5,58,0.0,0.0
5,59,0.0,3.640137195587158
5,60,0.0,8.701190948486328
5,61,0.0,3.1270534992218018
5,62,0.0,74.85602569580078
5,63,0.0,9.482806205749512
5,64,0.0,12.26873779296875
5,65,0.0,11.475725173950195
5,66,0.0,3.6060426235198975
5,67,0.0,4.433979511260986
5,68,0.0,93.17994689941406
5,69,0.0,5.343348979949951
5,70,0.0,41.67771911621094
5,71,0.0,11.099331855773926
5,72,0.0,3.3429412841796875
5,73,0.0,191.8802490234375
5,74,0.0,25.92458152770996
5,75,0.0,44.3137092590332
5,76,0.0,37.822784423828125
5,77,0.0,18.525529861450195
5,78,0.0,7.593952655792236
5,79,0.0,12.264296531677246
5,80,0.0,0.0
5,81,0.0,13.974811553955078
5,82,0.0,28.914566040039062
5,83,0.0,35.70694351196289
5,84,0.0,12.128427505493164
5,85,0.0,11.854022979736328
5,86,0.0,7.891121864318848
5,87,0.0,54.82699966430664
5,88,0.0,14.078712463378906
5,89,0.0,0.0
5,90,0.0,0.0
5,91,0.0,8.246265411376953
5,92,0.0,23.78291130065918
5,93,0.0,1.7266148328781128
5,94,0.0,40.002166748046875
5,95,0.0,93.82695007324219
5,96,0.0,44.09957504272461
5,97,0.0,10.009058952331543
6,0,0.0,303.27252197265625
6,1,0.0,2.1342196464538574
6,2,0.0,267.9916076660156
6,3,0.0,9.450471878051758
6,4,0.0,698.6092529296875
6,5,0.0,23.91880226135254
6,6,0.0,2835.798828125
6,7,0.0,0.0
6,8,0.0,37.68452072143555
6,9,0.0,599.8506469726562
6,10,0.0,327.50445556640625
6,11,0.0,173.06903076171875
6,12,0.0,1.449265956878662
6,13,0.0,70.17567443847656
6,14,0.0,1.6597728729248047
6,15,0.0,1.7486448287963867
6,16,0.0,317.5389709472656
6,17,0.0,274.0234069824219
6,18,0.0,0.0
6,19,0.0,3.300232410430908
6,20,0.0,371.3835754394531
6,21,0.0,0.0
6,22,0.0,0.9210019111633301
6,23,0.0,51.09355926513672
6,24,0.0,0.958092987537384
6,25,0.0,0.0
6,26,0.0,1.0045461654663086
6,27,0.0,8.418843269348145
6,28,0.0,570.588623046875
6,29,0.0,410.024658203125
6,30,0.0,0.876497745513916
6,31,0.0,827.3909301757812
6,32,0.0,1289.1253662109375
6,33,0.0,410.4002685546875
6,34,0.0,519.728271484375
6,35,0.0,30.69548225402832
6,36,0.0,376.3854064941406
6,37,0.0,286.54931640625
6,38,0.0,488.0230712890625
6,39,0.0,565.320068359375
6,40,0.0,198.50421142578125
6,41,0.0,851.5243530273438
6,42,0.0,529.8088989257812
6,43,0.0,1.4472239017486572
6,44,0.0,408.2122802734375
6,45,0.0,624.8720703125
6,46,0.0,543.0369873046875
6,47,0.0,236.95150756835938
6,48,0.0,619.50537109375
6,49,0.0,1597.657958984375
6,50,0.0,281.5080261230469
6,51,0.0,644.05615234375
6,52,0.0,878.103271484375
6,53,0.0,377.5444030761719
6,54,0.0,77.55487060546875
6,55,0.0,785.5364379882812
6,56,0.0,1231.942138671875
6,57,0.0,431.92474365234375
6,58,0.0,1.5712536573410034
6,59,0.0,204.58187866210938
6,60,0.0,396.4562683105469
6,61,0.0,211.26792907714844
6,62,0.0,1949.4097900390625
6,63,0.0,319.44873046875
6,64,0.0,406.8913269042969
6,65,0.0,568.8025512695312
6,66,0.0,181.87591552734375
6,67,0.0,234.87867736816406
6,68,0.0,833.6944580078125
6,69,0.0,397.37518310546875
6,70,0.0,793.1265869140625
6,71,0.0,263.1007080078125
6,72,0.0,347.4635009765625
6,73,0.0,2228.80859375
6,74,0.0,679.31591796875
6,75,0.0,880.8272094726562
6,76,0.0,887.3228149414062
6,77,0.0,676.4429931640625
6,78,0.0,910.2320556640625
6,79,0.0,424.859130859375
6,80,0.0,1.6781858205795288
6,81,0.0,509.26239013671875
6,82,0.0,631.5592651367188
6,83,0.0,767.0118408203125
6,84,0.0,493.2335205078125
6,85,0.0,520.3490600585938
6,86,0.0,306.4420166015625
6,87,0.0,1096.0418701171875
6,88,0.0,468.41229248046875
6,89,0.0,1.6225873231887817
6,90,0.0,2.0671517848968506
6,91,0.0,364.9910888671875
6,92,0.0,639.8936767578125
6,93,0.0,6.9864630699157715
6,94,0.0,788.265380859375
6,95,0.0,617.5516967773438
6,96,0.0,676.5744018554688
6,97,0.0,396.04022216796875
7,0,0.0,1.2066137790679932
7,1,0.0,0.0
7,2,0.0,1.2117422819137573
7,3,0.0,1.4190353155136108
7,4,0.0,0.0
7,5,0.0,0.0
7,6,0.0,1.058018684387207
7,7,0.0,1.3576467037200928
7,8,0.0,0.0
7,9,0.0,1.146315574645996
7,10,0.0,1.1824684143066406
7,11,0.0,0.0
7,12,0.0,0.0
7,13,0.0,0.0
7,14,0.0,0.0
7,15,0.0,0.0
7,16,0.0,1.097514033317566
7,17,0.0,1.7399804592132568
7,18,0.0,0.0
7,19,0.0,0.0
7,20,0.0,0.0
7,21,0.0,0.0
7,22,0.0,0.0
7,23,0.0,0.0
7,24,0.0,0.0
7,25,0.0,0.0
7,26,0.0,0.0
7,27,0.0,0.0
7,28,0.0,1.1590471267700195
7,29,0.0,0.0
7,30,0.0,1.217026710510254
7,31,0.0,1.0412448644638062
7,32,0.0,1.1655350923538208
7,33,0.0,1.3500478267669678
7,34,0.0,2.002715587615967
7,35,0.0,0.0
7,36,0.0,1.0890767574310303
7,37,0.0,1.6575629711151123
7,38,0.0,1.278503656387329
7,39,0.0,0.0
7,40,0.0,0.0
7,41,0.0,1.5482988357543945
7,42,0.0,1.0830518007278442
7,43,0.0,0.0
7,44,0.0,0.0
7,45,0.0,1.2909822463989258
7,46,0.0,1.1655042171478271
7,47,0.0,1.3057329654693604
7,48,0.0,1.1718075275421143
7,49,0.0,1.1987518072128296
7,50,0.0,0.0
7,51,0.0,1.0911405086517334
7,52,0.0,1.266016960144043
7,53,0.0,0.0
7,54,0.0,0.0
7,55,0.0,1.140511155128479
7,56,0.0,1.093928337097168
7,57,0.0,1.583564043045044
7,58,0.0,0.0
7,59,0.0,1.166410207748413
7,60,0.0,1.2645419836044312
7,61,0.0,0.0
7,62,0.0,1.2079640626907349
7,63,0.0,1.4075562953948975
7,64,0.0,1.2677921056747437
7,65,0.0,1.116942286491394
7,66,0.0,0.0
7,67,0.0,1.2007192373275757
7,68,0.0,1.456186056137085
7,69,0.0,0.0
7,70,0.0,1.5315814018249512
7,71,0.0,1.7265030145645142
7,72,0.0,0.0
7,73,0.0,1.3322025537490845
7,74,0.0,1.3110259771347046
7,75,0.0,1.5034728050231934
7,76,0.0,1.3319202661514282
7,77,0.0,1.1038413047790527
7,78,0.0,0.0
7,79,0.0,1.200096845626831
7,80,0.0,0.0
7,81,0.0,1.425624966621399
7,82,0.0,1.2111424207687378
7,83,0.0,1.8651394844055176
7,84,0.0,1.2072687149047852
7,85,0.0,1.3061542510986328
7,86,0.0,1.2087178230285645
7,87,0.0,1.1544935703277588
7,88,0.0,1.2902175188064575
7,89,0.0,0.0
7,90,0.0,0.0
7,91,0.0,1.14595365524292
7,92,0.0,1.125096321105957
7,93,0.0,0.0
7,94,0.0,1.2731876373291016
7,95,0.0,1.203705072402954
7,96,0.0,1.4635298252105713
7,97,0.0,1.1502106189727783
8,0,0.0,26.99659538269043
8,1,0.0,0.0
8,2,0.0,7.917046070098877
8,3,0.0,0.0
8,4,0.0,0.0
8,5,0.0,2.9624576568603516
8,6,0.0,39.102569580078125
8,7,0.0,0.0
8,8,0.0,35.07728958129883
8,9,0.0,49.68718338012695
8,10,0.0,24.756183624267578
8,11,0.0,0.0
8,12,0.0,0.0
8,13,0.0,5.109130859375
8,14,0.0,0.0
8,15,0.0,0.0
8,16,0.0,17.285917282104492
8,17,0.0,37.75062942504883
8,18,0.0,0.0
8,19,0.0,0.0
8,20,0.0,0.0
8,21,0.0,0.0
8,22,0.0,0.8825035691261292
8,23,0.0,0.0
8,24,0.0,0.0
8,25,0.0,0.0
8,26,0.0,0.0
8,27,0.0,0.0
8,28,0.0,38.96292495727539
8,29,0.0,21.601041793823242
8,30,0.0,0.0
8,31,0.0,39.119049072265625
8,32,0.0,66.2757339477539
8,33,0.0,123.45237731933594
8,34,0.0,93.68656921386719
8,35,0.0,0.0
8,36,0.0,27.936508178710938
8,37,0.0,66.76366424560547
8,38,0.0,46.32541275024414
8,39,0.0,29.45584487915039
8,40,0.0,10.567405700683594
8,41,0.0,73.61380004882812
8,42,0.0,32.14375305175781
8,43,0.0,0.0
8,44,0.0,6.474956512451172
8,45,0.0,54.58019256591797
8,46,0.0,51.967491149902344
8,47,0.0,24.471431732177734
8,48,0.0,45.86954116821289
8,49,0.0,61.06782150268555
8,50,0.0,5.157567024230957
8,51,0.0,44.63963317871094
8,52,0.0,124.9773178100586
8,53,0.0,34.494964599609375
8,54,0.0,0.0
8,55,0.0,54.96501922607422
8,56,0.0,84.26310729980469
8,57,0.0,124.3104019165039
8,58,0.0,0.0
8,59,0.0,10.803997993469238
8,60,0.0,40.938621520996094
8,61,0.0,0.0
8,62,0.0,75.371826171875
8,63,0.0,30.26935577392578
8,64,0.0,35.97604751586914
8,65,0.0,26.227134704589844
8,66,0.0,9.06816577911377
8,67,0.0,13.357551574707031
8,68,0.0,326.20013427734375
8,69,0.0,0.0
8,70,0.0,66.59017944335938
8,71,0.0,48.80206298828125
8,72,0.0,0.0
8,73,0.0,131.64801025390625
8,74,0.0,60.52976608276367
8,75,0.0,72.73831939697266
8,76,0.0,57.52090072631836
8,77,0.0,29.554508209228516
8,78,0.0,21.285390853881836
8,79,0.0,35.40476608276367
8,80,0.0,0.0
8,81,0.0,47.31444549560547
8,82,0.0,48.63185119628906
8,83,0.0,76.08285522460938
8,84,0.0,46.13166427612305
8,85,0.0,41.41472625732422
8,86,0.0,23.1964054107666
8,87,0.0,63.69227981567383
8,88,0.0,56.63979721069336
8,89,0.0,0.0
8,90,0.0,0.0
8,91,0.0,28.139257431030273
8,92,0.0,35.52758026123047
8,93,0.0,2.900391101837158
8,94,0.0,84.0521469116211
8,95,0.0,230.8290557861328
8,96,0.0,126.11196899414062
8,97,0.0,28.83143424987793
9,0,0.0,591.0799560546875
9,1,0.0,3.7412400245666504
9,2,0.0,462.05242919921875
9,3,0.0,51.56243133544922
9,4,0.0,432.2950134277344
9,5,0.0,18.192989349365234
9,6,0.0,617.3717041015625
9,7,0.0,0.8765367269515991
9,8,0.0,48.525814056396484
9,9,0.0,5016.29296875
9,10,0.0,609.0908813476562
9,11,0.0,324.3375244140625
9,12,0.0,1.4293794631958008
9,13,0.0,117.18003845214844
9,14,0.0,2.3526620864868164
9,15,0.0,1.4745206832885742
9,16,0.0,523.826904296875
9,17,0.0,573.0579833984375
9,18,0.0,0.8517755270004272
9,19,0.0,3.7476816177368164
9,20,0.0,410.1480407714844
9,21,0.0,0.0
9,22,0.0,1.0410261154174805
9,23,0.0,49.59410095214844
9,24,0.0,1.0474317073822021
9,25,0.0,1.6592341661453247
9,26,0.0,1.009641170501709
9,27,0.0,33.23411560058594
9,28,0.0,829.6746826171875
9,29,0.0,366.41583251953125
9,30,0.0,0.8304898142814636
9,31,0.0,642.4893798828125
9,32,0.0,959.012939453125
9,33,0.0,565.421875
9,34,0.0,893.334716796875
9,35,0.0,73.29981994628906
9,36,0.0,918.847900390625
9,37,0.0,443.6820068359375
9,38,0.0,1033.2877197265625
9,39,0.0,462.55975341796875
9,40,0.0,357.84027099609375
9,41,0.0,2201.474609375
9,42,0.0,780.80126953125
9,43,0.0,1.3591501712799072
9,44,0.0,442.5292053222656
9,45,0.0,1560.4925537109375
9,46,0.0,1880.534912109375
9,47,0.0,468.3975830078125
9,48,0.0,973.4379272460938
9,49,0.0,921.3014526367188
9,50,0.0,412.3246765136719
9,51,0.0,1763.62744140625
9,52,0.0,733.2391967773438
9,53,0.0,672.035400390625
9,54,0.0,112.31478881835938
9,55,0.0,691.3263549804688
9,56,0.0,725.5548095703125
9,57,0.0,582.638427734375
9,58,0.0,1.4977959394454956
9,59,0.0,383.38037109375
9,60,0.0,950.509765625
9,61,0.0,181.48605346679688
9,62,0.0,919.9410400390625
9,63,0.0,639.7255859375
9,64,0.0,898.431884765625
9,65,0.0,549.038330078125
9,66,0.0,379.17889404296875
9,67,0.0,421.96807861328125
9,68,0.0,1128.248779296875
9,69,0.0,315.8843078613281
9,70,0.0,1714.49560546875
9,71,0.0,414.09326171875
9,72,0.0,720.8358154296875
9,73,0.0,1228.6796875
9,74,0.0,2513.678466796875
9,75,0.0,1732.1396484375
9,76,0.0,1430.2437744140625
9,77,0.0,517.0025024414062
9,78,0.0,481.79278564453125
9,79,0.0,916.6488037109375
9,80,0.0,1.5319701433181763
9,81,0.0,1066.697998046875
9,82,0.0,1326.7705078125
9,83,0.0,1764.312744140625
9,84,0.0,1379.5418701171875
9,85,0.0,1270.3330078125
9,86,0.0,569.5269775390625
9,87,0.0,804.5735473632812
9,88,0.0,1225.3336181640625
9,89,0.0,1.48899507522583
9,90,0.0,1.9430522918701172
9,91,0.0,702.229248046875
9,92,0.0,792.208251953125
9,93,0.0,10.854781150817871
9,94,0.0,3160.2158203125
9,95,0.0,692.0671997070312
9,96,0.0,1199.756591796875
9,97,0.0,719.9013671875
10,0,0.0,5350.349609375
10,1,0.0,3.8912460803985596
10,2,0.0,1359.8311767578125
10,3,0.0,43.997337341308594
10,4,0.0,211.99862670898438
10,5,0.0,7.4054107666015625
10,6,0.0,370.2746887207031
10,7,0.0,0.8496849536895752
10,8,0.0,27.123455047607422
10,9,0.0,607.2845458984375
10,10,0.0,10330.0498046875
10,11,0.0,1011.56982421875
10,12,0.0,1.3072999715805054
10,13,0.0,78.70777130126953
10,14,0.0,4.8296098709106445
10,15,0.0,1.223949909210205
10,16,0.0,3733.74560546875
10,17,0.0,446.7293701171875
10,18,0.0,1.0054014921188354
10,19,0.0,2.7243244647979736
10,20,0.0,337.4685974121094
10,21,0.0,0.0
10,22,0.0,0.867170512676239
10,23,0.0,33.53971862792969
10,24,0.0,1.0455400943756104
10,25,0.0,3.050196647644043
10,26,0.0,1.0666390657424927
10,27,0.0,215.2953643798828
10,28,0.0,710.4436645507812
10,29,0.0,322.1786193847656
10,30,0.0,0.8067865967750549
10,31,0.0,455.753173828125
10,32,0.0,697.7798461914062
10,33,0.0,545.71044921875
10,34,0.0,798.1356201171875
10,35,0.0,256.0517883300781
10,36,0.0,949.33056640625
10,37,0.0,401.27947998046875
10,38,0.0,2071.064208984375
10,39,0.0,388.4815368652344
10,40,0.0,2687.415283203125
10,41,0.0,1501.832275390625
10,42,0.0,733.0607299804688
10,43,0.0,1.2794251441955566
10,44,0.0,249.31198120117188
10,45,0.0,1413.0997314453125
10,46,0.0,1149.7215576171875
10,47,0.0,684.8704833984375
10,48,0.0,873.0877685546875
10,49,0.0,748.6569213867188
10,50,0.0,232.66299438476562
10,51,0.0,729.84033203125
10,52,0.0,618.0055541992188
10,53,0.0,688.6166381835938
10,54,0.0,115.49324035644531
10,55,0.0,649.29541015625
10,56,0.0,500.4285583496094
10,57,0.0,641.089111328125
10,58,0.0,1.3418450355529785
10,59,0.0,1857.5506591796875
10,60,0.0,879.3079833984375
10,61,0.0,145.6343994140625
10,62,0.0,693.5425415039062
10,63,0.0,1331.937744140625
10,64,0.0,2050.203369140625
10,65,0.0,383.136474609375
10,66,0.0,1595.57421875
10,67,0.0,1943.3173828125
10,68,0.0,1017.851806640625
10,69,0.0,250.8260498046875
10,70,0.0,2106.27001953125
10,71,0.0,435.23773193359375
10,72,0.0,265.27069091796875
10,73,0.0,871.0675048828125
10,74,0.0,1115.67236328125
10,75,0.0,1371.3228759765625
10,76,0.0,1350.85595703125
10,77,0.0,422.7655334472656
10,78,0.0,311.5585632324219
10,79,0.0,6541.04248046875
10,80,0.0,1.3750972747802734
10,81,0.0,2246.239013671875
10,82,0.0,854.6375122070312
10,83,0.0,2568.563232421875
10,84,0.0,1126.7041015625
10,85,0.0,1733.9893798828125
10,86,0.0,4751.45947265625
10,87,0.0,629.6317749023438
10,88,0.0,669.3224487304688
10,89,0.0,1.361918330192566
10,90,0.0,1.5371062755584717
10,91,0.0,1197.658203125
10,92,0.0,744.8369140625
10,93,0.0,6.415898323059082
10,94,0.0,1200.207763671875
10,95,0.0,561.6246337890625
10,96,0.0,943.5277709960938
10,97,0.0,972.831787109375
11,0,0.0,886.0261840820312
11,1,0.0,4.020817756652832
11,2,0.0,383.1412658691406
11,3,0.0,26.134262084960938
11,4,0.0,121.231689453125
11,5,0.0,3.1067678928375244
11,6,0.0,184.34451293945312
11,7,0.0,0.0
11,8,0.0,0.0
11,9,0.0,336.65203857421875
11,10,0.0,1068.8084716796875
11,11,0.0,2211.7060546875
11,12,0.0,0.0
11,13,0.0,0.0
11,14,0.0,3.5670230388641357
11,15,0.0,0.0
11,16,0.0,698.306396484375
11,17,0.0,258.0517578125
11,18,0.0,0.0
11,19,0.0,0.0
11,20,0.0,163.16371154785156
11,21,0.0,0.0
11,22,0.0,0.8516332507133484
11,23,0.0,6.409764289855957
11,24,0.0,0.0
11,25,0.0,0.0
11,26,0.0,0.0
11,27,0.0,64.54387664794922
11,28,0.0,301.32843017578125
11,29,0.0,164.3152618408203
11,30,0.0,0.0
11,31,0.0,216.92459106445312
11,32,0.0,307.9600830078125
11,33,0.0,280.2342529296875
11,34,0.0,486.8866271972656
11,35,0.0,95.62572479248047
11,36,0.0,457.5938720703125
11,37,0.0,243.3681182861328
11,38,0.0,888.7651977539062
11,39,0.0,195.1148223876953
11,40,0.0,659.900634765625
11,41,0.0,690.8506469726562
11,42,0.0,292.9881286621094
11,43,0.0,0.0
11,44,0.0,130.6435546875
11,45,0.0,578.7503051757812
11,46,0.0,546.4225463867188
11,47,0.0,492.5439453125
11,48,0.0,351.4090881347656
11,49,0.0,289.03375244140625
11,50,0.0,125.29725646972656
11,51,0.0,363.99383544921875
11,52,0.0,277.1424865722656
11,53,0.0,290.5063171386719
11,54,0.0,49.9493522644043
11,55,0.0,278.3464660644531
11,56,0.0,259.7718505859375
11,57,0.0,292.53582763671875
11,58,0.0,1.1273773908615112
11,59,0.0,594.9159545898438
11,60,0.0,574.848388671875
11,61,0.0,76.85388946533203
11,62,0.0,313.90557861328125
11,63,0.0,1570.88818359375
11,64,0.0,791.4559326171875
11,65,0.0,197.8717498779297
11,66,0.0,1295.013916015625
11,67,0.0,430.82666015625
11,68,0.0,485.20721435546875
11,69,0.0,119.1860580444336
11,70,0.0,979.8226318359375
11,71,0.0,234.11468505859375
11,72,0.0,141.76268005371094
11,73,0.0,392.574462890625
11,74,0.0,559.4964599609375
11,75,0.0,615.2573852539062
11,76,0.0,583.5971069335938
11,77,0.0,197.09249877929688
11,78,0.0,165.7501678466797
11,79,0.0,1006.1441650390625
11,80,0.0,0.0
11,81,0.0,2241.25439453125
11,82,0.0,355.5013732910156
11,83,0.0,1877.546875
11,84,0.0,651.8959350585938
11,85,0.0,761.4918212890625
11,86,0.0,1498.3126220703125
11,87,0.0,309.1152648925781
11,88,0.0,359.15545654296875
11,89,0.0,0.0
11,90,0.0,0.0
11,91,0.0,471.9516906738281
11,92,0.0,289.721435546875
11,93,0.0,2.808464765548706
11,94,0.0,591.498291015625
11,95,0.0,303.51556396484375
11,96,0.0,440.8543701171875
11,97,0.0,349.5424499511719
12,0,0.0,0.0
12,1,0.0,0.0
12,2,0.0,0.0
12,3,0.0,0.0
12,4,0.0,0.0
12,5,0.0,0.0
12,6,0.0,1.8040601015090942
12,7,0.0,0.0
12,8,0.0,0.0
12,9,0.0,1.9849544763565063
12,10,0.0,1.6878513097763062
12,11,0.0,0.0
12,12,0.0,1.8902745246887207
12,13,0.0,0.0
12,14,0.0,0.0
12,15,0.0,0.0
12,16,0.0,1.5239397287368774
12,17,0.0,0.0
12,18,0.0,0.0
12,19,0.0,0.0
12,20,0.0,1.9929072856903076
12,21,0.0,0.0
12,22,0.0,0.0
12,23,0.0,1.0642071962356567
12,24,0.0,0.8678203821182251
12,25,0.0,0.0
12,26,0.0,0.0
12,27,0.0,0.0
12,28,0.0,2.080198049545288
12,29,0.0,4.14055061340332
12,30,0.0,0.0
12,31,0.0,2.2497918605804443
12,32,0.0,3.1823151111602783
12,33,0.0,1.787546157836914
12,34,0.0,1.860981822013855
12,35,0.0,0.0
12,36,0.0,0.0
12,37,0.0,0.0
12,38,0.0,0.0
12,39,0.0,2.880187511444092
12,40,0.0,1.387630581855774
12,41,0.0,2.241999387741089
12,42,0.0,2.002350330352783
12,43,0.0,0.0
12,44,0.0,0.0
12,45,0.0,2.1512956619262695
12,46,0.0,0.0
12,47,0.0,0.0
12,48,0.0,1.9634506702423096
12,49,0.0,2.5361857414245605
12,50,0.0,0.0
12,51,0.0,1.9737799167633057
12,52,0.0,2.431734800338745
12,53,0.0,1.7810606956481934
12,54,0.0,0.0
12,55,0.0,4.720924377441406
12,56,0.0,2.3308310508728027
12,57,0.0,1.8918462991714478
12,58,0.0,1.0547723770141602
12,59,0.0,0.0
12,60,0.0,0.0
12,61,0.0,1.5590142011642456
12,62,0.0,2.6272313594818115
12,63,0.0,1.6445647478103638
12,64,0.0,0.0
12,65,0.0,1.9895793199539185
12,66,0.0,0.0
12,67,0.0,0.0
12,68,0.0,2.440737724304199
12,69,0.0,0.0
12,70,0.0,0.0
12,71,0.0,0.0
12,72,0.0,0.0
12,73,0.0,2.898324728012085
12,74,0.0,2.1798095703125
12,75,0.0,2.357241153717041
12,76,0.0,2.3069255352020264
12,77,0.0,2.388421058654785
12,78,0.0,0.0
12,79,0.0,1.900928258895874
12,80,0.0,1.4401559829711914
12,81,0.0,0.0
12,82,0.0,1.8770508766174316
12,83,0.0,3.0286335945129395
12,84,0.0,0.0
12,85,0.0,1.9691452980041504
12,86,0.0,0.0
12,87,0.0,3.981172800064087
12,88,0.0,0.0
12,89,0.0,1.2675917148590088
12,90,0.0,1.296216607093811
12,91,0.0,0.0
12,92,0.0,2.0577392578125
12,93,0.0,0.0
12,94,0.0,1.9970296621322632
12,95,0.0,2.111314296722412
12,96,0.0,1.9641077518463135
12,97,0.0,1.8438737392425537
13,0,0.0,67.40425109863281
13,1,0.0,0.0
13,2,0.0,37.111141204833984
13,3,0.0,2.5998353958129883
13,4,0.0,28.32716178894043
13,5,0.0,2.222748041152954
13,6,0.0,69.82401275634766
13,7,0.0,0.0
13,8,0.0,6.4314751625061035
13,9,0.0,106.58617401123047
13,10,0.0,75.63215637207031
13,11,0.0,0.0
13,12,0.0,0.0
13,13,0.0,110.32833862304688
13,14,0.0,0.0
13,15,0.0,0.0
13,16,0.0,64.10613250732422
13,17,0.0,140.22451782226562
13,18,0.0,0.0
13,19,0.0,0.0
13,20,0.0,0.0
13,21,0.0,0.0
13,22,0.0,0.8763085007667542
13,23,0.0,0.0
13,24,0.0,0.0
13,25,0.0,0.0
13,26,0.0,0.0
13,27,0.0,0.0
13,28,0.0,75.88299560546875
13,29,0.0,45.77983474731445
13,30,0.0,0.0
13,31,0.0,70.9526138305664
13,32,0.0,105.2642822265625
13,33,0.0,265.96990966796875
13,34,0.0,311.4291076660156
13,35,0.0,0.0
13,36,0.0,73.35107421875
13,37,0.0,256.89691162109375
13,38,0.0,105.44025421142578
13,39,0.0,68.69239044189453
13,40,0.0,38.2034912109375
13,41,0.0,145.58132934570312
13,42,0.0,72.5016098022461
13,43,0.0,0.0
13,44,0.0,27.30805015563965
13,45,0.0,117.41728210449219
13,46,0.0,124.56240844726562
13,47,0.0,82.78514099121094
13,48,0.0,89.34931182861328
13,49,0.0,102.3926773071289
13,50,0.0,24.38718032836914
13,51,0.0,102.67388153076172
13,52,0.0,138.5016632080078
13,53,0.0,69.9560546875
13,54,0.0,0.0
13,55,0.0,99.30097198486328
13,56,0.0,122.18830871582031
13,57,0.0,231.11483764648438
13,58,0.0,0.0
13,59,0.0,40.81945037841797
13,60,0.0,111.19048309326172
13,61,0.0,10.293449401855469
13,62,0.0,120.79841613769531
13,63,0.0,90.38329315185547
13,64,0.0,81.88567352294922
13,65,0.0,55.1724739074707
13,66,0.0,41.36684799194336
13,67,0.0,41.9034538269043
13,68,0.0,547.2041015625
13,69,0.0,0.0
13,70,0.0,143.80361938476562
13,71,0.0,169.5926513671875
13,72,0.0,27.473751068115234
13,73,0.0,161.2229461669922
13,74,0.0,117.7642593383789
13,75,0.0,133.99612426757812
13,76,0.0,117.35185241699219
13,77,0.0,60.94918441772461
13,78,0.0,47.231624603271484
13,79,0.0,89.87742614746094
13,80,0.0,0.0
13,81,0.0,118.5204086303711
13,82,0.0,95.80062103271484
13,83,0.0,153.0503387451172
13,84,0.0,115.51834106445312
13,85,0.0,101.14031982421875
13,86,0.0,72.75654602050781
13,87,0.0,102.46122741699219
13,88,0.0,152.80775451660156
13,89,0.0,0.0
13,90,0.0,0.0
13,91,0.0,66.30653381347656
13,92,0.0,77.19175720214844
13,93,0.0,2.421522855758667
13,94,0.0,172.34182739257812
13,95,0.0,204.84205627441406
13,96,0.0,388.6905822753906
13,97,0.0,68.06644439697266
14,0,0.0,14.14821720123291
14,1,0.0,0.0
14,2,0.0,3.2532565593719482
14,3,0.0,0.0
14,4,0.0,0.0
14,5,0.0,0.0
14,6,0.0,1.9026262760162354
14,7,0.0,0.0
14,8,0.0,0.0
14,9,0.0,2.98769211769104
14,10,0.0,6.504486560821533
14,11,0.0,4.20921516418457
14,12,0.0,0.0
14,13,0.0,0.0
14,14,0.0,2.011216640472412
14,15,0.0,0.0
14,16,0.0,3.825460910797119
14,17,0.0,2.448308229446411
14,18,0.0,0.0
14,19,0.0,0.0
14,20,0.0,1.9322859048843384
14,21,0.0,0.0
14,22,0.0,0.7743197679519653
14,23,0.0,0.0
14,24,0.0,0.0
14,25,0.0,0.0
14,26,0.0,0.0
14,27,0.0,1.1170315742492676
14,28,0.0,2.5454514026641846
14,29,0.0,1.7119964361190796
14,30,0.0,0.0
14,31,0.0,2.2830350399017334
14,32,0.0,2.1030232906341553
14,33,0.0,2.275639533996582
14,34,0.0,2.8324432373046875
14,35,0.0,1.1012115478515625
14,36,0.0,4.669476509094238
14,37,0.0,2.1069066524505615
14,38,0.0,20.034404754638672
14,39,0.0,1.7305716276168823
14,40,0.0,3.222205638885498
14,41,0.0,9.495054244995117
14,42,0.0,2.1547586917877197
14,43,0.0,0.0
14,44,0.0,1.8872101306915283
14,45,0.0,5.828853607177734
14,46,0.0,4.63511848449707
14,47,0.0,3.146275043487549
14,48,0.0,2.858293294906616
14,49,0.0,2.4769763946533203
14,50,0.0,1.9452711343765259
14,51,0.0,3.1983306407928467
14,52,0.0,2.0440008640289307
14,53,0.0,2.4038164615631104
14,54,0.0,1.1378225088119507
14,55,0.0,2.2180962562561035
14,56,0.0,1.9805107116699219
14,57,0.0,2.3352558612823486
14,58,0.0,0.0
14,59,0.0,21.71843147277832
14,60,0.0,3.665306329727173
14,61,0.0,0.0
14,62,0.0,2.275930404663086
14,63,0.0,5.004283905029297
14,64,0.0,36.409542083740234
14,65,0.0,2.074506998062134
14,66,0.0,8.312875747680664
14,67,0.0,3.723099708557129
14,68,0.0,3.0633764266967773
14,69,0.0,0.0
14,70,0.0,24.423717498779297
14,71,0.0,1.9598708152770996
14,72,0.0,1.9439802169799805
14,73,0.0,3.0143697261810303
14,74,0.0,5.575233459472656
14,75,0.0,5.663463592529297
14,76,0.0,4.544773578643799
14,77,0.0,1.9128206968307495
14,78,0.0,1.8270145654678345
14,79,0.0,9.345511436462402
14,80,0.0,0.0
14,81,0.0,12.658069610595703
14,82,0.0,3.140166759490967
14,83,0.0,40.3144645690918
14,84,0.0,5.764585018157959
14,85,0.0,12.452786445617676
14,86,0.0,5.960369110107422
14,87,0.0,2.281160354614258
14,88,0.0,2.82425856590271
14,89,0.0,0.0
14,90,0.0,0.0
14,91,0.0,4.334819793701172
14,92,0.0,2.23921537399292
14,93,0.0,0.0
14,94,0.0,4.391951084136963
14,95,0.0,2.1047205924987793
14,96,0.0,3.010448932647705
14,97,0.0,3.339003086090088
15,0,0.0,1.5960301160812378
15,1,0.0,0.0
15,2,0.0,1.4488987922668457
15,3,0.0,1.0164202451705933
15,4,0.0,1.5540229082107544
15,5,0.0,1.1723170280456543
15,6,0.0,2.5268800258636475
15,7,0.0,0.0
15,8,0.0,0.0
15,9,0.0,2.010477304458618
15,10,0.0,1.5607436895370483
15,11,0.0,0.0
15,12,0.0,0.0
15,13,0.0,0.0
15,14,0.0,0.0
15,15,0.0,1.3621532917022705
15,16,0.0,1.4780656099319458
15,17,0.0,1.5196518898010254
15,18,0.0,0.0
15,19,0.0,1.0506770610809326
15,20,0.0,1.699682593345642
15,21,0.0,0.0
15,22,0.0,0.8082056045532227
15,23,0.0,1.2780283689498901
15,24,0.0,0.0
15,25,0.0,0.0
15,26,0.0,0.0
15,27,0.0,0.0
15,28,0.0,2.177326202392578
15,29,0.0,3.1998491287231445
15,30,0.0,0.0
15,31,0.0,2.843120574951172
15,32,0.0,17.22223472595215
15,33,0.0,1.7041301727294922
15,34,0.0,1.9143990278244019
15,35,0.0,1.0010639429092407
15,36,0.0,1.6364353895187378
15,37,0.0,1.5961638689041138
15,38,0.0,1.771162986755371
15,39,0.0,3.5449233055114746
15,40,0.0,1.3487234115600586
15,41,0.0,2.3349685668945312
15,42,0.0,1.9881278276443481
15,43,0.0,0.9541468620300293
15,44,0.0,1.6425875425338745
15,45,0.0,2.214130401611328
15,46,0.0,1.9381775856018066
15,47,0.0,1.4226468801498413
15,48,0.0,2.0074689388275146
15,49,0.0,4.13490104675293
15,50,0.0,1.3294316530227661
15,51,0.0,1.9910000562667847
15,52,0.0,4.092322826385498
15,53,0.0,1.7735193967819214
15,54,0.0,0.9852734804153442
15,55,0.0,10.844579696655273
15,56,0.0,5.869915962219238
15,57,0.0,1.9965710639953613
15,58,0.0,0.8966190218925476
15,59,0.0,1.3039835691452026
15,60,0.0,1.8429330587387085
15,61,0.0,1.557159185409546
15,62,0.0,12.024017333984375
15,63,0.0,1.6959575414657593
15,64,0.0,1.767317771911621
15,65,0.0,2.0982484817504883
15,66,0.0,1.2830482721328735
15,67,0.0,1.4350844621658325
15,68,0.0,2.8248884677886963
15,69,0.0,1.9241920709609985
15,70,0.0,2.159231185913086
15,71,0.0,1.488675832748413
15,72,0.0,1.509539246559143
15,73,0.0,5.693783283233643
15,74,0.0,2.1170034408569336
15,75,0.0,2.4009897708892822
15,76,0.0,2.166294813156128
15,77,0.0,2.689739465713501
15,78,0.0,2.1218135356903076
15,79,0.0,1.7873120307922363
15,80,0.0,0.0
15,81,0.0,1.904855489730835
15,82,0.0,2.040479898452759
15,83,0.0,2.635378122329712
15,84,0.0,1.7723488807678223
15,85,0.0,1.8871328830718994
15,86,0.0,1.6157634258270264
15,87,0.0,23.909927368164062
15,88,0.0,1.7955191135406494
15,89,0.0,0.0
15,90,0.0,0.0
15,91,0.0,1.6556262969970703
15,92,0.0,2.151184320449829
15,93,0.0,1.0949969291687012
15,94,0.0,2.208312511444092
15,95,0.0,2.466397762298584
15,96,0.0,2.163914918899536
15,97,0.0,1.7284448146820068
16,0,0.0,2052.12255859375
16,1,0.0,3.2767128944396973
16,2,0.0,1248.341064453125
16,3,0.0,34.527015686035156
16,4,0.0,177.3687744140625
16,5,0.0,5.773074150085449
16,6,0.0,280.0916442871094
16,7,0.0,0.0
16,8,0.0,18.837968826293945
16,9,0.0,500.9747009277344
16,10,0.0,3274.0810546875
16,11,0.0,559.788330078125
16,12,0.0,1.272905945777893
16,13,0.0,62.64408493041992
16,14,0.0,3.4749608039855957
16,15,0.0,1.1478303670883179
16,16,0.0,12865.595703125
16,17,0.0,325.8095703125
16,18,0.0,0.9115825295448303
16,19,0.0,2.473329544067383
16,20,0.0,323.95208740234375
16,21,0.0,0.0
16,22,0.0,0.9124506711959839
16,23,0.0,23.138635635375977
16,24,0.0,1.0542908906936646
16,25,0.0,2.702126979827881
16,26,0.0,1.0115591287612915
16,27,0.0,181.47122192382812
16,28,0.0,636.9129028320312
16,29,0.0,309.91314697265625
16,30,0.0,0.855746865272522
16,31,0.0,442.0503234863281
16,32,0.0,593.41357421875
16,33,0.0,450.671875
16,34,0.0,634.0068359375
16,35,0.0,392.53857421875
16,36,0.0,777.2759399414062
16,37,0.0,322.8094177246094
16,38,0.0,1760.047607421875
16,39,0.0,365.6752624511719
16,40,0.0,1840.900390625
16,41,0.0,1313.6307373046875
16,42,0.0,641.5211181640625
16,43,0.0,1.2383646965026855
16,44,0.0,214.34461975097656
16,45,0.0,1210.309814453125
16,46,0.0,814.2984619140625
16,47,0.0,468.3092041015625
16,48,0.0,870.4805297851562
16,49,0.0,649.1414794921875
16,50,0.0,214.621826171875
16,51,0.0,626.600341796875
16,52,0.0,521.9520874023438
16,53,0.0,591.6650390625
16,54,0.0,106.85139465332031
16,55,0.0,561.988037109375
16,56,0.0,425.44329833984375
16,57,0.0,477.91180419921875
16,58,0.0,1.2831181287765503
16,59,0.0,1138.365478515625
16,60,0.0,652.2124633789062
16,61,0.0,127.3626708984375
16,62,0.0,536.5509643554688
16,63,0.0,946.0494995117188
16,64,0.0,1370.2252197265625
16,65,0.0,328.95147705078125
16,66,0.0,838.8314819335938
16,67,0.0,2924.083251953125
16,68,0.0,947.6795654296875
16,69,0.0,215.3435516357422
16,70,0.0,1894.335693359375
16,71,0.0,358.6604309082031
16,72,0.0,213.03048706054688
16,73,0.0,727.8250732421875
16,74,0.0,915.028564453125
16,75,0.0,1243.1201171875
16,76,0.0,1602.152099609375
16,77,0.0,372.6656799316406
16,78,0.0,244.90573120117188
16,79,0.0,4934.501953125
16,80,0.0,1.3295310735702515
16,81,0.0,1513.4085693359375
16,82,0.0,825.2953491210938
16,83,0.0,1803.5380859375
16,84,0.0,868.9510498046875
16,85,0.0,1334.61767578125
16,86,0.0,1824.47509765625
16,87,0.0,619.798828125
16,88,0.0,490.12945556640625
16,89,0.0,1.2944034337997437
16,90,0.0,1.5741738080978394
16,91,0.0,1157.6787109375
16,92,0.0,648.0090942382812
16,93,0.0,5.242910385131836
16,94,0.0,952.2911376953125
16,95,0.0,523.5177001953125
16,96,0.0,628.7764892578125
16,97,0.0,902.28173828125
17,0,0.0,415.7197570800781
17,1,0.0,5.268252849578857
17,2,0.0,282.56768798828125
17,3,0.0,126.57060241699219
17,4,0.0,199.12445068359375
17,5,0.0,8.42423152923584
17,6,0.0,301.4960021972656
17,7,0.0,0.8835027813911438
17,8,0.0,40.774593353271484
17,9,0.0,628.521728515625
17,10,0.0,466.1480712890625
17,11,0.0,259.779296875
17,12,0.0,0.0
17,13,0.0,148.7609100341797
17,14,0.0,1.9646012783050537
17,15,0.0,1.1889206171035767
17,16,0.0,390.1522521972656
17,17,0.0,2647.47412109375
17,18,0.0,0.0
17,19,0.0,2.7302255630493164
17,20,0.0,234.69058227539062
17,21,0.0,0.0
17,22,0.0,0.8601500391960144
17,23,0.0,17.132112503051758
17,24,0.0,0.0
17,25,0.0,0.0
17,26,0.0,0.0
17,27,0.0,15.482017517089844
17,28,0.0,377.11968994140625
17,29,0.0,237.3163299560547
17,30,0.0,0.8231121897697449
17,31,0.0,323.06005859375
17,32,0.0,470.233154296875
17,33,0.0,611.7156372070312
17,34,0.0,1862.00048828125
17,35,0.0,49.62269592285156
17,36,0.0,450.988525390625
17,37,0.0,625.7887573242188
17,38,0.0,625.0906982421875
17,39,0.0,291.2169189453125
17,40,0.0,272.85174560546875
17,41,0.0,873.2492065429688
17,42,0.0,366.1005554199219
17,43,0.0,0.0
17,44,0.0,182.23678588867188
17,45,0.0,674.2453002929688
17,46,0.0,828.3323974609375
17,47,0.0,626.5400390625
17,48,0.0,447.50799560546875
17,49,0.0,463.20001220703125
17,50,0.0,170.3435516357422
17,51,0.0,512.093505859375
17,52,0.0,518.604736328125
17,53,0.0,327.2117919921875
17,54,0.0,62.84752655029297
17,55,0.0,424.812255859375
17,56,0.0,447.69757080078125
17,57,0.0,611.0579223632812
17,58,0.0,1.2395577430725098
17,59,0.0,284.8210754394531
17,60,0.0,1094.025390625
17,61,0.0,106.51720428466797
17,62,0.0,516.9049682617188
17,63,0.0,674.004150390625
17,64,0.0,560.1004638671875
17,65,0.0,262.09686279296875
17,66,0.0,297.6157531738281
17,67,0.0,276.85614013671875
17,68,0.0,1352.1019287109375
17,69,0.0,177.5961151123047
17,70,0.0,835.709228515625
17,71,0.0,555.441162109375
17,72,0.0,198.46046447753906
17,73,0.0,760.340576171875
17,74,0.0,823.1237182617188
17,75,0.0,752.5326538085938
17,76,0.0,697.6409301757812
17,77,0.0,275.0940246582031
17,78,0.0,226.71157836914062
17,79,0.0,557.2374877929688
17,80,0.0,0.0
17,81,0.0,980.657470703125
17,82,0.0,470.73760986328125
17,83,0.0,1528.008056640625
17,84,0.0,943.563720703125
17,85,0.0,722.146484375
17,86,0.0,445.77880859375
17,87,0.0,467.34619140625
17,88,0.0,1619.4188232421875
17,89,0.0,0.0
17,90,0.0,1.6103328466415405
17,91,0.0,395.7752685546875
17,92,0.0,369.19427490234375
17,93,0.0,6.862037658691406
17,94,0.0,1612.17724609375
17,95,0.0,646.9906005859375
17,96,0.0,2167.827880859375
17,97,0.0,370.9964904785156
18,0,0.0,1.164461612701416
18,1,0.0,0.0
18,2,0.0,0.0
18,3,0.0,0.0
18,4,0.0,0.0
18,5,0.0,0.0
18,6,0.0,1.2202966213226318
18,7,0.0,0.0
18,8,0.0,0.0
18,9,0.0,1.1390589475631714
18,10,0.0,1.1393336057662964
18,11,0.0,0.0
18,12,0.0,0.0
18,13,0.0,0.0
18,14,0.0,0.0
18,15,0.0,0.0
18,16,0.0,1.1405411958694458
18,17,0.0,0.0
18,18,0.0,1.1615115404129028
18,19,0.0,0.0
18,20,0.0,1.4149130582809448
18,21,0.0,0.0
18,22,0.0,0.0
18,23,0.0,0.0
18,24,0.0,0.0
18,25,0.0,0.0
18,26,0.0,0.0
18,27,0.0,0.0
18,28,0.0,1.3743693828582764
18,29,0.0,1.24141526222229
18,30,0.0,0.0
18,31,0.0,1.153944969177246
18,32,0.0,1.2190037965774536
18,33,0.0,0.0
18,34,0.0,1.1334352493286133
18,35,0.0,0.0
18,36,0.0,1.1378411054611206
18,37,0.0,0.0
18,38,0.0,1.1919838190078735
18,39,0.0,1.0831022262573242
18,40,0.0,0.0
18,41,0.0,1.520159125328064
18,42,0.0,1.2221651077270508
18,43,0.0,0.0
18,44,0.0,1.1750153303146362
18,45,0.0,1.2466341257095337
18,46,0.0,1.1340727806091309
18,47,0.0,0.0
18,48,0.0,1.3965871334075928
18,49,0.0,1.2654789686203003
18,50,0.0,1.15789794921875
18,51,0.0,1.0839736461639404
18,52,0.0,0.0
18,53,0.0,1.2912966012954712
18,54,0.0,1.2913072109222412
18,55,0.0,1.1946847438812256
18,56,0.0,1.225394606590271
18,57,0.0,0.0
18,58,0.0,0.0
18,59,0.0,1.1282140016555786
18,60,0.0,0.0
18,61,0.0,0.0
18,62,0.0,1.187494158744812
18,63,0.0,1.14833402633667
18,64,0.0,0.0
18,65,0.0,1.1496442556381226
18,66,0.0,1.112614393234253
18,67,0.0,0.0
18,68,0.0,1.0907418727874756
18,69,0.0,0.0
18,70,0.0,1.449498176574707
18,71,0.0,0.0
18,72,0.0,0.0
18,73,0.0,1.1748472452163696
18,74,0.0,1.1719202995300293
18,75,0.0,1.6165602207183838
18,76,0.0,1.6953809261322021
18,77,0.0,1.2677574157714844
18,78,0.0,0.0
18,79,0.0,1.1092852354049683
18,80,0.0,0.0
18,81,0.0,1.1878949403762817
18,82,0.0,1.2997468709945679
18,83,0.0,1.2883507013320923
18,84,0.0,1.1136099100112915
18,85,0.0,1.1447770595550537
18,86,0.0,0.0
18,87,0.0,1.2206339836120605
18,88,0.0,0.0
18,89,0.0,0.0
18,90,0.0,0.0
18,91,0.0,1.1700388193130493
18,92,0.0,1.2055422067642212
18,93,0.0,0.0
18,94,0.0,1.1380254030227661
18,95,0.0,0.0
18,96,0.0,0.0
18,97,0.0,1.2398219108581543
19,0,0.0,3.6521551609039307
19,1,0.0,0.0
19,2,0.0,2.4331374168395996
19,3,0.0,1.0333523750305176
19,4,0.0,2.466209888458252
19,5,0.0,1.2397164106369019
19,6,0.0,5.288110256195068
19,7,0.0,0.0
19,8,0.0,1.274322748184204
19,9,0.0,4.740170001983643
19,10,0.0,3.83616042137146
19,11,0.0,0.0
19,12,0.0,0.0
19,13,0.0,0.0
19,14,0.0,0.0
19,15,0.0,0.9869088530540466
19,16,0.0,3.207960367202759
19,17,0.0,3.2498996257781982
19,18,0.0,0.0
19,19,0.0,7.2974066734313965
19,20,0.0,3.127856969833374
19,21,0.0,0.0
19,22,0.0,0.793793797492981
19,23,0.0,1.4166277647018433
19,24,0.0,0.0
19,25,0.0,0.0
19,26,0.0,0.0
19,27,0.0,0.0
19,28,0.0,5.878308296203613
19,29,0.0,6.530600547790527
19,30,0.0,0.0
19,31,0.0,7.388559818267822
19,32,0.0,23.677520751953125
19,33,0.0,17.398618698120117
19,34,0.0,8.281063079833984
19,35,0.0,1.0601531267166138
19,36,0.0,3.5087335109710693
19,37,0.0,4.90206241607666
19,38,0.0,5.074761390686035
19,39,0.0,9.641471862792969
19,40,0.0,2.1707115173339844
19,41,0.0,24.00339698791504
19,42,0.0,5.1836628913879395
19,43,0.0,0.9774240851402283
19,44,0.0,2.2389416694641113
19,45,0.0,9.626853942871094
19,46,0.0,5.450333595275879
19,47,0.0,2.8802437782287598
19,48,0.0,7.2026166915893555
19,49,0.0,14.161364555358887
19,50,0.0,1.9735348224639893
19,51,0.0,4.9136962890625
19,52,0.0,53.307640075683594
19,53,0.0,3.0289649963378906
19,54,0.0,1.2673025131225586
19,55,0.0,30.21519660949707
19,56,0.0,24.34541130065918
19,57,0.0,21.79441261291504
19,58,0.0,0.9645479917526245
19,59,0.0,2.303572177886963
19,60,0.0,3.764819860458374
19,61,0.0,2.1796188354492188
19,62,0.0,25.131729125976562
19,63,0.0,3.8586368560791016
19,64,0.0,4.322334289550781
19,65,0.0,3.942542552947998
19,66,0.0,2.167227268218994
19,67,0.0,2.364750385284424
19,68,0.0,41.09347152709961
19,69,0.0,3.07684588432312
19,70,0.0,21.35222816467285
19,71,0.0,4.451717376708984
19,72,0.0,2.0606892108917236
19,73,0.0,38.27306365966797
19,74,0.0,7.293635368347168
19,75,0.0,23.669858932495117
19,76,0.0,18.839330673217773
19,77,0.0,5.437475204467773
19,78,0.0,3.1122703552246094
19,79,0.0,5.548593521118164
19,80,0.0,0.0
19,81,0.0,5.78270959854126
19,82,0.0,7.116914749145508
19,83,0.0,13.683649063110352
19,84,0.0,4.8645195960998535
19,85,0.0,5.203616142272949
19,86,0.0,3.5835084915161133
19,87,0.0,29.899267196655273
19,88,0.0,4.447113513946533
19,89,0.0,0.9629586338996887
19,90,0.0,0.0
19,91,0.0,3.9196369647979736
19,92,0.0,5.353099822998047
19,93,0.0,1.4589835405349731
19,94,0.0,11.112198829650879
19,95,0.0,45.434844970703125
19,96,0.0,8.533315658569336
19,97,0.0,3.2392520904541016
20,0,0.0,342.43463134765625
20,1,0.0,1.8587700128555298
20,2,0.0,273.2353820800781
20,3,0.0,6.159799098968506
20,4,0.0,261.3028564453125
20,5,0.0,5.549093246459961
20,6,0.0,396.2842712402344
20,7,0.0,0.0
20,8,0.0,11.729530334472656
20,9,0.0,447.3167724609375
20,10,0.0,363.6424865722656
20,11,0.0,160.06369018554688
20,12,0.0,1.5294281244277954
20,13,0.0,41.16155242919922
20,14,0.0,0.0
20,15,0.0,1.204736351966858
20,16,0.0,349.02264404296875
20,17,0.0,201.3668212890625
20,18,0.0,0.8303500413894653
20,19,0.0,2.462481737136841
20,20,0.0,3884.317626953125
20,21,0.0,0.0
20,22,0.0,0.7864152193069458
20,23,0.0,40.446807861328125
20,24,0.0,1.0233336687088013
20,25,0.0,0.0
20,26,0.0,1.138195276260376
20,27,0.0,9.351868629455566
20,28,0.0,1185.38427734375
20,29,0.0,456.2333068847656
20,30,0.0,0.0
20,31,0.0,1093.831298828125
20,32,0.0,1012.4097290039062
20,33,0.0,296.96478271484375
20,34,0.0,404.8227233886719
20,35,0.0,37.10936737060547
20,36,0.0,399.69818115234375
20,37,0.0,225.1963348388672
20,38,0.0,562.4325561523438
20,39,0.0,563.2086791992188
20,40,0.0,215.54884338378906
20,41,0.0,1098.4404296875
20,42,0.0,1979.987548828125
20,43,0.0,1.5084269046783447
20,44,0.0,393.8616943359375
20,45,0.0,707.3592529296875
20,46,0.0,477.373046875
20,47,0.0,220.234130859375
20,48,0.0,1200.0675048828125
20,49,0.0,1072.65087890625
20,50,0.0,314.67510986328125
20,51,0.0,605.525390625
20,52,0.0,498.83306884765625
20,53,0.0,568.3386840820312
20,54,0.0,154.0615997314453
20,55,0.0,730.4176025390625
20,56,0.0,526.8126220703125
20,57,0.0,341.91143798828125
20,58,0.0,1.55421781539917
20,59,0.0,208.1502227783203
20,60,0.0,341.7503356933594
20,61,0.0,269.1796569824219
20,62,0.0,786.9357299804688
20,63,0.0,304.33453369140625
20,64,0.0,427.7602233886719
20,65,0.0,1088.6116943359375
20,66,0.0,178.6486053466797
20,67,0.0,259.352783203125
20,68,0.0,575.0528564453125
20,69,0.0,509.1566467285156
20,70,0.0,855.7734375
20,71,0.0,211.80404663085938
20,72,0.0,254.97088623046875
20,73,0.0,761.6119995117188
20,74,0.0,611.2672119140625
20,75,0.0,1206.9000244140625
20,76,0.0,1702.30126953125
20,77,0.0,922.556640625
20,78,0.0,452.6412658691406
20,79,0.0,479.98565673828125
20,80,0.0,1.6506743431091309
20,81,0.0,472.7348327636719
20,82,0.0,854.613037109375
20,83,0.0,717.8435668945312
20,84,0.0,422.054443359375
20,85,0.0,502.6567687988281
20,86,0.0,313.9447021484375
20,87,0.0,949.1452026367188
20,88,0.0,327.8774719238281
20,89,0.0,1.5367695093154907
20,90,0.0,2.257575511932373
20,91,0.0,440.0743408203125
20,92,0.0,2123.197998046875
20,93,0.0,4.388416290283203
20,94,0.0,570.5945434570312
20,95,0.0,401.50421142578125
20,96,0.0,442.32366943359375
20,97,0.0,545.5191040039062
21,0,0.0,0.0
21,1,0.0,0.0
21,2,0.0,0.0
21,3,0.0,0.0
21,4,0.0,0.0
21,5,0.0,0.0
21,6,0.0,0.0
21,7,0.0,0.0
21,8,0.0,0.0
21,9,0.0,0.0
21,10,0.0,0.0
21,11,0.0,0.0
21,12,0.0,0.0
21,13,0.0,0.0
21,14,0.0,0.0
21,15,0.0,0.0
21,16,0.0,0.0
21,17,0.0,0.0
21,18,0.0,0.0
21,19,0.0,0.0
21,20,0.0,0.0
21,21,0.0,1.1694284677505493
21,22,0.0,0.0
21,23,0.0,0.0
21,24,0.0,0.0
21,25,0.0,0.0
21,26,0.0,0.0
21,27,0.0,0.0
21,28,0.0,0.0
21,29,0.0,0.0
21,30,0.0,0.0
21,31,0.0,0.0
21,32,0.0,0.0
21,33,0.0,0.0
21,34,0.0,0.0
21,35,0.0,0.0
21,36,0.0,0.0
21,37,0.0,0.0
21,38,0.0,0.0
21,39,0.0,0.0
21,40,0.0,0.0
21,41,0.0,1.5031003952026367
21,42,0.0,0.0
21,43,0.0,0.0
21,44,0.0,0.0
21,45,0.0,0.0
21,46,0.0,0.0
21,47,0.0,0.0
21,48,0.0,0.0
21,49,0.0,0.0
21,50,0.0,0.0
21,51,0.0,1.2205168008804321
21,52,0.0,0.0
21,53,0.0,0.0
21,54,0.0,0.0
21,55,0.0,1.3257386684417725
21,56,0.0,0.0
21,57,0.0,0.0
21,58,0.0,0.0
21,59,0.0,0.0
21,60,0.0,0.0
21,61,0.0,0.0
21,62,0.0,1.274519443511963
21,63,0.0,0.0
21,64,0.0,0.0
21,65,0.0,0.0
21,66,0.0,0.0
21,67,0.0,0.0
21,68,0.0,1.159885287284851
21,69,0.0,0.0
21,70,0.0,0.0
21,71,0.0,0.0
21,72,0.0,0.0
21,73,0.0,1.261634349822998
21,74,0.0,1.2127795219421387
21,75,0.0,0.0
21,76,0.0,1.4152579307556152
21,77,0.0,0.0
21,78,0.0,0.0
21,79,0.0,1.142924427986145
21,80,0.0,0.0
21,81,0.0,0.0
21,82,0.0,0.0
21,83,0.0,1.3043678998947144
21,84,0.0,0.0
21,85,0.0,1.171708106994629
21,86,0.0,0.0
21,87,0.0,1.3462187051773071
21,88,0.0,0.0
21,89,0.0,0.0
21,90,0.0,0.0
21,91,0.0,0.0
21,92,0.0,0.0
21,93,0.0,0.0
21,94,0.0,1.1870839595794678
21,95,0.0,0.0
21,96,0.0,0.0
21,97,0.0,0.0
22,0,0.0,1.2081040143966675
22,1,0.0,0.0
22,2,0.0,1.1523258686065674
22,3,0.0,1.2015070915222168
22,4,0.0,1.375380039215088
22,5,0.0,1.3839930295944214
22,6,0.0,1.4480206966400146
22,7,0.0,0.0
22,8,0.0,1.4051822423934937
22,9,0.0,1.5040171146392822
22,10,0.0,1.166310429573059
22,11,0.0,1.0457756519317627
22,12,0.0,0.0
22,13,0.0,1.3849881887435913
22,14,0.0,0.0
22,15,0.0,0.8470160961151123
22,16,0.0,1.0979351997375488
22,17,0.0,1.5230493545532227
22,18,0.0,0.0
22,19,0.0,1.1192314624786377
22,20,0.0,1.0947742462158203
22,21,0.0,0.0
22,22,0.0,1.2470629215240479
22,23,0.0,1.0059276819229126
22,24,0.0,0.0
22,25,0.0,0.0
22,26,0.0,0.0
22,27,0.0,0.9912114143371582
22,28,0.0,1.4066890478134155
22,29,0.0,1.0713645219802856
22,30,0.0,0.0
22,31,0.0,1.2512335777282715
22,32,0.0,1.514243245124817
22,33,0.0,1.2146775722503662
22,34,0.0,1.277532696723938
22,35,0.0,1.062610149383545
22,36,0.0,1.1677217483520508
22,37,0.0,1.1805716753005981
22,38,0.0,1.547177791595459
22,39,0.0,1.122706413269043
22,40,0.0,1.0901190042495728
22,41,0.0,2.051593065261841
22,42,0.0,1.1145365238189697
22,43,0.0,0.0
22,44,0.0,1.215703010559082
22,45,0.0,1.757346272468567
22,46,0.0,1.2956538200378418
22,47,0.0,1.122970461845398
22,48,0.0,1.4196300506591797
22,49,0.0,1.6100335121154785
22,50,0.0,1.1640197038650513
22,51,0.0,1.3055812120437622
22,52,0.0,1.3170855045318604
22,53,0.0,1.2437317371368408
22,54,0.0,0.9751558303833008
22,55,0.0,1.3405675888061523
22,56,0.0,1.3667032718658447
22,57,0.0,1.4022570848464966
22,58,0.0,0.9497848749160767
22,59,0.0,1.1718649864196777
22,60,0.0,1.234825849533081
22,61,0.0,1.0407884120941162
22,62,0.0,1.3787561655044556
22,63,0.0,1.2575702667236328
22,64,0.0,1.324031949043274
22,65,0.0,1.1911481618881226
22,66,0.0,1.1741799116134644
22,67,0.0,1.1287165880203247
22,68,0.0,1.6635332107543945
22,69,0.0,1.1060755252838135
22,70,0.0,1.752802848815918
22,71,0.0,1.137803316116333
22,72,0.0,1.2813725471496582
22,73,0.0,1.6595978736877441
22,74,0.0,1.340022325515747
22,75,0.0,1.9317626953125
22,76,0.0,1.604203701019287
22,77,0.0,1.1731376647949219
22,78,0.0,1.2833939790725708
22,79,0.0,1.2163587808609009
22,80,0.0,0.0
22,81,0.0,1.3463945388793945
22,82,0.0,1.5249295234680176
22,83,0.0,1.7990466356277466
22,84,0.0,1.2640821933746338
22,85,0.0,1.3961129188537598
22,86,0.0,1.168616771697998
22,87,0.0,1.4241615533828735
22,88,0.0,1.4122626781463623
22,89,0.0,0.0
22,90,0.0,0.0
22,91,0.0,1.2285912036895752
22,92,0.0,1.1847727298736572
22,93,0.0,1.227921485900879
22,94,0.0,1.4945112466812134
22,95,0.0,1.2762572765350342
22,96,0.0,1.4890122413635254
22,97,0.0,1.289076328277588
23,0,0.0,29.135324478149414
23,1,0.0,0.0
23,2,0.0,13.221142768859863
23,3,0.0,1.2940330505371094
23,4,0.0,14.495976448059082
23,5,0.0,1.4091744422912598
23,6,0.0,50.837432861328125
23,7,0.0,0.0
23,8,0.0,1.7800846099853516
23,9,0.0,42.55189895629883
23,10,0.0,29.44879150390625
23,11,0.0,6.301962852478027
23,12,0.0,0.0
23,13,0.0,0.0
23,14,0.0,0.0
23,15,0.0,1.1925678253173828
23,16,0.0,24.71524429321289
23,17,0.0,22.059778213500977
23,18,0.0,0.0
23,19,0.0,1.410402536392212
23,20,0.0,37.30719757080078
23,21,0.0,0.0
23,22,0.0,0.8575705289840698
23,23,0.0,137.67068481445312
23,24,0.0,0.9107384085655212
23,25,0.0,0.0
23,26,0.0,0.9433960318565369
23,27,0.0,0.0
23,28,0.0,51.98704528808594
23,29,0.0,145.42918395996094
23,30,0.0,0.0
23,31,0.0,72.8968505859375
23,32,0.0,131.7998809814453
23,33,0.0,55.108219146728516
23,34,0.0,50.43309020996094
23,35,0.0,1.3948743343353271
23,36,0.0,32.36835479736328
23,37,0.0,33.54116439819336
23,38,0.0,49.794578552246094
23,39,0.0,149.95166015625
23,40,0.0,10.021332740783691
23,41,0.0,90.5827865600586
23,42,0.0,53.75069808959961
23,43,0.0,0.0
23,44,0.0,13.871005058288574
23,45,0.0,55.924625396728516
23,46,0.0,44.52633285522461
23,47,0.0,19.92130470275879
23,48,0.0,59.77700424194336
23,49,0.0,103.6025390625
23,50,0.0,9.2335205078125
23,51,0.0,47.65711212158203
23,52,0.0,146.06434631347656
23,53,0.0,49.33534622192383
23,54,0.0,1.8471240997314453
23,55,0.0,294.38226318359375
23,56,0.0,115.925048828125
23,57,0.0,64.2510757446289
23,58,0.0,1.2611461877822876
23,59,0.0,9.738672256469727
23,60,0.0,33.78104782104492
23,61,0.0,38.18607711791992
23,62,0.0,129.02723693847656
23,63,0.0,31.083600997924805
23,64,0.0,36.57327651977539
23,65,0.0,47.29679870605469
23,66,0.0,13.613912582397461
23,67,0.0,16.556236267089844
23,68,0.0,101.21001434326172
23,69,0.0,46.80339813232422
23,70,0.0,77.15139770507812
23,71,0.0,28.254714965820312
23,72,0.0,6.6045989990234375
23,73,0.0,133.9251251220703
23,74,0.0,54.12528991699219
23,75,0.0,88.7136459350586
23,76,0.0,82.21849060058594
23,77,0.0,73.8941879272461
23,78,0.0,35.97459411621094
23,79,0.0,42.38116455078125
23,80,0.0,0.0
23,81,0.0,48.518035888671875
23,82,0.0,60.84889602661133
23,83,0.0,70.58749389648438
23,84,0.0,40.123748779296875
23,85,0.0,44.16655349731445
23,86,0.0,26.361024856567383
23,87,0.0,181.66445922851562
23,88,0.0,36.61894607543945
23,89,0.0,1.231388807296753
23,90,0.0,0.0
23,91,0.0,33.23711013793945
23,92,0.0,58.17393112182617
23,93,0.0,1.4226000308990479
23,94,0.0,59.19352722167969
23,95,0.0,95.3243408203125
23,96,0.0,56.786258697509766
23,97,0.0,38.95781326293945
24,0,0.0,1.3527387380599976
24,1,0.0,0.0
24,2,0.0,0.0
24,3,0.0,0.0
24,4,0.0,0.0
24,5,0.0,0.0
24,6,0.0,1.2725307941436768
24,7,0.0,0.0
24,8,0.0,0.0
24,9,0.0,1.455471396446228
24,10,0.0,0.0
24,11,0.0,0.0
24,12,0.0,1.1014679670333862
24,13,0.0,0.0
24,14,0.0,0.0
24,15,0.0,0.0
24,16,0.0,1.273118019104004
24,17,0.0,0.0
24,18,0.0,0.0
24,19,0.0,0.0
24,20,0.0,0.0
24,21,0.0,0.0
24,22,0.0,0.0
24,23,0.0,0.9499974846839905
24,24,0.0,1.634577989578247
24,25,0.0,0.0
24,26,0.0,0.0
24,27,0.0,0.0
24,28,0.0,1.5779988765716553
24,29,0.0,1.3788846731185913
24,30,0.0,0.0
24,31,0.0,1.6503981351852417
24,32,0.0,1.669629454612732
24,33,0.0,1.1949803829193115
24,34,0.0,1.431397557258606
24,35,0.0,0.0
24,36,0.0,1.3653497695922852
24,37,0.0,0.0
24,38,0.0,1.3560538291931152
24,39,0.0,1.3664439916610718
24,40,0.0,0.0
24,41,0.0,1.31455397605896
24,42,0.0,1.5517627000808716
24,43,0.0,0.0
24,44,0.0,1.2099745273590088
24,45,0.0,1.5723717212677002
24,46,0.0,1.3953821659088135
24,47,0.0,0.0
24,48,0.0,1.671295166015625
24,49,0.0,1.7370926141738892
24,50,0.0,1.213645100593567
24,51,0.0,1.4117883443832397
24,52,0.0,1.6729583740234375
24,53,0.0,1.166572093963623
24,54,0.0,1.0651192665100098
24,55,0.0,1.821879267692566
24,56,0.0,1.6556692123413086
24,57,0.0,1.340518593788147
24,58,0.0,0.0
24,59,0.0,1.1705129146575928
24,60,0.0,0.0
24,61,0.0,1.1115063428878784
24,62,0.0,1.6966303586959839
24,63,0.0,1.345639705657959
24,64,0.0,0.0
24,65,0.0,1.2028194665908813
24,66,0.0,0.0
24,67,0.0,0.0
24,68,0.0,1.607074499130249
24,69,0.0,0.0
24,70,0.0,1.3031580448150635
24,71,0.0,0.0
24,72,0.0,0.0
24,73,0.0,1.7566735744476318
24,74,0.0,1.4756871461868286
24,75,0.0,1.332829236984253
24,76,0.0,1.571763277053833
24,77,0.0,1.4516817331314087
24,78,0.0,1.293173909187317
24,79,0.0,1.419083833694458
24,80,0.0,0.0
24,81,0.0,1.530641794204712
24,82,0.0,1.4381372928619385
24,83,0.0,1.5041362047195435
24,84,0.0,1.419376015663147
24,85,0.0,1.5091320276260376
24,86,0.0,1.296619176864624
24,87,0.0,1.7457658052444458
24,88,0.0,0.0
24,89,0.0,0.0
24,90,0.0,0.0
24,91,0.0,1.4286905527114868
24,92,0.0,1.5696741342544556
24,93,0.0,0.0
24,94,0.0,1.4590480327606201
24,95,0.0,1.4156770706176758
24,96,0.0,1.4723660945892334
24,97,0.0,1.5263885259628296
25,0,0.0,3.699761390686035
25,1,0.0,0.0
25,2,0.0,2.058854818344116
25,3,0.0,0.0
25,4,0.0,0.0
25,5,0.0,0.0
25,6,0.0,0.0
25,7,0.0,0.0
25,8,0.0,0.0
25,9,0.0,2.055208921432495
25,10,0.0,4.914463520050049
25,11,0.0,0.0
25,12,0.0,0.0
25,13,0.0,0.0
25,14,0.0,0.0
25,15,0.0,0.0
25,16,0.0,3.9995412826538086
25,17,0.0,0.0
25,18,0.0,0.0
25,19,0.0,0.0
25,20,0.0,0.0
25,21,0.0,0.0
25,22,0.0,0.0
25,23,0.0,0.0
25,24,0.0,0.0
25,25,0.0,2.3668525218963623
25,26,0.0,0.0
25,27,0.0,1.225166916847229
25,28,0.0,2.0543160438537598
25,29,0.0,0.0
25,30,0.0,0.0
25,31,0.0,1.970900058746338
25,32,0.0,1.94303560256958
25,33,0.0,0.0
25,34,0.0,2.368168592453003
25,35,0.0,1.3530951738357544
25,36,0.0,2.225226640701294
25,37,0.0,1.8293956518173218
25,38,0.0,3.2870404720306396
25,39,0.0,0.0
25,40,0.0,3.7435553073883057
25,41,0.0,3.127859115600586
25,42,0.0,2.0189123153686523
25,43,0.0,0.0
25,44,0.0,0.0
25,45,0.0,3.0174219608306885
25,46,0.0,2.5067038536071777
25,47,0.0,2.238124370574951
25,48,0.0,2.272200584411621
25,49,0.0,1.9891743659973145
25,50,0.0,1.4630061388015747
25,51,0.0,2.156019449234009
25,52,0.0,1.879286289215088
25,53,0.0,2.0052080154418945
25,54,0.0,1.0751148462295532
25,55,0.0,2.1057004928588867
25,56,0.0,1.8776763677597046
25,57,0.0,2.1757214069366455
25,58,0.0,0.0
25,59,0.0,2.3647375106811523
25,60,0.0,2.2482824325561523
25,61,0.0,0.0
25,62,0.0,2.019512176513672
25,63,0.0,3.066965103149414
25,64,0.0,3.073834180831909
25,65,0.0,1.7303599119186401
25,66,0.0,2.3293638229370117
25,67,0.0,2.4928770065307617
25,68,0.0,2.7912354469299316
25,69,0.0,0.0
25,70,0.0,4.542947769165039
25,71,0.0,0.0
25,72,0.0,0.0
25,73,0.0,2.5689926147460938
25,74,0.0,2.925673723220825
25,75,0.0,3.227583646774292
25,76,0.0,2.6879615783691406
25,77,0.0,1.6707468032836914
25,78,0.0,0.0
25,79,0.0,5.233778476715088
25,80,0.0,0.0
25,81,0.0,3.985077381134033
25,82,0.0,2.288377285003662
25,83,0.0,5.969705581665039
25,84,0.0,2.5411977767944336
25,85,0.0,2.9271366596221924
25,86,0.0,4.159261226654053
25,87,0.0,2.1513426303863525
25,88,0.0,2.1277518272399902
25,89,0.0,0.0
25,90,0.0,0.0
25,91,0.0,2.748572826385498
25,92,0.0,1.903985619544983
25,93,0.0,0.0
25,94,0.0,2.9099040031433105
25,95,0.0,2.0874292850494385
25,96,0.0,2.336615800857544
25,97,0.0,2.275001287460327
26,0,0.0,1.3690965175628662
26,1,0.0,0.0
26,2,0.0,0.0
26,3,0.0,0.0
26,4,0.0,1.079406499862671
26,5,0.0,0.0
26,6,0.0,1.2667382955551147
26,7,0.0,0.0
26,8,0.0,0.0
26,9,0.0,1.4038777351379395
26,10,0.0,1.352250337600708
26,11,0.0,0.0
26,12,0.0,0.0
26,13,0.0,0.0
26,14,0.0,0.0
26,15,0.0,0.0
26,16,0.0,1.1149401664733887
26,17,0.0,0.0
26,18,0.0,0.0
26,19,0.0,0.0
26,20,0.0,0.0
26,21,0.0,0.0
26,22,0.0,0.7557941675186157
26,23,0.0,0.9809314608573914
26,24,0.0,0.0
26,25,0.0,0.0
26,26,0.0,1.0019294023513794
26,27,0.0,0.0
26,28,0.0,1.764024019241333
26,29,0.0,1.4276885986328125
26,30,0.0,0.0
26,31,0.0,1.4592995643615723
26,32,0.0,1.8339935541152954
26,33,0.0,1.191638469696045
26,34,0.0,1.4348719120025635
26,35,0.0,0.9183462262153625
26,36,0.0,1.3152650594711304
26,37,0.0,1.179140329360962
26,38,0.0,1.5598417520523071
26,39,0.0,1.4587754011154175
26,40,0.0,1.2488652467727661
26,41,0.0,1.6183781623840332
26,42,0.0,1.3542877435684204
26,43,0.0,0.9782228469848633
26,44,0.0,1.0115439891815186
26,45,0.0,1.6209155321121216
26,46,0.0,1.4523049592971802
26,47,0.0,1.1474251747131348
26,48,0.0,1.8191964626312256
26,49,0.0,1.7373254299163818
26,50,0.0,1.0489134788513184
26,51,0.0,1.3693170547485352
26,52,0.0,1.6907856464385986
26,53,0.0,1.366943359375
26,54,0.0,1.006649136543274
26,55,0.0,1.8581693172454834
26,56,0.0,1.5942059755325317
26,57,0.0,1.2235277891159058
26,58,0.0,0.0
26,59,0.0,1.1393446922302246
26,60,0.0,1.2699180841445923
26,61,0.0,1.2640252113342285
26,62,0.0,1.6223341226577759
26,63,0.0,1.1710710525512695
26,64,0.0,1.4059845209121704
26,65,0.0,1.2983232736587524
26,66,0.0,1.1290215253829956
26,67,0.0,1.1746035814285278
26,68,0.0,1.5601146221160889
26,69,0.0,1.368635654449463
26,70,0.0,1.5588974952697754
26,71,0.0,1.1499139070510864
26,72,0.0,1.0526032447814941
26,73,0.0,1.8080174922943115
26,74,0.0,1.670346975326538
26,75,0.0,1.6696319580078125
26,76,0.0,1.7171913385391235
26,77,0.0,1.4498790502548218
26,78,0.0,1.1942120790481567
26,79,0.0,1.407792091369629
26,80,0.0,0.0
26,81,0.0,1.5066297054290771
26,82,0.0,1.7488374710083008
26,83,0.0,1.8458691835403442
26,84,0.0,1.4496403932571411
26,85,0.0,1.5423487424850464
26,86,0.0,1.3028820753097534
26,87,0.0,1.9037435054779053
26,88,0.0,1.2807914018630981
26,89,0.0,0.0
26,90,0.0,0.0
26,91,0.0,1.4629215002059937
26,92,0.0,1.3730998039245605
26,93,0.0,0.0
26,94,0.0,1.5094565153121948
26,95,0.0,1.2988011837005615
26,96,0.0,1.5012686252593994
26,97,0.0,1.480512022972107
27,0,0.0,119.07498931884766
27,1,0.0,0.0
27,2,0.0,40.31520080566406
27,3,0.0,1.3423160314559937
27,4,0.0,4.814990997314453
27,5,0.0,0.0
27,6,0.0,9.853018760681152
27,7,0.0,0.0
27,8,0.0,0.0
27,9,0.0,29.243242263793945
27,10,0.0,195.1432342529297
27,11,0.0,55.35239028930664
27,12,0.0,0.0
27,13,0.0,0.0
27,14,0.0,1.2078734636306763
27,15,0.0,0.0
27,16,0.0,177.37564086914062
27,17,0.0,18.380451202392578
27,18,0.0,0.0
27,19,0.0,0.0
27,20,0.0,10.605950355529785
27,21,0.0,0.0
27,22,0.0,0.8013017177581787
27,23,0.0,0.0
27,24,0.0,0.0
27,25,0.0,1.2408183813095093
27,26,0.0,0.0
27,27,0.0,70.63821411132812
27,28,0.0,33.65639114379883
27,29,0.0,8.094720840454102
27,30,0.0,0.0
27,31,0.0,20.82576560974121
27,32,0.0,32.10394287109375
27,33,0.0,21.486948013305664
27,34,0.0,38.2742919921875
27,35,0.0,23.58611488342285
27,36,0.0,43.29115295410156
27,37,0.0,17.758747100830078
27,38,0.0,90.95008087158203
27,39,0.0,13.686820983886719
27,40,0.0,554.4071655273438
27,41,0.0,82.31649780273438
27,42,0.0,30.798828125
27,43,0.0,0.0
27,44,0.0,5.3535919189453125
27,45,0.0,65.90338134765625
27,46,0.0,51.64927673339844
27,47,0.0,35.70882034301758
27,48,0.0,43.61459732055664
27,49,0.0,28.837318420410156
27,50,0.0,5.044612884521484
27,51,0.0,36.387428283691406
27,52,0.0,22.639198303222656
27,53,0.0,46.039703369140625
27,54,0.0,0.0
27,55,0.0,27.007070541381836
27,56,0.0,19.340511322021484
27,57,0.0,24.90808868408203
27,58,0.0,0.0
27,59,0.0,66.27294158935547
27,60,0.0,40.81847381591797
27,61,0.0,0.0
27,62,0.0,27.559326171875
27,63,0.0,87.18761444091797
27,64,0.0,79.16036987304688
27,65,0.0,17.472932815551758
27,66,0.0,73.08349609375
27,67,0.0,75.5645751953125
27,68,0.0,48.41112518310547
27,69,0.0,5.873541355133057
27,70,0.0,123.42119598388672
27,71,0.0,13.824767112731934
27,72,0.0,4.949535846710205
27,73,0.0,38.3052978515625
27,74,0.0,56.84974670410156
27,75,0.0,91.64970397949219
27,76,0.0,67.3251724243164
27,77,0.0,12.864137649536133
27,78,0.0,8.93724536895752
27,79,0.0,167.3117218017578
27,80,0.0,0.0
27,81,0.0,102.32508850097656
27,82,0.0,43.42874526977539
27,83,0.0,109.88343811035156
27,84,0.0,52.813114166259766
27,85,0.0,71.74864196777344
27,86,0.0,228.66815185546875
27,87,0.0,30.1646728515625
27,88,0.0,29.64600944519043
27,89,0.0,0.0
27,90,0.0,0.0
27,91,0.0,58.32169723510742
27,92,0.0,30.343502044677734
27,93,0.0,0.0
27,94,0.0,53.71949768066406
27,95,0.0,23.85240364074707
27,96,0.0,35.56443405151367
27,97,0.0,42.49135971069336
28,0,0.0,655.891845703125
28,1,0.0,3.549420118331909
28,2,0.0,546.7778930664062
28,3,0.0,37.18658447265625
28,4,0.0,472.690673828125
28,5,0.0,21.428157806396484
28,6,0.0,635.78125
28,7,0.0,0.0
28,8,0.0,45.94620132446289
28,9,0.0,899.7313842773438
28,10,0.0,728.4119873046875
28,11,0.0,290.7657775878906
28,12,0.0,1.8824462890625
28,13,0.0,92.61735534667969
28,14,0.0,2.399167776107788
28,15,0.0,1.9132951498031616
28,16,0.0,863.3516845703125
28,17,0.0,377.15032958984375
28,18,0.0,0.8348138332366943
28,19,0.0,5.413364410400391
28,20,0.0,1478.4327392578125
28,21,0.0,0.0
28,22,0.0,0.8880079984664917
28,23,0.0,71.84136962890625
28,24,0.0,1.4862438440322876
28,25,0.0,1.8514759540557861
28,26,0.0,1.0395610332489014
28,27,0.0,45.17605972290039
28,28,0.0,7501.01123046875
28,29,0.0,537.1921997070312
28,30,0.0,0.0
28,31,0.0,1215.658935546875
28,32,0.0,1222.526123046875
28,33,0.0,629.640625
28,34,0.0,766.4645385742188
28,35,0.0,81.02088928222656
28,36,0.0,853.4736328125
28,37,0.0,375.5098876953125
28,38,0.0,1109.6640625
28,39,0.0,699.0997314453125
28,40,0.0,393.158447265625
28,41,0.0,2744.408203125
28,42,0.0,3684.11865234375
28,43,0.0,2.037149429321289
28,44,0.0,898.6829833984375
28,45,0.0,1822.6134033203125
28,46,0.0,1134.0369873046875
28,47,0.0,390.94952392578125
28,48,0.0,7573.62841796875
28,49,0.0,1733.77587890625
28,50,0.0,1093.5064697265625
28,51,0.0,1535.1739501953125
28,52,0.0,855.22705078125
28,53,0.0,1731.92333984375
28,54,0.0,305.35052490234375
28,55,0.0,1071.2613525390625
28,56,0.0,796.2734375
28,57,0.0,737.151123046875
28,58,0.0,2.1025238037109375
28,59,0.0,443.5346984863281
28,60,0.0,626.5986938476562
28,61,0.0,311.5755920410156
28,62,0.0,1267.355224609375
28,63,0.0,666.5343017578125
28,64,0.0,1000.5247192382812
28,65,0.0,1535.173828125
28,66,0.0,436.41534423828125
28,67,0.0,510.2037048339844
28,68,0.0,1085.9022216796875
28,69,0.0,540.6798706054688
28,70,0.0,1988.9385986328125
28,71,0.0,363.3153076171875
28,72,0.0,621.43505859375
28,73,0.0,1327.83935546875
28,74,0.0,1518.0816650390625
28,75,0.0,3391.375
28,76,0.0,4499.41943359375
28,77,0.0,1045.999755859375
28,78,0.0,743.95068359375
28,79,0.0,1048.3056640625
28,80,0.0,2.1604342460632324
28,81,0.0,988.476806640625
28,82,0.0,3124.388427734375
28,83,0.0,1389.8724365234375
28,84,0.0,1080.277099609375
28,85,0.0,1189.5889892578125
28,86,0.0,659.571533203125
28,87,0.0,1310.3729248046875
28,88,0.0,635.0199584960938
28,89,0.0,2.0675032138824463
28,90,0.0,2.892338752746582
28,91,0.0,1088.6597900390625
28,92,0.0,4720.07958984375
28,93,0.0,14.633438110351562
28,94,0.0,1268.195068359375
28,95,0.0,816.4697265625
28,96,0.0,810.0150756835938
28,97,0.0,1692.93798828125
29,0,0.0,294.14556884765625
29,1,0.0,1.7173837423324585
29,2,0.0,250.10931396484375
29,3,0.0,6.074710845947266
29,4,0.0,198.55331420898438
29,5,0.0,10.473182678222656
29,6,0.0,413.9619140625
29,7,0.0,0.0
29,8,0.0,21.740076065063477
29,9,0.0,364.62152099609375
29,10,0.0,324.83563232421875
29,11,0.0,154.97598266601562
29,12,0.0,2.6360044479370117
29,13,0.0,46.36761474609375
29,14,0.0,1.4076051712036133
29,15,0.0,2.0748255252838135
29,16,0.0,314.48052978515625
29,17,0.0,211.31631469726562
29,18,0.0,0.8491587042808533
29,19,0.0,3.803781032562256
29,20,0.0,411.8706359863281
29,21,0.0,0.0
29,22,0.0,0.7779704928398132
29,23,0.0,147.22503662109375
29,24,0.0,1.1886340379714966
29,25,0.0,1.3101345300674438
29,26,0.0,1.2244395017623901
29,27,0.0,8.475640296936035
29,28,0.0,506.38677978515625
29,29,0.0,6067.39501953125
29,30,0.0,0.0
29,31,0.0,719.03076171875
29,32,0.0,1562.152099609375
29,33,0.0,382.8408203125
29,34,0.0,441.64862060546875
29,35,0.0,26.80560874938965
29,36,0.0,311.51373291015625
29,37,0.0,255.4159393310547
29,38,0.0,462.6126708984375
29,39,0.0,3355.178466796875
29,40,0.0,198.87530517578125
29,41,0.0,773.5782470703125
29,42,0.0,633.321533203125
29,43,0.0,6.286915302276611
29,44,0.0,229.72332763671875
29,45,0.0,576.9999389648438
29,46,0.0,414.67022705078125
29,47,0.0,229.62796020507812
29,48,0.0,574.018310546875
29,49,0.0,1020.7218627929688
29,50,0.0,180.58038330078125
29,51,0.0,434.17694091796875
29,52,0.0,852.8118896484375
29,53,0.0,358.3777770996094
29,54,0.0,76.76585388183594
29,55,0.0,4846.673828125
29,56,0.0,845.8914794921875
29,57,0.0,424.71728515625
29,58,0.0,12.981074333190918
29,59,0.0,183.63198852539062
29,60,0.0,320.15606689453125
29,61,0.0,749.552978515625
29,62,0.0,1282.11279296875
29,63,0.0,300.3414306640625
29,64,0.0,367.675537109375
29,65,0.0,446.4470520019531
29,66,0.0,173.62696838378906
29,67,0.0,228.53594970703125
29,68,0.0,818.0245361328125
29,69,0.0,626.7520751953125
29,70,0.0,670.5408325195312
29,71,0.0,242.54293823242188
29,72,0.0,178.19192504882812
29,73,0.0,1151.5361328125
29,74,0.0,500.7680969238281
29,75,0.0,768.1666870117188
29,76,0.0,971.6321411132812
29,77,0.0,812.243896484375
29,78,0.0,359.558837890625
29,79,0.0,466.2518310546875
29,80,0.0,4.0372700691223145
29,81,0.0,497.7325439453125
29,82,0.0,560.0357055664062
29,83,0.0,682.40283203125
29,84,0.0,388.5094909667969
29,85,0.0,440.81317138671875
29,86,0.0,300.0317687988281
29,87,0.0,2617.34130859375
29,88,0.0,326.8833312988281
29,89,0.0,3.7537567615509033
29,90,0.0,23.672954559326172
29,91,0.0,342.3502502441406
29,92,0.0,644.2518310546875
29,93,0.0,6.328524589538574
29,94,0.0,545.7060546875
29,95,0.0,582.4556274414062
29,96,0.0,492.8927001953125
29,97,0.0,391.6084289550781
30,0,0.0,1.1231948137283325
30,1,0.0,1.2565960884094238
30,2,0.0,1.1569658517837524
30,3,0.0,1.4159719944000244
30,4,0.0,0.0
30,5,0.0,0.0
30,6,0.0,1.1786930561065674
30,7,0.0,1.288521647453308
30,8,0.0,0.0
30,9,0.0,1.1744440793991089
30,10,0.0,1.1065938472747803
30,11,0.0,1.4480414390563965
30,12,0.0,0.0
30,13,0.0,0.0
30,14,0.0,0.0
30,15,0.0,0.0
30,16,0.0,1.135871171951294
30,17,0.0,1.8747282028198242
30,18,0.0,0.0
30,19,0.0,0.0
30,20,0.0,0.0
30,21,0.0,0.0
30,22,0.0,0.0
30,23,0.0,0.0
30,24,0.0,0.0
30,25,0.0,0.0
30,26,0.0,0.0
30,27,0.0,0.0
30,28,0.0,1.0696688890457153
30,29,0.0,0.0
30,30,0.0,1.5674660205841064
30,31,0.0,1.0492942333221436
30,32,0.0,1.1615285873413086
30,33,0.0,1.269888162612915
30,34,0.0,1.7800878286361694
30,35,0.0,0.0
30,36,0.0,1.1279431581497192
30,37,0.0,1.4290739297866821
30,38,0.0,1.3224098682403564
30,39,0.0,0.0
30,40,0.0,1.0627198219299316
30,41,0.0,1.5786914825439453
30,42,0.0,1.0986032485961914
30,43,0.0,0.0
30,44,0.0,0.0
30,45,0.0,1.3300275802612305
30,46,0.0,1.208850622177124
30,47,0.0,1.4832127094268799
30,48,0.0,1.1896103620529175
30,49,0.0,1.19790780544281
30,50,0.0,0.0
30,51,0.0,1.116089105606079
30,52,0.0,1.2461739778518677
30,53,0.0,0.0
30,54,0.0,0.0
30,55,0.0,1.1349260807037354
30,56,0.0,1.0935943126678467
30,57,0.0,1.454259991645813
30,58,0.0,0.0
30,59,0.0,1.2239911556243896
30,60,0.0,1.3593792915344238
30,61,0.0,0.0
30,62,0.0,1.2062513828277588
30,63,0.0,1.5287578105926514
30,64,0.0,1.3209116458892822
30,65,0.0,0.0
30,66,0.0,1.2828598022460938
30,67,0.0,1.239831805229187
30,68,0.0,1.5891191959381104
30,69,0.0,0.0
30,70,0.0,1.5747771263122559
30,71,0.0,1.4427210092544556
30,72,0.0,0.0
30,73,0.0,1.311177372932434
30,74,0.0,1.189657211303711
30,75,0.0,1.524733066558838
30,76,0.0,1.3453887701034546
30,77,0.0,1.1122944355010986
30,78,0.0,0.0
30,79,0.0,1.2364652156829834
30,80,0.0,0.0
30,81,0.0,1.3172281980514526
30,82,0.0,1.2312618494033813
30,83,0.0,2.023714065551758
30,84,0.0,1.2684961557388306
30,85,0.0,1.2065768241882324
30,86,0.0,1.1292986869812012
30,87,0.0,1.1512458324432373
30,88,0.0,1.343178153038025
30,89,0.0,0.0
30,90,0.0,0.0
30,91,0.0,1.0706114768981934
30,92,0.0,1.1404463052749634
30,93,0.0,0.0
30,94,0.0,1.3124616146087646
30,95,0.0,1.1740353107452393
30,96,0.0,1.4408841133117676
30,97,0.0,1.1799005270004272
31,0,0.0,443.055908203125
31,1,0.0,2.525956630706787
31,2,0.0,350.978759765625
31,3,0.0,23.660062789916992
31,4,0.0,574.034423828125
31,5,0.0,22.7691650390625
31,6,0.0,899.5147705078125
31,7,0.0,0.0
31,8,0.0,43.60108184814453
31,9,0.0,676.17333984375
31,10,0.0,466.73712158203125
31,11,0.0,213.2791290283203
31,12,0.0,2.021479845046997
31,13,0.0,82.27734375
31,14,0.0,1.8173575401306152
31,15,0.0,2.836081027984619
31,16,0.0,472.5450439453125
31,17,0.0,340.1615295410156
31,18,0.0,0.7876811623573303
31,19,0.0,5.062894821166992
31,20,0.0,1089.3123779296875
31,21,0.0,0.0
31,22,0.0,0.9282652735710144
31,23,0.0,83.56520080566406
31,24,0.0,1.1549112796783447
31,25,0.0,1.504101037979126
31,26,0.0,1.0686887502670288
31,27,0.0,23.125656127929688
31,28,0.0,1162.4041748046875
31,29,0.0,747.8826904296875
31,30,0.0,0.0
31,31,0.0,6239.36572265625
31,32,0.0,2078.894775390625
31,33,0.0,538.8832397460938
31,34,0.0,600.5496826171875
31,35,0.0,57.41679382324219
31,36,0.0,519.21826171875
31,37,0.0,339.05096435546875
31,38,0.0,729.2900390625
31,39,0.0,1066.8177490234375
31,40,0.0,283.54949951171875
31,41,0.0,1443.0662841796875
31,42,0.0,1344.6591796875
31,43,0.0,2.4768168926239014
31,44,0.0,670.6612548828125
31,45,0.0,1039.920654296875
31,46,0.0,702.3793334960938
31,47,0.0,307.90997314453125
31,48,0.0,1347.018310546875
31,49,0.0,4843.7861328125
31,50,0.0,426.2473449707031
31,51,0.0,869.370849609375
31,52,0.0,909.00146484375
31,53,0.0,668.8412475585938
31,54,0.0,142.92808532714844
31,55,0.0,1334.9490966796875
31,56,0.0,1065.9991455078125
31,57,0.0,580.9470825195312
31,58,0.0,2.3114407062530518
31,59,0.0,291.2928466796875
31,60,0.0,477.2857971191406
31,61,0.0,467.53009033203125
31,62,0.0,1814.4609375
31,63,0.0,490.7341003417969
31,64,0.0,583.5423583984375
31,65,0.0,2149.584228515625
31,66,0.0,255.69329833984375
31,67,0.0,339.9961242675781
31,68,0.0,1050.09423828125
31,69,0.0,1158.471923828125
31,70,0.0,1215.763916015625
31,71,0.0,323.878662109375
31,72,0.0,418.389892578125
31,73,0.0,1641.650390625
31,74,0.0,882.6461181640625
31,75,0.0,1457.7392578125
31,76,0.0,1688.8763427734375
31,77,0.0,3866.50341796875
31,78,0.0,1387.6923828125
31,79,0.0,709.1973266601562
31,80,0.0,2.274893283843994
31,81,0.0,736.9949340820312
31,82,0.0,1194.2626953125
31,83,0.0,1025.8485107421875
31,84,0.0,614.4560546875
31,85,0.0,700.421875
31,86,0.0,429.93017578125
31,87,0.0,2244.587646484375
31,88,0.0,517.42431640625
31,89,0.0,2.139695644378662
31,90,0.0,3.5812394618988037
31,91,0.0,558.4403076171875
31,92,0.0,1760.439453125
31,93,0.0,12.843324661254883
31,94,0.0,885.8814697265625
31,95,0.0,687.2225341796875
31,96,0.0,717.471923828125
31,97,0.0,795.4170532226562
32,0,0.0,609.0223999023438
32,1,0.0,3.32598876953125
32,2,0.0,452.406982421875
32,3,0.0,41.02023696899414
32,4,0.0,606.6050415039062
32,5,0.0,54.99856185913086
32,6,0.0,1398.9261474609375
32,7,0.0,0.8412607312202454
32,8,0.0,81.15580749511719
32,9,0.0,816.6615600585938
32,10,0.0,631.2169799804688
32,11,0.0,286.8273620605469
32,12,0.0,2.372107744216919
32,13,0.0,113.7078628540039
32,14,0.0,2.0187628269195557
32,15,0.0,5.043530464172363
32,16,0.0,697.576416015625
32,17,0.0,455.3398132324219
32,18,0.0,0.7788063287734985
32,19,0.0,16.16722297668457
32,20,0.0,949.7017822265625
32,21,0.0,0.7938904166221619
32,22,0.0,0.9333359003067017
32,23,0.0,146.7805633544922
32,24,0.0,1.6096415519714355
32,25,0.0,1.6900124549865723
32,26,0.0,1.7530795335769653
32,27,0.0,37.83626174926758
32,28,0.0,1167.4378662109375
32,29,0.0,1580.33203125
32,30,0.0,0.8689557313919067
32,31,0.0,1844.6796875
32,32,0.0,8956.19140625
32,33,0.0,948.42626953125
32,34,0.0,937.9344482421875
32,35,0.0,73.34814453125
32,36,0.0,688.7601928710938
32,37,0.0,490.15673828125
32,38,0.0,912.1781616210938
32,39,0.0,2919.38671875
32,40,0.0,449.17510986328125
32,41,0.0,1668.1385498046875
32,42,0.0,1275.7403564453125
32,43,0.0,3.2021119594573975
32,44,0.0,609.2198486328125
32,45,0.0,1010.087158203125
32,46,0.0,930.3477172851562
32,47,0.0,440.0154724121094
32,48,0.0,1384.81884765625
32,49,0.0,4165.201171875
32,50,0.0,473.1099548339844
32,51,0.0,950.0433349609375
32,52,0.0,2058.284912109375
32,53,0.0,631.0594482421875
32,54,0.0,144.28518676757812
32,55,0.0,3186.81005859375
32,56,0.0,2741.888671875
32,57,0.0,1023.64013671875
32,58,0.0,3.0940637588500977
32,59,0.0,380.8203125
32,60,0.0,611.0469970703125
32,61,0.0,866.1852416992188
32,62,0.0,5512.6376953125
32,63,0.0,634.3388671875
32,64,0.0,783.01123046875
32,65,0.0,1207.5771484375
32,66,0.0,371.6354064941406
32,67,0.0,412.3963623046875
32,68,0.0,1565.4256591796875
32,69,0.0,1542.2305908203125
32,70,0.0,1213.395263671875
32,71,0.0,543.58349609375
32,72,0.0,454.426513671875
32,73,0.0,2883.27880859375
32,74,0.0,1151.5689697265625
32,75,0.0,1477.960205078125
32,76,0.0,2035.2559814453125
32,77,0.0,2778.365234375
32,78,0.0,1174.8023681640625
32,79,0.0,763.5552978515625
32,80,0.0,2.823457956314087
32,81,0.0,917.5081787109375
32,82,0.0,1266.9854736328125
32,83,0.0,1259.4395751953125
32,84,0.0,956.5571899414062
32,85,0.0,931.4707641601562
32,86,0.0,594.0986938476562
32,87,0.0,8992.671875
32,88,0.0,734.8312377929688
32,89,0.0,2.616621494293213
32,90,0.0,5.970280647277832
32,91,0.0,730.0852661132812
32,92,0.0,1520.16748046875
32,93,0.0,39.218936920166016
32,94,0.0,1253.956298828125
32,95,0.0,1345.9090576171875
32,96,0.0,1204.17236328125
32,97,0.0,858.3396606445312
33,0,0.0,461.7751770019531
33,1,0.0,3.2021849155426025
33,2,0.0,348.64141845703125
33,3,0.0,52.65281677246094
33,4,0.0,230.33132934570312
33,5,0.0,36.57503890991211
33,6,0.0,439.9517822265625
33,7,0.0,0.8706613779067993
33,8,0.0,138.22801208496094
33,9,0.0,588.2703247070312
33,10,0.0,507.58831787109375
33,11,0.0,280.6489562988281
33,12,0.0,1.4729827642440796
33,13,0.0,287.5649108886719
33,14,0.0,1.7815669775009155
33,15,0.0,1.2790708541870117
33,16,0.0,474.2677917480469
33,17,0.0,594.3140258789062
33,18,0.0,0.0
33,19,0.0,7.372709274291992
33,20,0.0,321.1533203125
33,21,0.0,0.0
33,22,0.0,0.9090186953544617
33,23,0.0,64.93692016601562
33,24,0.0,1.0043970346450806
33,25,0.0,1.612196922302246
33,26,0.0,1.0065333843231201
33,27,0.0,25.9375057220459
33,28,0.0,594.792724609375
33,29,0.0,400.9296569824219
33,30,0.0,0.8556279540061951
33,31,0.0,481.05633544921875
33,32,0.0,857.0352783203125
33,33,0.0,7974.44921875
33,34,0.0,1954.5535888671875
33,35,0.0,60.38907241821289
33,36,0.0,457.45233154296875
33,37,0.0,1599.973388671875
33,38,0.0,661.5050048828125
33,39,0.0,526.1314086914062
33,40,0.0,325.2027893066406
33,41,0.0,978.6707153320312
33,42,0.0,541.1605224609375
33,43,0.0,1.262994647026062
33,44,0.0,230.8701629638672
33,45,0.0,797.277587890625
33,46,0.0,780.4280395507812
33,47,0.0,495.896484375
33,48,0.0,680.069580078125
33,49,0.0,789.3424072265625
33,50,0.0,212.17630004882812
33,51,0.0,563.2493896484375
33,52,0.0,1300.3994140625
33,53,0.0,397.86517333984375
33,54,0.0,80.13114166259766
33,55,0.0,856.0631103515625
33,56,0.0,825.3309936523438
33,57,0.0,8594.3203125
33,58,0.0,1.4566071033477783
33,59,0.0,294.36663818359375
33,60,0.0,654.4756469726562
33,61,0.0,171.903076171875
33,62,0.0,877.5885620117188
33,63,0.0,618.235595703125
33,64,0.0,632.7384033203125
33,65,0.0,362.4474792480469
33,66,0.0,287.73638916015625
33,67,0.0,326.06256103515625
33,68,0.0,8791.3818359375
33,69,0.0,277.17138671875
33,70,0.0,905.3535766601562
33,71,0.0,1393.4105224609375
33,72,0.0,238.53768920898438
33,73,0.0,1476.339599609375
33,74,0.0,777.9088134765625
33,75,0.0,897.9093627929688
33,76,0.0,978.3821411132812
33,77,0.0,424.877685546875
33,78,0.0,340.7862854003906
33,79,0.0,709.3910522460938
33,80,0.0,1.5623451471328735
33,81,0.0,952.0633544921875
33,82,0.0,678.268310546875
33,83,0.0,1278.7646484375
33,84,0.0,714.906494140625
33,85,0.0,763.287841796875
33,86,0.0,502.1820068359375
33,87,0.0,898.7448120117188
33,88,0.0,754.3648071289062
33,89,0.0,1.5581313371658325
33,90,0.0,1.903830885887146
33,91,0.0,459.3135986328125
33,92,0.0,599.7981567382812
33,93,0.0,46.52116394042969
33,94,0.0,1196.2236328125
33,95,0.0,2781.5478515625
33,96,0.0,1822.0146484375
33,97,0.0,474.6204833984375
34,0,0.0,709.5723876953125
34,1,0.0,7.561067581176758
34,2,0.0,538.95458984375
34,3,0.0,133.5145263671875
34,4,0.0,291.919677734375
34,5,0.0,25.97462272644043
34,6,0.0,528.3375244140625
34,7,0.0,2.0310354232788086
34,8,0.0,100.75586700439453
34,9,0.0,887.7601318359375
34,10,0.0,873.5037231445312
34,11,0.0,465.38555908203125
34,12,0.0,1.4131563901901245
34,13,0.0,296.6622314453125
34,14,0.0,2.178837776184082
34,15,0.0,1.6118041276931763
34,16,0.0,661.93359375
34,17,0.0,1730.3739013671875
34,18,0.0,0.9932295083999634
34,19,0.0,4.701150894165039
34,20,0.0,369.04339599609375
34,21,0.0,0.0
34,22,0.0,0.9114671945571899
34,23,0.0,61.49361801147461
34,24,0.0,1.0989360809326172
34,25,0.0,1.7441977262496948
34,26,0.0,1.0365245342254639
34,27,0.0,45.896759033203125
34,28,0.0,729.2736206054688
34,29,0.0,433.6895751953125
34,30,0.0,1.616052508354187
34,31,0.0,578.40673828125
34,32,0.0,999.81640625
34,33,0.0,1657.514892578125
34,34,0.0,10614.75
34,35,0.0,82.52033233642578
34,36,0.0,718.6380615234375
34,37,0.0,2367.775390625
34,38,0.0,993.8310546875
34,39,0.0,533.3787841796875
34,40,0.0,546.54150390625
34,41,0.0,1395.494384765625
34,42,0.0,738.3876953125
34,43,0.0,1.4067957401275635
34,44,0.0,303.15325927734375
34,45,0.0,1192.55419921875
34,46,0.0,1315.23388671875
34,47,0.0,1034.609130859375
34,48,0.0,848.9483642578125
34,49,0.0,951.9906005859375
34,50,0.0,255.84812927246094
34,51,0.0,816.7740478515625
34,52,0.0,1068.0513916015625
34,53,0.0,552.5046997070312
34,54,0.0,98.25537109375
34,55,0.0,924.57470703125
34,56,0.0,865.5257568359375
34,57,0.0,1804.771240234375
34,58,0.0,1.4973206520080566
34,59,0.0,432.0111999511719
34,60,0.0,1327.568359375
34,61,0.0,182.52206420898438
34,62,0.0,982.734130859375
34,63,0.0,1089.4527587890625
34,64,0.0,1019.6107788085938
34,65,0.0,452.62628173828125
34,66,0.0,528.5768432617188
34,67,0.0,485.3794860839844
34,68,0.0,3376.113037109375
34,69,0.0,317.6552734375
34,70,0.0,1489.8359375
34,71,0.0,2144.00830078125
34,72,0.0,330.7528076171875
34,73,0.0,1604.2928466796875
34,74,0.0,1221.5015869140625
34,75,0.0,1241.2738037109375
34,76,0.0,1194.841552734375
34,77,0.0,498.70477294921875
34,78,0.0,388.5924072265625
34,79,0.0,1081.55078125
34,80,0.0,1.4949907064437866
34,81,0.0,1747.01220703125
34,82,0.0,872.224365234375
34,83,0.0,2307.082275390625
34,84,0.0,1289.3138427734375
34,85,0.0,1280.564208984375
34,86,0.0,794.9134521484375
34,87,0.0,997.5504150390625
34,88,0.0,1527.8292236328125
34,89,0.0,1.494545578956604
34,90,0.0,1.8875596523284912
34,91,0.0,670.299560546875
34,92,0.0,822.3124389648438
34,93,0.0,23.673017501831055
34,94,0.0,2152.28857421875
34,95,0.0,1370.3643798828125
34,96,0.0,4368.4541015625
34,97,0.0,637.9644165039062
35,0,0.0,162.55752563476562
35,1,0.0,0.0
35,2,0.0,88.56411743164062
35,3,0.0,1.4522877931594849
35,4,0.0,10.047816276550293
35,5,0.0,1.1968984603881836
35,6,0.0,24.198101043701172
35,7,0.0,0.0
35,8,0.0,0.0
35,9,0.0,58.0103759765625
35,10,0.0,230.1542205810547
35,11,0.0,77.5079345703125
35,12,0.0,0.9390997886657715
35,13,0.0,0.0
35,14,0.0,0.0
35,15,0.0,0.95091712474823
35,16,0.0,381.9740905761719
35,17,0.0,35.07019805908203
35,18,0.0,0.0
35,19,0.0,0.0
35,20,0.0,28.250934600830078
35,21,0.0,0.0
35,22,0.0,0.7834594249725342
35,23,0.0,1.408362865447998
35,24,0.0,0.8750952482223511
35,25,0.0,1.5054532289505005
35,26,0.0,0.9203588366508484
35,27,0.0,13.620010375976562
35,28,0.0,72.61714172363281
35,29,0.0,20.630699157714844
35,30,0.0,0.0
35,31,0.0,47.836238861083984
35,32,0.0,64.41045379638672
35,33,0.0,48.492401123046875
35,34,0.0,77.77027893066406
35,35,0.0,264.2038879394531
35,36,0.0,83.30079650878906
35,37,0.0,37.6588134765625
35,38,0.0,153.0238037109375
35,39,0.0,38.364261627197266
35,40,0.0,236.5052032470703
35,41,0.0,113.55972290039062
35,42,0.0,65.53463745117188
35,43,0.0,0.9757339358329773
35,44,0.0,13.465780258178711
35,45,0.0,120.7263412475586
35,46,0.0,90.44760131835938
35,47,0.0,57.431129455566406
35,48,0.0,86.10584259033203
35,49,0.0,63.71926498413086
35,50,0.0,13.249214172363281
35,51,0.0,72.04065704345703
35,52,0.0,51.04651641845703
35,53,0.0,88.03852844238281
35,54,0.0,2.9546759128570557
35,55,0.0,62.49838638305664
35,56,0.0,45.651432037353516
35,57,0.0,58.21675109863281
35,58,0.0,0.9365507364273071
35,59,0.0,107.67694091796875
35,60,0.0,77.95006561279297
35,61,0.0,5.927926540374756
35,62,0.0,59.43719482421875
35,63,0.0,121.84270477294922
35,64,0.0,129.45187377929688
35,65,0.0,37.66395568847656
35,66,0.0,96.02262115478516
35,67,0.0,146.43406677246094
35,68,0.0,92.43584442138672
35,69,0.0,13.835159301757812
35,70,0.0,169.10145568847656
35,71,0.0,34.71013641357422
35,72,0.0,12.547380447387695
35,73,0.0,84.31005859375
35,74,0.0,102.09478759765625
35,75,0.0,111.98284912109375
35,76,0.0,105.62908935546875
35,77,0.0,33.68464279174805
35,78,0.0,19.500303268432617
35,79,0.0,243.4689178466797
35,80,0.0,0.9605287313461304
35,81,0.0,144.0379180908203
35,82,0.0,83.63439178466797
35,83,0.0,159.7838134765625
35,84,0.0,94.80714416503906
35,85,0.0,118.56851959228516
35,86,0.0,204.55062866210938
35,87,0.0,68.66242218017578
35,88,0.0,53.96430969238281
35,89,0.0,0.0
35,90,0.0,0.0
35,91,0.0,114.94313049316406
35,92,0.0,66.67503356933594
35,93,0.0,0.0
35,94,0.0,96.27239227294922
35,95,0.0,55.2456169128418
35,96,0.0,75.68812561035156
35,97,0.0,89.80509185791016
36,0,0.0,963.1658935546875
36,1,0.0,3.399886131286621
36,2,0.0,1035.6048583984375
36,3,0.0,37.70829772949219
36,4,0.0,250.177734375
36,5,0.0,7.370436668395996
36,6,0.0,416.613525390625
36,7,0.0,0.0
36,8,0.0,24.681068420410156
36,9,0.0,897.3148193359375
36,10,0.0,918.8252563476562
36,11,0.0,428.2298583984375
36,12,0.0,1.321784496307373
36,13,0.0,72.76950073242188
36,14,0.0,3.7089314460754395
36,15,0.0,1.1527708768844604
36,16,0.0,796.3187866210938
36,17,0.0,448.9334716796875
36,18,0.0,0.8630126714706421
36,19,0.0,2.5664501190185547
36,20,0.0,360.565673828125
36,21,0.0,0.0
36,22,0.0,0.9199116826057434
36,23,0.0,29.53843116760254
36,24,0.0,1.073540449142456
36,25,0.0,1.7413135766983032
36,26,0.0,0.9638369083404541
36,27,0.0,43.48082733154297
36,28,0.0,883.337890625
36,29,0.0,331.7535400390625
36,30,0.0,0.8102220296859741
36,31,0.0,489.777587890625
36,32,0.0,709.205810546875
36,33,0.0,485.82501220703125
36,34,0.0,702.2216796875
36,35,0.0,91.30525970458984
36,36,0.0,5596.2978515625
36,37,0.0,350.412109375
36,38,0.0,2279.3154296875
36,39,0.0,376.66351318359375
36,40,0.0,539.441650390625
36,41,0.0,2543.7919921875
36,42,0.0,741.5924682617188
36,43,0.0,1.2429089546203613
36,44,0.0,339.88275146484375
36,45,0.0,4676.236328125
36,46,0.0,2492.076416015625
36,47,0.0,473.0788879394531
36,48,0.0,1104.7962646484375
36,49,0.0,739.0942993164062
36,50,0.0,347.5703125
36,51,0.0,1241.9700927734375
36,52,0.0,534.8353271484375
36,53,0.0,898.1241455078125
36,54,0.0,125.59132385253906
36,55,0.0,611.20654296875
36,56,0.0,502.72100830078125
36,57,0.0,569.954833984375
36,58,0.0,1.355558156967163
36,59,0.0,763.931884765625
36,60,0.0,933.1322021484375
36,61,0.0,148.41091918945312
36,62,0.0,639.7510986328125
36,63,0.0,756.6340942382812
36,64,0.0,2777.1337890625
36,65,0.0,431.9493103027344
36,66,0.0,626.6165161132812
36,67,0.0,690.2647094726562
36,68,0.0,920.9583129882812
36,69,0.0,253.36962890625
36,70,0.0,3755.29931640625
36,71,0.0,365.6188049316406
36,72,0.0,385.5574645996094
36,73,0.0,890.0606689453125
36,74,0.0,2789.965576171875
36,75,0.0,1905.725830078125
36,76,0.0,1618.302978515625
36,77,0.0,447.18585205078125
36,78,0.0,354.27789306640625
36,79,0.0,1488.280517578125
36,80,0.0,1.3993990421295166
36,81,0.0,1552.2696533203125
36,82,0.0,1255.5394287109375
36,83,0.0,2314.892333984375
36,84,0.0,1644.2203369140625
36,85,0.0,4927.75048828125
36,86,0.0,798.4818725585938
36,87,0.0,691.8262939453125
36,88,0.0,779.9353637695312
36,89,0.0,1.3626435995101929
36,90,0.0,1.6666641235351562
36,91,0.0,1389.109375
36,92,0.0,788.4518432617188
36,93,0.0,5.996983051300049
36,94,0.0,1558.445068359375
36,95,0.0,508.9226379394531
36,96,0.0,775.0882568359375
36,97,0.0,1320.1162109375
37,0,0.0,368.64959716796875
37,1,0.0,3.346677780151367
37,2,0.0,255.06735229492188
37,3,0.0,49.198524475097656
37,4,0.0,179.43421936035156
37,5,0.0,13.176409721374512
37,6,0.0,295.011474609375
37,7,0.0,1.0066072940826416
37,8,0.0,62.52030944824219
37,9,0.0,445.5141296386719
37,10,0.0,425.34857177734375
37,11,0.0,235.24884033203125
37,12,0.0,1.277129888534546
37,13,0.0,245.11669921875
37,14,0.0,1.661867380142212
37,15,0.0,1.1302506923675537
37,16,0.0,367.47509765625
37,17,0.0,579.6522216796875
37,18,0.0,0.0
37,19,0.0,3.7091434001922607
37,20,0.0,223.49378967285156
37,21,0.0,0.0
37,22,0.0,0.9134507179260254
37,23,0.0,34.191375732421875
37,24,0.0,1.10028076171875
37,25,0.0,1.581154227256775
37,26,0.0,1.0507216453552246
37,27,0.0,16.83609962463379
37,28,0.0,392.74871826171875
37,29,0.0,270.11920166015625
37,30,0.0,0.8386424779891968
37,31,0.0,329.9262390136719
37,32,0.0,548.9276123046875
37,33,0.0,1521.85791015625
37,34,0.0,2381.95654296875
37,35,0.0,47.43913650512695
37,36,0.0,378.7106018066406
37,37,0.0,3569.653564453125
37,38,0.0,633.5443115234375
37,39,0.0,313.94317626953125
37,40,0.0,270.8651123046875
37,41,0.0,738.89599609375
37,42,0.0,383.31134033203125
37,43,0.0,1.2557860612869263
37,44,0.0,170.71397399902344
37,45,0.0,552.1724853515625
37,46,0.0,561.1674194335938
37,47,0.0,455.5668640136719
37,48,0.0,448.8489074707031
37,49,0.0,474.69342041015625
37,50,0.0,153.41229248046875
37,51,0.0,444.8332824707031
37,52,0.0,647.7403564453125
37,53,0.0,300.1446228027344
37,54,0.0,60.19441223144531
37,55,0.0,488.59429931640625
37,56,0.0,529.0654907226562
37,57,0.0,1379.2430419921875
37,58,0.0,1.2409825325012207
37,59,0.0,238.5836181640625
37,60,0.0,604.1486206054688
37,61,0.0,115.48200988769531
37,62,0.0,554.021728515625
37,63,0.0,519.1369018554688
37,64,0.0,455.5189208984375
37,65,0.0,259.462646484375
37,66,0.0,237.7660675048828
37,67,0.0,257.0413513183594
37,68,0.0,2716.570068359375
37,69,0.0,197.69775390625
37,70,0.0,787.8989868164062
37,71,0.0,2651.31640625
37,72,0.0,179.7385711669922
37,73,0.0,830.5155029296875
37,74,0.0,603.03759765625
37,75,0.0,667.9149780273438
37,76,0.0,704.1156005859375
37,77,0.0,284.8345031738281
37,78,0.0,239.36500549316406
37,79,0.0,560.5234375
37,80,0.0,1.4252218008041382
37,81,0.0,736.066650390625
37,82,0.0,495.4752502441406
37,83,0.0,1079.5467529296875
37,84,0.0,587.3528442382812
37,85,0.0,554.8065185546875
37,86,0.0,425.0566101074219
37,87,0.0,512.2128295898438
37,88,0.0,639.7353515625
37,89,0.0,1.4045255184173584
37,90,0.0,1.6466360092163086
37,91,0.0,353.10333251953125
37,92,0.0,384.0913391113281
37,93,0.0,14.283464431762695
37,94,0.0,873.232666015625
37,95,0.0,939.970703125
37,96,0.0,1448.437744140625
37,97,0.0,324.04949951171875
38,0,0.0,3270.377685546875
38,1,0.0,9.55724048614502
38,2,0.0,4320.40478515625
38,3,0.0,80.03905487060547
38,4,0.0,331.02349853515625
38,5,0.0,20.590442657470703
38,6,0.0,526.2314453125
38,7,0.0,0.9036200642585754
38,8,0.0,60.51818084716797
38,9,0.0,1385.0394287109375
38,10,0.0,2212.5888671875
38,11,0.0,878.0380249023438
38,12,0.0,1.6597400903701782
38,13,0.0,112.59962463378906
38,14,0.0,11.762182235717773
38,15,0.0,1.6257773637771606
38,16,0.0,2392.250732421875
38,17,0.0,669.9146118164062
38,18,0.0,0.861261785030365
38,19,0.0,5.166010856628418
38,20,0.0,700.4365234375
38,21,0.0,0.0
38,22,0.0,0.8678382635116577
38,23,0.0,63.58382034301758
38,24,0.0,1.312852382659912
38,25,0.0,3.4393627643585205
38,26,0.0,1.2424325942993164
38,27,0.0,120.56183624267578
38,28,0.0,1113.396728515625
38,29,0.0,574.7272338867188
38,30,0.0,0.9299987554550171
38,31,0.0,858.4799194335938
38,32,0.0,1097.3658447265625
38,33,0.0,850.8870849609375
38,34,0.0,1190.6669921875
38,35,0.0,180.6001434326172
38,36,0.0,2477.1748046875
38,37,0.0,620.81689453125
38,38,0.0,11096.1748046875
38,39,0.0,813.7315673828125
38,40,0.0,1227.359375
38,41,0.0,3492.592529296875
38,42,0.0,1145.11474609375
38,43,0.0,1.6763458251953125
38,44,0.0,489.6437683105469
38,45,0.0,2796.897216796875
38,46,0.0,1839.220947265625
38,47,0.0,887.4806518554688
38,48,0.0,1415.699951171875
38,49,0.0,1100.374755859375
38,50,0.0,490.1683349609375
38,51,0.0,1766.3819580078125
38,52,0.0,897.3041381835938
38,53,0.0,1228.77099609375
38,54,0.0,191.7760009765625
38,55,0.0,972.4713745117188
38,56,0.0,910.500732421875
38,57,0.0,995.878173828125
38,58,0.0,1.705356240272522
38,59,0.0,2180.29052734375
38,60,0.0,1447.6898193359375
38,61,0.0,247.61045837402344
38,62,0.0,1068.593017578125
38,63,0.0,1555.0133056640625
38,64,0.0,5862.43798828125
38,65,0.0,800.0445556640625
38,66,0.0,1240.0660400390625
38,67,0.0,2199.882568359375
38,68,0.0,1249.938720703125
38,69,0.0,431.3914794921875
38,70,0.0,6962.77294921875
38,71,0.0,657.226318359375
38,72,0.0,465.69708251953125
38,73,0.0,1299.2554931640625
38,74,0.0,2454.593505859375
38,75,0.0,2372.775390625
38,76,0.0,3158.15966796875
38,77,0.0,783.13623046875
38,78,0.0,548.0896606445312
38,79,0.0,3499.8681640625
38,80,0.0,1.850637435913086
38,81,0.0,2613.5068359375
38,82,0.0,1425.23095703125
38,83,0.0,3438.576904296875
38,84,0.0,2105.158447265625
38,85,0.0,3459.331298828125
38,86,0.0,1966.83154296875
38,87,0.0,1212.281982421875
38,88,0.0,1074.733154296875
38,89,0.0,1.681268334388733
38,90,0.0,2.6107516288757324
38,91,0.0,3869.403564453125
38,92,0.0,1175.74609375
38,93,0.0,19.4080753326416
38,94,0.0,1941.7353515625
38,95,0.0,984.424560546875
38,96,0.0,1370.99609375
38,97,0.0,2725.361328125
39,0,0.0,364.9492492675781
39,1,0.0,2.0112223625183105
39,2,0.0,285.469482421875
39,3,0.0,11.845924377441406
39,4,0.0,287.8493347167969
39,5,0.0,19.816539764404297
39,6,0.0,596.65771484375
39,7,0.0,0.0
39,8,0.0,38.16994094848633
39,9,0.0,473.3765563964844
39,10,0.0,395.2305908203125
39,11,0.0,186.36892700195312
39,12,0.0,2.349426507949829
39,13,0.0,80.85344696044922
39,14,0.0,1.525606632232666
39,15,0.0,5.321166038513184
39,16,0.0,385.26947021484375
39,17,0.0,286.4653015136719
39,18,0.0,0.0
39,19,0.0,6.0572099685668945
39,20,0.0,555.956787109375
39,21,0.0,0.0
39,22,0.0,0.8756040334701538
39,23,0.0,153.25900268554688
39,24,0.0,1.2067283391952515
39,25,0.0,0.0
39,26,0.0,1.0636465549468994
39,27,0.0,13.819259643554688
39,28,0.0,732.6106567382812
39,29,0.0,3709.82275390625
39,30,0.0,0.0
39,31,0.0,1054.727294921875
39,32,0.0,2991.117431640625
39,33,0.0,525.3516845703125
39,34,0.0,548.8145141601562
39,35,0.0,44.66090774536133
39,36,0.0,390.95635986328125
39,37,0.0,318.02777099609375
39,38,0.0,678.4585571289062
39,39,0.0,7734.541015625
39,40,0.0,261.54888916015625
39,41,0.0,1063.7005615234375
39,42,0.0,820.846923828125
39,43,0.0,5.848936080932617
39,44,0.0,313.8232727050781
39,45,0.0,821.8509521484375
39,46,0.0,644.4091186523438
39,47,0.0,281.3502502441406
39,48,0.0,878.8510131835938
39,49,0.0,1751.587890625
39,50,0.0,238.85340881347656
39,51,0.0,564.6890869140625
39,52,0.0,1092.69921875
39,53,0.0,455.8411560058594
39,54,0.0,94.80079650878906
39,55,0.0,6134.65087890625
39,56,0.0,1179.12890625
39,57,0.0,570.7459716796875
39,58,0.0,4.922671318054199
39,59,0.0,211.2291717529297
39,60,0.0,395.1724548339844
39,61,0.0,1227.210205078125
39,62,0.0,1741.8538818359375
39,63,0.0,403.0118408203125
39,64,0.0,462.1600341796875
39,65,0.0,609.553466796875
39,66,0.0,191.0904083251953
39,67,0.0,279.6563720703125
39,68,0.0,1039.475341796875
39,69,0.0,1127.9974365234375
39,70,0.0,1008.3905029296875
39,71,0.0,327.9653015136719
39,72,0.0,239.72390747070312
39,73,0.0,1582.5340576171875
39,74,0.0,642.4669189453125
39,75,0.0,970.45849609375
39,76,0.0,1215.4942626953125
39,77,0.0,1264.493896484375
39,78,0.0,514.64013671875
39,79,0.0,630.6762084960938
39,80,0.0,3.1147265434265137
39,81,0.0,618.7797241210938
39,82,0.0,782.568115234375
39,83,0.0,849.7483520507812
39,84,0.0,488.8580017089844
39,85,0.0,547.0175170898438
39,86,0.0,368.14239501953125
39,87,0.0,7027.7177734375
39,88,0.0,419.5474548339844
39,89,0.0,2.894716262817383
39,90,0.0,8.04493522644043
39,91,0.0,428.84857177734375
39,92,0.0,934.6146850585938
39,93,0.0,11.645075798034668
39,94,0.0,697.6536865234375
39,95,0.0,737.0924682617188
39,96,0.0,627.2538452148438
39,97,0.0,447.9695739746094
40,0,0.0,1322.115478515625
40,1,0.0,2.405822992324829
40,2,0.0,587.9862060546875
40,3,0.0,14.869864463806152
40,4,0.0,125.31310272216797
40,5,0.0,3.2108118534088135
40,6,0.0,220.03146362304688
40,7,0.0,0.0
40,8,0.0,9.889640808105469
40,9,0.0,354.2808837890625
40,10,0.0,2701.205810546875
40,11,0.0,610.212158203125
40,12,0.0,1.2083820104599
40,13,0.0,0.0
40,14,0.0,2.3605430126190186
40,15,0.0,1.0816140174865723
40,16,0.0,2027.65869140625
40,17,0.0,255.7375946044922
40,18,0.0,0.0
40,19,0.0,1.6317741870880127
40,20,0.0,211.669921875
40,21,0.0,0.0
40,22,0.0,0.8420009613037109
40,23,0.0,9.684123992919922
40,24,0.0,0.9954700469970703
40,25,0.0,2.7805986404418945
40,26,0.0,0.0
40,27,0.0,551.8440551757812
40,28,0.0,368.33856201171875
40,29,0.0,199.2699737548828
40,30,0.0,0.0
40,31,0.0,274.596923828125
40,32,0.0,397.90631103515625
40,33,0.0,310.75665283203125
40,34,0.0,500.97698974609375
40,35,0.0,225.6968231201172
40,36,0.0,505.760009765625
40,37,0.0,254.03782653808594
40,38,0.0,1028.82177734375
40,39,0.0,254.5797882080078
40,40,0.0,5650.6787109375
40,41,0.0,853.0170288085938
40,42,0.0,397.4042053222656
40,43,0.0,1.1820485591888428
40,44,0.0,144.7731475830078
40,45,0.0,768.9555053710938
40,46,0.0,571.4938354492188
40,47,0.0,407.3455810546875
40,48,0.0,543.874755859375
40,49,0.0,364.93035888671875
40,50,0.0,151.46005249023438
40,51,0.0,418.47406005859375
40,52,0.0,345.624267578125
40,53,0.0,378.83697509765625
40,54,0.0,62.23208999633789
40,55,0.0,392.891357421875
40,56,0.0,306.23779296875
40,57,0.0,356.5480041503906
40,58,0.0,1.209326982498169
40,59,0.0,742.148193359375
40,60,0.0,523.685546875
40,61,0.0,88.45207977294922
40,62,0.0,374.89300537109375
40,63,0.0,904.7330932617188
40,64,0.0,991.880615234375
40,65,0.0,228.5777130126953
40,66,0.0,860.6715698242188
40,67,0.0,831.88818359375
40,68,0.0,632.6981201171875
40,69,0.0,148.70042419433594
40,70,0.0,1127.96630859375
40,71,0.0,256.5380859375
40,72,0.0,156.21548461914062
40,73,0.0,523.9478149414062
40,74,0.0,623.2342529296875
40,75,0.0,790.7109985351562
40,76,0.0,856.288818359375
40,77,0.0,254.57809448242188
40,78,0.0,175.3887939453125
40,79,0.0,2056.297607421875
40,80,0.0,0.0
40,81,0.0,1318.480712890625
40,82,0.0,527.9285888671875
40,83,0.0,1444.468017578125
40,84,0.0,640.4651489257812
40,85,0.0,914.0882568359375
40,86,0.0,2867.38916015625
40,87,0.0,378.53070068359375
40,88,0.0,372.81048583984375
40,89,0.0,1.2304164171218872
40,90,0.0,0.0
40,91,0.0,624.5732421875
40,92,0.0,414.3390197753906
40,93,0.0,2.9697530269622803
40,94,0.0,696.9744873046875
40,95,0.0,347.56719970703125
40,96,0.0,528.3659057617188
40,97,0.0,465.3289794921875
41,0,0.0,1638.259521484375
41,1,0.0,13.67764949798584
41,2,0.0,1363.085693359375
41,3,0.0,87.69639587402344
41,4,0.0,639.6356201171875
41,5,0.0,50.89763641357422
41,6,0.0,913.3728637695312
41,7,0.0,1.0566247701644897
41,8,0.0,90.01350402832031
41,9,0.0,2028.7962646484375
41,10,0.0,1545.406005859375
41,11,0.0,637.9796142578125
41,12,0.0,2.069685697555542
41,13,0.0,157.4190673828125
41,14,0.0,6.957627296447754
41,15,0.0,2.2596147060394287
41,16,0.0,1625.939697265625
41,17,0.0,881.8621215820312
41,18,0.0,0.8851577043533325
41,19,0.0,11.754265785217285
41,20,0.0,1385.2330322265625
41,21,0.0,0.8204076290130615
41,22,0.0,1.0952818393707275
41,23,0.0,93.4058837890625
41,24,0.0,1.5030766725540161
41,25,0.0,3.7305450439453125
41,26,0.0,1.4557019472122192
41,27,0.0,98.79084014892578
41,28,0.0,2705.913330078125
41,29,0.0,817.8405151367188
41,30,0.0,1.1938570737838745
41,31,0.0,1495.3892822265625
41,32,0.0,1990.3310546875
41,33,0.0,1162.42236328125
41,34,0.0,1472.4365234375
41,35,0.0,149.24835205078125
41,36,0.0,2674.89501953125
41,37,0.0,784.4046630859375
41,38,0.0,3414.162841796875
41,39,0.0,1181.157470703125
41,40,0.0,892.794921875
41,41,0.0,15453.4736328125
41,42,0.0,2335.58349609375
41,43,0.0,2.1479105949401855
41,44,0.0,975.09130859375
41,45,0.0,6974.2333984375
41,46,0.0,2950.9111328125
41,47,0.0,926.7708740234375
41,48,0.0,3859.5361328125
41,49,0.0,2169.395263671875
41,50,0.0,1379.9049072265625
41,51,0.0,5669.8076171875
41,52,0.0,1330.775146484375
41,53,0.0,2564.04296875
41,54,0.0,341.1893310546875
41,55,0.0,1465.3414306640625
41,56,0.0,1319.886474609375
41,57,0.0,1213.1109619140625
41,58,0.0,2.3480281829833984
41,59,0.0,1170.2701416015625
41,60,0.0,1409.218994140625
41,61,0.0,411.9746398925781
41,62,0.0,1726.805419921875
41,63,0.0,1587.2647705078125
41,64,0.0,2476.328125
41,65,0.0,1213.589111328125
41,66,0.0,1140.4735107421875
41,67,0.0,1093.806396484375
41,68,0.0,2153.03955078125
41,69,0.0,668.7636108398438
41,70,0.0,5835.103515625
41,71,0.0,755.1256713867188
41,72,0.0,1308.6729736328125
41,73,0.0,2035.984130859375
41,74,0.0,4520.28955078125
41,75,0.0,9689.994140625
41,76,0.0,5770.0166015625
41,77,0.0,1209.4217529296875
41,78,0.0,839.0504150390625
41,79,0.0,2209.169921875
41,80,0.0,2.531282424926758
41,81,0.0,2171.468994140625
41,82,0.0,4883.2568359375
41,83,0.0,3078.71240234375
41,84,0.0,2111.8583984375
41,85,0.0,3177.252197265625
41,86,0.0,1397.645263671875
41,87,0.0,1930.0396728515625
41,88,0.0,1522.297119140625
41,89,0.0,2.325472116470337
41,90,0.0,4.800261974334717
41,91,0.0,2538.18212890625
41,92,0.0,2531.064208984375
41,93,0.0,42.485530853271484
41,94,0.0,2764.856689453125
41,95,0.0,1395.6334228515625
41,96,0.0,1711.326904296875
41,97,0.0,4062.546142578125
42,0,0.0,558.1598510742188
42,1,0.0,2.716586112976074
42,2,0.0,527.214599609375
42,3,0.0,29.643041610717773
42,4,0.0,386.1564636230469
42,5,0.0,12.570419311523438
42,6,0.0,543.5953369140625
42,7,0.0,0.8919334411621094
42,8,0.0,37.71393966674805
42,9,0.0,793.7557373046875
42,10,0.0,633.3305053710938
42,11,0.0,249.14175415039062
42,12,0.0,1.7998156547546387
42,13,0.0,83.10885620117188
42,14,0.0,2.051828145980835
42,15,0.0,2.0694520473480225
42,16,0.0,751.8616943359375
42,17,0.0,318.163330078125
42,18,0.0,0.865519642829895
42,19,0.0,4.143716335296631
42,20,0.0,2042.582275390625
42,21,0.0,0.0
42,22,0.0,0.9122450947761536
42,23,0.0,65.41708374023438
42,24,0.0,1.4398057460784912
42,25,0.0,1.654334306716919
42,26,0.0,1.2861969470977783
42,27,0.0,35.54365158081055
42,28,0.0,3496.482421875
42,29,0.0,643.9828491210938
42,30,0.0,0.9323170781135559
42,31,0.0,1310.99560546875
42,32,0.0,1244.580322265625
42,33,0.0,589.910888671875
42,34,0.0,661.77783203125
42,35,0.0,76.52762603759766
42,36,0.0,767.0470581054688
42,37,0.0,361.0631408691406
42,38,0.0,917.7723388671875
42,39,0.0,847.609375
42,40,0.0,381.04339599609375
42,41,0.0,1966.2567138671875
42,42,0.0,7313.5068359375
42,43,0.0,1.919095754623413
42,44,0.0,687.3296508789062
42,45,0.0,1224.18798828125
42,46,0.0,901.4710083007812
42,47,0.0,332.2795104980469
42,48,0.0,2995.539794921875
42,49,0.0,1432.3377685546875
42,50,0.0,670.615966796875
42,51,0.0,1239.6458740234375
42,52,0.0,772.055908203125
42,53,0.0,1140.64990234375
42,54,0.0,305.94927978515625
42,55,0.0,1033.7978515625
42,56,0.0,798.92724609375
42,57,0.0,633.3947143554688
42,58,0.0,1.8980189561843872
42,59,0.0,434.0075988769531
42,60,0.0,576.28369140625
42,61,0.0,316.8401184082031
42,62,0.0,1154.681396484375
42,63,0.0,615.1041259765625
42,64,0.0,830.1694946289062
42,65,0.0,1581.9132080078125
42,66,0.0,338.5993957519531
42,67,0.0,446.84783935546875
42,68,0.0,965.81396484375
42,69,0.0,553.088623046875
42,70,0.0,1437.744873046875
42,71,0.0,375.27801513671875
42,72,0.0,481.69775390625
42,73,0.0,1179.0341796875
42,74,0.0,1189.764892578125
42,75,0.0,2331.836669921875
42,76,0.0,3871.142578125
42,77,0.0,1173.41796875
42,78,0.0,650.27490234375
42,79,0.0,806.8508911132812
42,80,0.0,1.9378231763839722
42,81,0.0,841.956787109375
42,82,0.0,1643.2857666015625
42,83,0.0,1180.7530517578125
42,84,0.0,804.5154418945312
42,85,0.0,975.2311401367188
42,86,0.0,567.7095336914062
42,87,0.0,1269.5333251953125
42,88,0.0,571.6484985351562
42,89,0.0,1.8429489135742188
42,90,0.0,2.5929346084594727
42,91,0.0,903.10107421875
42,92,0.0,4710.44287109375
42,93,0.0,9.478679656982422
42,94,0.0,1040.005126953125
42,95,0.0,658.4080810546875
42,96,0.0,752.633544921875
42,97,0.0,1304.0458984375
43,0,0.0,1.7100435495376587
43,1,0.0,0.0
43,2,0.0,1.4676793813705444
43,3,0.0,0.0
43,4,0.0,0.0
43,5,0.0,0.0
43,6,0.0,1.8548401594161987
43,7,0.0,0.0
43,8,0.0,0.0
43,9,0.0,2.0102133750915527
43,10,0.0,1.6022758483886719
43,11,0.0,0.0
43,12,0.0,0.0
43,13,0.0,0.0
43,14,0.0,0.0
43,15,0.0,0.0
43,16,0.0,1.4264371395111084
43,17,0.0,0.0
43,18,0.0,0.0
43,19,0.0,0.0
43,20,0.0,1.692553997039795
43,21,0.0,0.0
43,22,0.0,0.0
43,23,0.0,1.124987006187439
43,24,0.0,0.0
43,25,0.0,0.0
43,26,0.0,0.8710519671440125
43,27,0.0,0.0
43,28,0.0,2.1272573471069336
43,29,0.0,5.10067892074585
43,30,0.0,0.0
43,31,0.0,2.359170913696289
43,32,0.0,4.145120620727539
43,33,0.0,1.6956983804702759
43,34,0.0,1.8001271486282349
43,35,0.0,0.0
43,36,0.0,1.5518755912780762
43,37,0.0,0.0
43,38,0.0,1.6888073682785034
43,39,0.0,5.895107269287109
43,40,0.0,1.336746096611023
43,41,0.0,2.160388946533203
43,42,0.0,2.0570971965789795
43,43,0.0,1.7276742458343506
43,44,0.0,1.6302824020385742
43,45,0.0,2.0517737865448
43,46,0.0,1.7652900218963623
43,47,0.0,1.3619494438171387
43,48,0.0,2.2130603790283203
43,49,0.0,2.6465208530426025
43,50,0.0,1.3713111877441406
43,51,0.0,1.8264211416244507
43,52,0.0,2.201831817626953
43,53,0.0,1.732596516609192
43,54,0.0,0.0
43,55,0.0,8.374598503112793
43,56,0.0,2.334550619125366
43,57,0.0,1.7557411193847656
43,58,0.0,1.0971143245697021
43,59,0.0,1.309791922569275
43,60,0.0,1.7001230716705322
43,61,0.0,2.692234992980957
43,62,0.0,2.6034233570098877
43,63,0.0,1.5395389795303345
43,64,0.0,1.6713911294937134
43,65,0.0,1.635619044303894
43,66,0.0,1.2067890167236328
43,67,0.0,1.439098596572876
43,68,0.0,2.1689462661743164
43,69,0.0,2.391878128051758
43,70,0.0,2.073845863342285
43,71,0.0,0.0
43,72,0.0,1.468209147453308
43,73,0.0,3.011929512023926
43,74,0.0,1.9268858432769775
43,75,0.0,2.2716445922851562
43,76,0.0,2.1891510486602783
43,77,0.0,2.5047287940979004
43,78,0.0,1.8959705829620361
43,79,0.0,1.7266615629196167
43,80,0.0,1.1770405769348145
43,81,0.0,1.9153075218200684
43,82,0.0,1.906847596168518
43,83,0.0,2.5418291091918945
43,84,0.0,1.6330211162567139
43,85,0.0,1.9175198078155518
43,86,0.0,1.5901494026184082
43,87,0.0,6.434208869934082
43,88,0.0,1.6186336278915405
43,89,0.0,1.0714073181152344
43,90,0.0,1.4584839344024658
43,91,0.0,1.7285953760147095
43,92,0.0,2.159059524536133
43,93,0.0,0.0
43,94,0.0,1.9272730350494385
43,95,0.0,1.9752399921417236
43,96,0.0,2.0538246631622314
43,97,0.0,1.7820380926132202
44,0,0.0,228.563720703125
44,1,0.0,1.878066062927246
44,2,0.0,185.61703491210938
44,3,0.0,5.548277854919434
44,4,0.0,382.92877197265625
44,5,0.0,4.0344743728637695
44,6,0.0,399.68603515625
44,7,0.0,0.0
44,8,0.0,8.919275283813477
44,9,0.0,432.5960388183594
44,10,0.0,258.33062744140625
44,11,0.0,121.60504150390625
44,12,0.0,1.327479600906372
44,13,0.0,24.792463302612305
44,14,0.0,1.5179235935211182
44,15,0.0,1.1936819553375244
44,16,0.0,219.6492919921875
44,17,0.0,165.101318359375
44,18,0.0,0.8733527660369873
44,19,0.0,1.932842493057251
44,20,0.0,369.39312744140625
44,21,0.0,0.0
44,22,0.0,0.877560019493103
44,23,0.0,10.777461051940918
44,24,0.0,0.93526691198349
44,25,0.0,0.0
44,26,0.0,0.9820542931556702
44,27,0.0,5.394900798797607
44,28,0.0,749.3751220703125
44,29,0.0,227.51751708984375
44,30,0.0,0.0
44,31,0.0,628.256103515625
44,32,0.0,584.9583740234375
44,33,0.0,218.87484741210938
44,34,0.0,301.4524841308594
44,35,0.0,13.8189697265625
44,36,0.0,317.72442626953125
44,37,0.0,165.19976806640625
44,38,0.0,424.60577392578125
44,39,0.0,297.71063232421875
44,40,0.0,143.91384887695312
44,41,0.0,851.3257446289062
44,42,0.0,596.5186767578125
44,43,0.0,1.281317949295044
44,44,0.0,1379.421630859375
44,45,0.0,561.52587890625
44,46,0.0,411.06231689453125
44,47,0.0,156.4089813232422
44,48,0.0,733.040771484375
44,49,0.0,784.3184814453125
44,50,0.0,468.8743896484375
44,51,0.0,687.6070556640625
44,52,0.0,356.9979248046875
44,53,0.0,386.9975280761719
44,54,0.0,66.33198547363281
44,55,0.0,410.004150390625
44,56,0.0,397.11138916015625
44,57,0.0,227.26806640625
44,58,0.0,1.2673413753509521
44,59,0.0,154.72755432128906
44,60,0.0,272.2410888671875
44,61,0.0,133.25096130371094
44,62,0.0,590.16748046875
44,63,0.0,217.07147216796875
44,64,0.0,315.2633361816406
44,65,0.0,732.221435546875
44,66,0.0,132.61041259765625
44,67,0.0,179.8733673095703
44,68,0.0,424.249267578125
44,69,0.0,224.67672729492188
44,70,0.0,601.0286254882812
44,71,0.0,151.3777618408203
44,72,0.0,438.9442138671875
44,73,0.0,613.6861572265625
44,74,0.0,551.1283569335938
44,75,0.0,935.2578735351562
44,76,0.0,896.9154052734375
44,77,0.0,439.57623291015625
44,78,0.0,547.7509155273438
44,79,0.0,321.82080078125
44,80,0.0,1.4188135862350464
44,81,0.0,353.13323974609375
44,82,0.0,812.984130859375
44,83,0.0,546.6275024414062
44,84,0.0,359.7857360839844
44,85,0.0,411.4656982421875
44,86,0.0,222.3010711669922
44,87,0.0,522.0864868164062
44,88,0.0,280.57537841796875
44,89,0.0,1.365668773651123
44,90,0.0,1.7630436420440674
44,91,0.0,304.85516357421875
44,92,0.0,855.2156982421875
44,93,0.0,2.7789483070373535
44,94,0.0,503.11444091796875
44,95,0.0,288.85870361328125
44,96,0.0,356.49639892578125
44,97,0.0,338.8785095214844
45,0,0.0,1437.924560546875
45,1,0.0,8.159392356872559
45,2,0.0,1455.060791015625
45,3,0.0,77.50060272216797
45,4,0.0,490.427490234375
45,5,0.0,24.500286102294922
45,6,0.0,696.158447265625
45,7,0.0,0.9481286406517029
45,8,0.0,72.00235748291016
45,9,0.0,1914.8931884765625
45,10,0.0,1508.0567626953125
45,11,0.0,636.3367919921875
45,12,0.0,1.7854043245315552
45,13,0.0,127.16236877441406
45,14,0.0,5.574740409851074
45,15,0.0,1.8948718309402466
45,16,0.0,1515.97607421875
45,17,0.0,738.273681640625
45,18,0.0,0.8975480794906616
45,19,0.0,6.105039596557617
45,20,0.0,817.62939453125
45,21,0.0,0.0
45,22,0.0,0.965476930141449
45,23,0.0,76.30071258544922
45,24,0.0,1.5470669269561768
45,25,0.0,2.6853909492492676
45,26,0.0,1.3435691595077515
45,27,0.0,93.49707794189453
45,28,0.0,1890.4906005859375
45,29,0.0,619.17333984375
45,30,0.0,0.9662880897521973
45,31,0.0,1131.9849853515625
45,32,0.0,1412.058837890625
45,33,0.0,937.9387817382812
45,34,0.0,1427.8922119140625
45,35,0.0,132.53201293945312
45,36,0.0,4943.732421875
45,37,0.0,595.441650390625
45,38,0.0,2851.318603515625
45,39,0.0,809.363037109375
45,40,0.0,827.5369873046875
45,41,0.0,7449.5517578125
45,42,0.0,1555.474609375
45,43,0.0,1.589750051498413
45,44,0.0,661.4683227539062
45,45,0.0,11193.8388671875
45,46,0.0,2669.90283203125
45,47,0.0,827.2286376953125
45,48,0.0,2110.34033203125
45,49,0.0,1590.5953369140625
45,50,0.0,758.864013671875
45,51,0.0,3547.8642578125
45,52,0.0,1066.8199462890625
45,53,0.0,2372.974853515625
45,54,0.0,234.6154022216797
45,55,0.0,1149.3602294921875
45,56,0.0,1132.177490234375
45,57,0.0,998.220703125
45,58,0.0,1.8823540210723877
45,59,0.0,1045.6785888671875
45,60,0.0,1366.3529052734375
45,61,0.0,288.4988708496094
45,62,0.0,1362.7330322265625
45,63,0.0,1447.189208984375
45,64,0.0,2443.647216796875
45,65,0.0,989.6114501953125
45,66,0.0,820.6578369140625
45,67,0.0,1164.6595458984375
45,68,0.0,1600.055908203125
45,69,0.0,489.7359924316406
45,70,0.0,5493.62744140625
45,71,0.0,625.5225219726562
45,72,0.0,784.099365234375
45,73,0.0,1623.879150390625
45,74,0.0,4618.1455078125
45,75,0.0,4580.95849609375
45,76,0.0,3870.404052734375
45,77,0.0,897.18798828125
45,78,0.0,680.1739501953125
45,79,0.0,1898.47314453125
45,80,0.0,2.077476739883423
45,81,0.0,2150.55419921875
45,82,0.0,2540.583251953125
45,83,0.0,3064.53369140625
45,84,0.0,2656.657470703125
45,85,0.0,3781.798828125
45,86,0.0,1469.7098388671875
45,87,0.0,1471.806640625
45,88,0.0,1288.6246337890625
45,89,0.0,1.831016182899475
45,90,0.0,3.0613222122192383
45,91,0.0,2918.554931640625
45,92,0.0,1827.0435791015625
45,93,0.0,23.39763832092285
45,94,0.0,2516.3291015625
45,95,0.0,1124.528076171875
45,96,0.0,1600.1781005859375
45,97,0.0,3267.9990234375
46,0,0.0,1051.31494140625
46,1,0.0,9.244067192077637
46,2,0.0,793.5382080078125
46,3,0.0,80.29144287109375
46,4,0.0,372.3302307128906
46,5,0.0,20.185630798339844
46,6,0.0,633.7965698242188
46,7,0.0,0.9094104170799255
46,8,0.0,58.64408493041992
46,9,0.0,1943.930419921875
46,10,0.0,1148.609375
46,11,0.0,556.6232299804688
46,12,0.0,1.4779443740844727
46,13,0.0,127.68582916259766
46,14,0.0,3.831937789916992
46,15,0.0,1.6636881828308105
46,16,0.0,1068.5068359375
46,17,0.0,835.45458984375
46,18,0.0,0.7528471946716309
46,19,0.0,4.050338268280029
46,20,0.0,520.1409912109375
46,21,0.0,0.0
46,22,0.0,0.9440898895263672
46,23,0.0,55.72270202636719
46,24,0.0,1.0530027151107788
46,25,0.0,1.9757696390151978
46,26,0.0,0.9785723686218262
46,27,0.0,67.84303283691406
46,28,0.0,1083.9837646484375
46,29,0.0,420.05767822265625
46,30,0.0,0.8717447519302368
46,31,0.0,695.96337890625
46,32,0.0,1027.0352783203125
46,33,0.0,846.0020751953125
46,34,0.0,1339.85986328125
46,35,0.0,105.60879516601562
46,36,0.0,2333.54052734375
46,37,0.0,570.390380859375
46,38,0.0,1740.1531982421875
46,39,0.0,594.1183471679688
46,40,0.0,643.6323852539062
46,41,0.0,2562.1982421875
46,42,0.0,928.7412109375
46,43,0.0,1.350287675857544
46,44,0.0,463.353759765625
46,45,0.0,2489.525634765625
46,46,0.0,8244.94921875
46,47,0.0,841.617919921875
46,48,0.0,1305.822998046875
46,49,0.0,1173.4639892578125
46,50,0.0,454.1077880859375
46,51,0.0,1776.837890625
46,52,0.0,895.4464111328125
46,53,0.0,917.063232421875
46,54,0.0,132.277099609375
46,55,0.0,866.2630004882812
46,56,0.0,766.2420654296875
46,57,0.0,883.7715454101562
46,58,0.0,1.5466450452804565
46,59,0.0,763.1815185546875
46,60,0.0,1918.0634765625
46,61,0.0,202.12557983398438
46,62,0.0,1072.84619140625
46,63,0.0,1251.5855712890625
46,64,0.0,2034.8262939453125
46,65,0.0,655.84716796875
46,66,0.0,684.786376953125
46,67,0.0,766.326904296875
46,68,0.0,1482.0885009765625
46,69,0.0,323.586181640625
46,70,0.0,2461.10302734375
46,71,0.0,584.7401733398438
46,72,0.0,572.4796142578125
46,73,0.0,1373.9267578125
46,74,0.0,6821.68505859375
46,75,0.0,1941.8482666015625
46,76,0.0,1827.4619140625
46,77,0.0,623.6260986328125
46,78,0.0,467.55615234375
46,79,0.0,1354.00732421875
46,80,0.0,1.579623818397522
46,81,0.0,2226.37890625
46,82,0.0,1329.161376953125
46,83,0.0,3589.114013671875
46,84,0.0,5318.029296875
46,85,0.0,3611.9208984375
46,86,0.0,1081.3360595703125
46,87,0.0,985.67626953125
46,88,0.0,1659.7862548828125
46,89,0.0,1.669562578201294
46,90,0.0,2.3036563396453857
46,91,0.0,1307.463134765625
46,92,0.0,1128.9600830078125
46,93,0.0,13.412351608276367
46,94,0.0,4295.6142578125
46,95,0.0,975.2391357421875
46,96,0.0,1703.448486328125
46,97,0.0,1428.22607421875
47,0,0.0,597.2903442382812
47,1,0.0,54.03974914550781
47,2,0.0,352.20166015625
47,3,0.0,128.70860290527344
47,4,0.0,167.4576416015625
47,5,0.0,6.036550521850586
47,6,0.0,250.83642578125
47,7,0.0,0.9384675025939941
47,8,0.0,25.792232513427734
47,9,0.0,491.9668884277344
47,10,0.0,646.5012817382812
47,11,0.0,476.4364929199219
47,12,0.0,1.2775630950927734
47,13,0.0,93.95687103271484
47,14,0.0,2.568577289581299
47,15,0.0,1.0823745727539062
47,16,0.0,510.46600341796875
47,17,0.0,602.6954345703125
47,18,0.0,0.0
47,19,0.0,2.4719362258911133
47,20,0.0,220.41983032226562
47,21,0.0,0.0
47,22,0.0,0.7916452884674072
47,23,0.0,15.165820121765137
47,24,0.0,1.052851676940918
47,25,0.0,1.8855376243591309
47,26,0.0,1.0081112384796143
47,27,0.0,38.069984436035156
47,28,0.0,375.6998291015625
47,29,0.0,217.1121826171875
47,30,0.0,0.8295753598213196
47,31,0.0,304.3033447265625
47,32,0.0,462.5104675292969
47,33,0.0,492.0015563964844
47,34,0.0,1077.8936767578125
47,35,0.0,78.93707275390625
47,36,0.0,497.914794921875
47,37,0.0,468.57135009765625
47,38,0.0,856.1441650390625
47,39,0.0,284.65838623046875
47,40,0.0,425.5852355957031
47,41,0.0,983.3316040039062
47,42,0.0,368.4494934082031
47,43,0.0,0.0
47,44,0.0,166.7742919921875
47,45,0.0,714.935791015625
47,46,0.0,778.771240234375
47,47,0.0,3635.0068359375
47,48,0.0,454.608154296875
47,49,0.0,419.51251220703125
47,50,0.0,160.5027618408203
47,51,0.0,472.1026916503906
47,52,0.0,439.9147644042969
47,53,0.0,345.8309326171875
47,54,0.0,66.38856506347656
47,55,0.0,404.25311279296875
47,56,0.0,377.8494567871094
47,57,0.0,510.179931640625
47,58,0.0,1.2970092296600342
47,59,0.0,379.5406494140625
47,60,0.0,1172.587158203125
47,61,0.0,101.84671020507812
47,62,0.0,447.9486389160156
47,63,0.0,1650.319580078125
47,64,0.0,722.2339477539062
47,65,0.0,249.7228240966797
47,66,0.0,470.37542724609375
47,67,0.0,363.02264404296875
47,68,0.0,998.3118286132812
47,69,0.0,168.06629943847656
47,70,0.0,1059.021484375
47,71,0.0,492.490478515625
47,72,0.0,186.708251953125
47,73,0.0,616.6773681640625
47,74,0.0,768.4181518554688
47,75,0.0,772.1776733398438
47,76,0.0,799.4796142578125
47,77,0.0,258.7686767578125
47,78,0.0,201.82431030273438
47,79,0.0,774.99658203125
47,80,0.0,1.3460826873779297
47,81,0.0,2103.40771484375
47,82,0.0,462.51611328125
47,83,0.0,2401.980712890625
47,84,0.0,972.3155517578125
47,85,0.0,850.0572509765625
47,86,0.0,710.577392578125
47,87,0.0,434.1907653808594
47,88,0.0,705.129150390625
47,89,0.0,0.0
47,90,0.0,1.5360020399093628
47,91,0.0,465.8205871582031
47,92,0.0,394.218505859375
47,93,0.0,5.487799167633057
47,94,0.0,1027.49462890625
47,95,0.0,496.62841796875
47,96,0.0,903.183837890625
47,97,0.0,409.0256042480469
48,0,0.0,824.816162109375
48,1,0.0,4.240726947784424
48,2,0.0,776.7177124023438
48,3,0.0,46.85195541381836
48,4,0.0,530.999267578125
48,5,0.0,21.86985206604004
48,6,0.0,686.4328002929688
48,7,0.0,0.8421546220779419
48,8,0.0,56.440643310546875
48,9,0.0,1054.4154052734375
48,10,0.0,900.7975463867188
48,11,0.0,357.4488220214844
48,12,0.0,1.8501564264297485
48,13,0.0,95.8435287475586
48,14,0.0,2.877537250518799
48,15,0.0,1.8662570714950562
48,16,0.0,1071.0748291015625
48,17,0.0,448.06378173828125
48,18,0.0,0.8474506139755249
48,19,0.0,6.444769859313965
48,20,0.0,1362.370361328125
48,21,0.0,0.0
48,22,0.0,0.885456919670105
48,23,0.0,77.22708892822266
48,24,0.0,1.518771767616272
48,25,0.0,1.9974433183670044
48,26,0.0,1.6762069463729858
48,27,0.0,58.923614501953125
48,28,0.0,7602.162109375
48,29,0.0,666.995849609375
48,30,0.0,0.8675480484962463
48,31,0.0,1260.265625
48,32,0.0,1450.98388671875
48,33,0.0,736.5366821289062
48,34,0.0,895.2957763671875
48,35,0.0,101.72351837158203
48,36,0.0,1081.24755859375
48,37,0.0,442.4308776855469
48,38,0.0,1399.5616455078125
48,39,0.0,883.8350830078125
48,40,0.0,488.30389404296875
48,41,0.0,3997.450439453125
48,42,0.0,3563.512939453125
48,43,0.0,2.0131726264953613
48,44,0.0,879.6123657226562
48,45,0.0,2030.58642578125
48,46,0.0,1352.653076171875
48,47,0.0,477.0987854003906
48,48,0.0,10307.40234375
48,49,0.0,1637.594482421875
48,50,0.0,1145.8876953125
48,51,0.0,1811.211669921875
48,52,0.0,960.3721313476562
48,53,0.0,2694.383056640625
48,54,0.0,369.5716552734375
48,55,0.0,1187.3114013671875
48,56,0.0,885.5618286132812
48,57,0.0,854.55517578125
48,58,0.0,1.9163250923156738
48,59,0.0,605.6663818359375
48,60,0.0,750.6671752929688
48,61,0.0,341.091796875
48,62,0.0,1372.252197265625
48,63,0.0,734.4417114257812
48,64,0.0,1247.826904296875
48,65,0.0,1290.51904296875
48,66,0.0,539.4386596679688
48,67,0.0,651.298583984375
48,68,0.0,1249.7132568359375
48,69,0.0,590.6847534179688
48,70,0.0,2557.785888671875
48,71,0.0,428.9850769042969
48,72,0.0,691.297119140625
48,73,0.0,1460.630126953125
48,74,0.0,1820.9207763671875
48,75,0.0,5396.90625
48,76,0.0,8168.025390625
48,77,0.0,1106.1419677734375
48,78,0.0,772.2180786132812
48,79,0.0,1156.3558349609375
48,80,0.0,2.151810646057129
48,81,0.0,1195.1820068359375
48,82,0.0,4343.35888671875
48,83,0.0,1654.724853515625
48,84,0.0,1054.349609375
48,85,0.0,1458.9962158203125
48,86,0.0,813.4747314453125
48,87,0.0,1433.4697265625
48,88,0.0,818.8040161132812
48,89,0.0,1.8677337169647217
48,90,0.0,2.970656394958496
48,91,0.0,1255.9034423828125
48,92,0.0,3365.71630859375
48,93,0.0,16.55590057373047
48,94,0.0,1479.6629638671875
48,95,0.0,943.7681274414062
48,96,0.0,946.282470703125
48,97,0.0,2543.292724609375
49,0,0.0,603.0226440429688
49,1,0.0,3.099787950515747
49,2,0.0,466.3338623046875
49,3,0.0,41.01455307006836
49,4,0.0,888.240966796875
49,5,0.0,44.8838996887207
49,6,0.0,2215.4345703125
49,7,0.0,0.8355283141136169
49,8,0.0,77.66278076171875
49,9,0.0,988.9808959960938
49,10,0.0,687.7859497070312
49,11,0.0,311.3237609863281
49,12,0.0,2.0276780128479004
49,13,0.0,113.94119262695312
49,14,0.0,1.9418283700942993
49,15,0.0,3.292982578277588
49,16,0.0,767.4697875976562
49,17,0.0,488.9750671386719
49,18,0.0,0.7772473096847534
49,19,0.0,7.833210468292236
49,20,0.0,1203.7802734375
49,21,0.0,0.0
49,22,0.0,0.9322288632392883
49,23,0.0,123.32846069335938
49,24,0.0,1.6773078441619873
49,25,0.0,1.631441354751587
49,26,0.0,1.5057570934295654
49,27,0.0,39.98948669433594
49,28,0.0,1539.3885498046875
49,29,0.0,1166.9326171875
49,30,0.0,0.8599218726158142
49,31,0.0,5064.69091796875
49,32,0.0,3915.5751953125
49,33,0.0,890.7232666015625
49,34,0.0,989.45703125
49,35,0.0,76.97145080566406
49,36,0.0,706.265625
49,37,0.0,495.7979736328125
49,38,0.0,946.0648803710938
49,39,0.0,1816.53125
49,40,0.0,385.3685302734375
49,41,0.0,1892.3878173828125
49,42,0.0,1523.451416015625
49,43,0.0,2.466388463973999
49,44,0.0,918.4526977539062
49,45,0.0,1215.999267578125
49,46,0.0,1094.5426025390625
49,47,0.0,434.337158203125
49,48,0.0,1623.830810546875
49,49,0.0,12018.8173828125
49,50,0.0,543.0145263671875
49,51,0.0,1201.16259765625
49,52,0.0,1673.5782470703125
49,53,0.0,763.6492309570312
49,54,0.0,152.93539428710938
49,55,0.0,2244.970703125
49,56,0.0,1951.791259765625
49,57,0.0,969.6032104492188
49,58,0.0,2.4359664916992188
49,59,0.0,422.8966064453125
49,60,0.0,680.07373046875
49,61,0.0,579.66357421875
49,62,0.0,4715.26904296875
49,63,0.0,690.2076416015625
49,64,0.0,879.8465576171875
49,65,0.0,1960.559326171875
49,66,0.0,407.2399597167969
49,67,0.0,450.3018798828125
49,68,0.0,1588.678955078125
49,69,0.0,1399.45654296875
49,70,0.0,1395.8504638671875
49,71,0.0,509.39947509765625
49,72,0.0,568.6417236328125
49,73,0.0,2884.165283203125
49,74,0.0,1380.69580078125
49,75,0.0,1640.343017578125
49,76,0.0,2596.2021484375
49,77,0.0,3657.8154296875
49,78,0.0,2933.65576171875
49,79,0.0,950.6422119140625
49,80,0.0,2.3097589015960693
49,81,0.0,1021.2698974609375
49,82,0.0,1516.4266357421875
49,83,0.0,1426.0218505859375
49,84,0.0,981.8341064453125
49,85,0.0,1066.6759033203125
49,86,0.0,643.56005859375
49,87,0.0,3619.277099609375
49,88,0.0,821.4917602539062
49,89,0.0,2.4518845081329346
49,90,0.0,4.398227214813232
49,91,0.0,825.7388916015625
49,92,0.0,1930.0999755859375
49,93,0.0,29.65089225769043
49,94,0.0,1444.46435546875
49,95,0.0,1305.367431640625
49,96,0.0,1200.0367431640625
49,97,0.0,1030.2841796875
50,0,0.0,215.59307861328125
50,1,0.0,1.8292802572250366
50,2,0.0,198.08258056640625
50,3,0.0,3.8270158767700195
50,4,0.0,207.92068481445312
50,5,0.0,3.205368757247925
50,6,0.0,248.86842346191406
50,7,0.0,0.8274393677711487
50,8,0.0,5.812963485717773
50,9,0.0,401.0964660644531
50,10,0.0,263.79345703125
50,11,0.0,108.91048431396484
50,12,0.0,1.3067349195480347
50,13,0.0,18.83440399169922
50,14,0.0,1.4524259567260742
50,15,0.0,1.1698203086853027
50,16,0.0,203.08926391601562
50,17,0.0,144.46408081054688
50,18,0.0,0.8531996011734009
50,19,0.0,1.8364287614822388
50,20,0.0,294.2831115722656
50,21,0.0,0.0
50,22,0.0,0.8506682515144348
50,23,0.0,6.479978561401367
50,24,0.0,1.0513094663619995
50,25,0.0,1.3380827903747559
50,26,0.0,0.9472333192825317
50,27,0.0,5.298724174499512
50,28,0.0,839.1011962890625
50,29,0.0,176.66793823242188
50,30,0.0,0.0
50,31,0.0,377.7340393066406
50,32,0.0,421.53399658203125
50,33,0.0,177.65789794921875
50,34,0.0,283.7974853515625
50,35,0.0,14.801430702209473
50,36,0.0,325.9422607421875
50,37,0.0,148.5642547607422
50,38,0.0,382.99658203125
50,39,0.0,225.68678283691406
50,40,0.0,138.0265655517578
50,41,0.0,1200.780029296875
50,42,0.0,601.0488891601562
50,43,0.0,1.273625373840332
50,44,0.0,460.94744873046875
50,45,0.0,636.755859375
50,46,0.0,402.2702941894531
50,47,0.0,149.8625946044922
50,48,0.0,884.0703735351562
50,49,0.0,465.4290466308594
50,50,0.0,954.2548828125
50,51,0.0,900.3694458007812
50,52,0.0,297.12066650390625
50,53,0.0,463.443359375
50,54,0.0,81.26094055175781
50,55,0.0,299.78924560546875
50,56,0.0,291.4744873046875
50,57,0.0,196.3840789794922
50,58,0.0,1.180863380432129
50,59,0.0,145.2584991455078
50,60,0.0,243.50347900390625
50,61,0.0,97.9713134765625
50,62,0.0,406.6351013183594
50,63,0.0,195.8173828125
50,64,0.0,306.7340087890625
50,65,0.0,412.6925354003906
50,66,0.0,140.64939880371094
50,67,0.0,169.26654052734375
50,68,0.0,342.0240478515625
50,69,0.0,166.3445587158203
50,70,0.0,622.1653442382812
50,71,0.0,136.1320037841797
50,72,0.0,491.1110534667969
50,73,0.0,437.74896240234375
50,74,0.0,571.4207763671875
50,75,0.0,1230.5855712890625
50,76,0.0,967.7728881835938
50,77,0.0,282.10687255859375
50,78,0.0,277.46917724609375
50,79,0.0,307.30914306640625
50,80,0.0,1.3249022960662842
50,81,0.0,337.7591857910156
50,82,0.0,1749.0135498046875
50,83,0.0,468.2996520996094
50,84,0.0,350.5786437988281
50,85,0.0,422.5962219238281
50,86,0.0,219.9132843017578
50,87,0.0,361.19537353515625
50,88,0.0,254.30772399902344
50,89,0.0,1.3337721824645996
50,90,0.0,1.5142195224761963
50,91,0.0,307.1297607421875
50,92,0.0,701.3458862304688
50,93,0.0,2.575556755065918
50,94,0.0,450.65301513671875
50,95,0.0,236.2997589111328
50,96,0.0,308.6221923828125
50,97,0.0,412.728515625
51,0,0.0,683.5172119140625
51,1,0.0,3.304727792739868
51,2,0.0,597.0103759765625
51,3,0.0,42.345672607421875
51,4,0.0,488.22845458984375
51,5,0.0,15.017264366149902
51,6,0.0,639.5703125
51,7,0.0,0.8586212396621704
51,8,0.0,41.580989837646484
51,9,0.0,1711.859619140625
51,10,0.0,702.3460083007812
51,11,0.0,342.935302734375
51,12,0.0,1.5619109869003296
51,13,0.0,106.43194580078125
51,14,0.0,2.406890392303467
51,15,0.0,1.6583365201950073
51,16,0.0,637.5060424804688
51,17,0.0,502.1070861816406
51,18,0.0,0.7710298299789429
51,19,0.0,3.6630117893218994
51,20,0.0,565.9393920898438
51,21,0.0,0.0
51,22,0.0,1.038389801979065
51,23,0.0,53.786170959472656
51,24,0.0,1.075325846672058
51,25,0.0,1.6076489686965942
51,26,0.0,1.0315451622009277
51,27,0.0,39.50191116333008
51,28,0.0,1389.6561279296875
51,29,0.0,421.7582702636719
51,30,0.0,0.8068474531173706
51,31,0.0,815.0183715820312
51,32,0.0,1000.3082275390625
51,33,0.0,593.465087890625
51,34,0.0,795.7506103515625
51,35,0.0,82.15319061279297
51,36,0.0,1225.733642578125
51,37,0.0,408.8572082519531
51,38,0.0,1293.7236328125
51,39,0.0,537.45458984375
51,40,0.0,408.733642578125
51,41,0.0,4912.04345703125
51,42,0.0,1205.5616455078125
51,43,0.0,1.4020874500274658
51,44,0.0,741.228515625
51,45,0.0,2918.193603515625
51,46,0.0,1665.26904296875
51,47,0.0,444.95233154296875
51,48,0.0,1883.8961181640625
51,49,0.0,1101.20361328125
51,50,0.0,982.6515502929688
51,51,0.0,6948.6083984375
51,52,0.0,741.1947631835938
51,53,0.0,1165.7874755859375
51,54,0.0,159.96461486816406
51,55,0.0,870.6043090820312
51,56,0.0,747.3330078125
51,57,0.0,559.3443603515625
51,58,0.0,1.5581400394439697
51,59,0.0,444.5335998535156
51,60,0.0,833.0526123046875
51,61,0.0,192.59886169433594
51,62,0.0,1006.640869140625
51,63,0.0,651.4618530273438
51,64,0.0,1070.13525390625
51,65,0.0,753.3629760742188
51,66,0.0,416.174072265625
51,67,0.0,519.2034301757812
51,68,0.0,1171.9063720703125
51,69,0.0,378.6402587890625
51,70,0.0,2088.7822265625
51,71,0.0,385.464111328125
51,72,0.0,1385.3057861328125
51,73,0.0,1349.2841796875
51,74,0.0,3166.904052734375
51,75,0.0,3022.591796875
51,76,0.0,2303.438720703125
51,77,0.0,639.345703125
51,78,0.0,630.2885131835938
51,79,0.0,1102.069580078125
51,80,0.0,1.598867416381836
51,81,0.0,1090.635986328125
51,82,0.0,2681.140625
51,83,0.0,1763.709228515625
51,84,0.0,1246.87060546875
51,85,0.0,1471.5677490234375
51,86,0.0,635.8966064453125
51,87,0.0,930.1760864257812
51,88,0.0,936.013916015625
51,89,0.0,1.549130916595459
51,90,0.0,2.1194448471069336
51,91,0.0,959.9835205078125
51,92,0.0,1226.063720703125
51,93,0.0,9.353450775146484
51,94,0.0,1695.2125244140625
51,95,0.0,664.7686767578125
51,96,0.0,966.0778198242188
51,97,0.0,1330.1827392578125
52,0,0.0,517.259521484375
52,1,0.0,2.5716090202331543
52,2,0.0,426.4169006347656
52,3,0.0,33.5388298034668
52,4,0.0,390.875732421875
52,5,0.0,173.26644897460938
52,6,0.0,1072.1982421875
52,7,0.0,0.8710088133811951
52,8,0.0,128.2672882080078
52,9,0.0,749.1633911132812
52,10,0.0,622.088134765625
52,11,0.0,285.6067199707031
52,12,0.0,1.7562615871429443
52,13,0.0,147.6304168701172
52,14,0.0,1.6770524978637695
52,15,0.0,3.6759538650512695
52,16,0.0,565.7079467773438
52,17,0.0,542.214599609375
52,18,0.0,0.0
52,19,0.0,36.02565383911133
52,20,0.0,489.6227111816406
52,21,0.0,0.0
52,22,0.0,1.0507287979125977
52,23,0.0,150.02218627929688
52,24,0.0,1.1555315256118774
52,25,0.0,0.0
52,26,0.0,1.0673266649246216
52,27,0.0,25.639623641967773
52,28,0.0,826.15185546875
52,29,0.0,962.1187744140625
52,30,0.0,0.7964223623275757
52,31,0.0,896.62744140625
52,32,0.0,1890.9296875
52,33,0.0,1155.265625
52,34,0.0,1235.3779296875
52,35,0.0,61.21615219116211
52,36,0.0,556.7625732421875
52,37,0.0,655.2861328125
52,38,0.0,871.5450439453125
52,39,0.0,1102.4515380859375
52,40,0.0,385.2526550292969
52,41,0.0,1288.0689697265625
52,42,0.0,878.9888305664062
52,43,0.0,1.6549049615859985
52,44,0.0,405.71136474609375
52,45,0.0,1013.27783203125
52,46,0.0,913.1808471679688
52,47,0.0,435.65185546875
52,48,0.0,929.3507690429688
52,49,0.0,1642.3714599609375
52,50,0.0,276.960693359375
52,51,0.0,782.12451171875
52,52,0.0,11256.4775390625
52,53,0.0,548.7338256835938
52,54,0.0,102.66918182373047
52,55,0.0,2017.722900390625
52,56,0.0,3483.001953125
52,57,0.0,1448.4931640625
52,58,0.0,2.081550359725952
52,59,0.0,363.5277099609375
52,60,0.0,661.45068359375
52,61,0.0,328.2303466796875
52,62,0.0,2587.458984375
52,63,0.0,589.8806762695312
52,64,0.0,736.5449829101562
52,65,0.0,609.6078491210938
52,66,0.0,333.3378601074219
52,67,0.0,425.2148742675781
52,68,0.0,2589.33154296875
52,69,0.0,547.6688842773438
52,70,0.0,1237.7252197265625
52,71,0.0,618.705322265625
52,72,0.0,345.717041015625
52,73,0.0,4373.83935546875
52,74,0.0,967.8829345703125
52,75,0.0,1211.1400146484375
52,76,0.0,1440.185302734375
52,77,0.0,840.1556396484375
52,78,0.0,641.81494140625
52,79,0.0,811.5481567382812
52,80,0.0,1.9248433113098145
52,81,0.0,988.6576538085938
52,82,0.0,903.34619140625
52,83,0.0,1339.56689453125
52,84,0.0,784.84912109375
52,85,0.0,904.7322998046875
52,86,0.0,544.3195190429688
52,87,0.0,2173.575927734375
52,88,0.0,839.0655517578125
52,89,0.0,1.9729313850402832
52,90,0.0,2.8255271911621094
52,91,0.0,575.1085815429688
52,92,0.0,1014.7919921875
52,93,0.0,117.12588500976562
52,94,0.0,1344.851318359375
52,95,0.0,3062.239501953125
52,96,0.0,1472.91455078125
52,97,0.0,646.9822387695312
53,0,0.0,652.26171875
53,1,0.0,2.8928606510162354
53,2,0.0,568.04443359375
53,3,0.0,30.53147315979004
53,4,0.0,302.3081970214844
53,5,0.0,9.23978328704834
53,6,0.0,366.9300537109375
53,7,0.0,0.0
53,8,0.0,27.5952091217041
53,9,0.0,606.6915893554688
53,10,0.0,589.1079711914062
53,11,0.0,300.71112060546875
53,12,0.0,1.4467287063598633
53,13,0.0,70.17047882080078
53,14,0.0,2.461674928665161
53,15,0.0,1.455864667892456
53,16,0.0,629.6167602539062
53,17,0.0,317.4295349121094
53,18,0.0,0.8667255640029907
53,19,0.0,3.522573471069336
53,20,0.0,578.4506225585938
53,21,0.0,0.0
53,22,0.0,0.8401697874069214
53,23,0.0,38.998512268066406
53,24,0.0,1.1264759302139282
53,25,0.0,1.6898527145385742
53,26,0.0,1.1112475395202637
53,27,0.0,38.335758209228516
53,28,0.0,1413.896728515625
53,29,0.0,351.2796325683594
53,30,0.0,0.0
53,31,0.0,626.7012939453125
53,32,0.0,642.435302734375
53,33,0.0,381.4281311035156
53,34,0.0,497.8529968261719
53,35,0.0,84.3701400756836
53,36,0.0,788.8956909179688
53,37,0.0,301.09912109375
53,38,0.0,1182.2840576171875
53,39,0.0,440.9009094238281
53,40,0.0,375.1239013671875
53,41,0.0,2083.34912109375
53,42,0.0,1181.0657958984375
53,43,0.0,1.4014919996261597
53,44,0.0,364.3648681640625
53,45,0.0,1476.7091064453125
53,46,0.0,860.556396484375
53,47,0.0,343.1809387207031
53,48,0.0,1864.3648681640625
53,49,0.0,751.967529296875
53,50,0.0,439.792236328125
53,51,0.0,985.4901123046875
53,52,0.0,481.3854675292969
53,53,0.0,4054.621826171875
53,54,0.0,294.5743103027344
53,55,0.0,632.1210327148438
53,56,0.0,472.1220703125
53,57,0.0,404.5986633300781
53,58,0.0,1.5972858667373657
53,59,0.0,428.1597900390625
53,60,0.0,484.42791748046875
53,61,0.0,179.2342529296875
53,62,0.0,628.5979614257812
53,63,0.0,510.9139099121094
53,64,0.0,803.28857421875
53,65,0.0,561.44140625
53,66,0.0,347.7601013183594
53,67,0.0,508.4104309082031
53,68,0.0,728.4157104492188
53,69,0.0,326.1384582519531
53,70,0.0,1834.6888427734375
53,71,0.0,290.72369384765625
53,72,0.0,348.9408264160156
53,73,0.0,724.9814453125
53,74,0.0,1014.4014282226562
53,75,0.0,3118.2431640625
53,76,0.0,4894.7783203125
53,77,0.0,520.6223754882812
53,78,0.0,332.3740539550781
53,79,0.0,956.0178833007812
53,80,0.0,1.5423803329467773
53,81,0.0,736.12451171875
53,82,0.0,1633.4969482421875
53,83,0.0,1020.2225341796875
53,84,0.0,682.1307373046875
53,85,0.0,919.9909057617188
53,86,0.0,517.1036987304688
53,87,0.0,698.469970703125
53,88,0.0,460.4172058105469
53,89,0.0,1.4947834014892578
53,90,0.0,2.168708086013794
53,91,0.0,1098.357421875
53,92,0.0,1085.7427978515625
53,93,0.0,7.440135955810547
53,94,0.0,798.3989868164062
53,95,0.0,468.6604309082031
53,96,0.0,552.9700317382812
53,97,0.0,2554.5556640625
54,0,0.0,98.86055755615234
54,1,0.0,0.0
54,2,0.0,81.52804565429688
54,3,0.0,1.5292043685913086
54,4,0.0,43.320030212402344
54,5,0.0,1.4292925596237183
54,6,0.0,63.31003189086914
54,7,0.0,0.0
54,8,0.0,0.0
54,9,0.0,104.98663330078125
54,10,0.0,103.71797180175781
54,11,0.0,37.61613464355469
54,12,0.0,0.0
54,13,0.0,0.0
54,14,0.0,0.0
54,15,0.0,0.9300117492675781
54,16,0.0,102.18580627441406
54,17,0.0,48.52679443359375
54,18,0.0,0.0
54,19,0.0,0.0
54,20,0.0,139.46006774902344
54,21,0.0,0.0
54,22,0.0,0.8169337511062622
54,23,0.0,1.8382742404937744
54,24,0.0,0.9545972943305969
54,25,0.0,0.0
54,26,0.0,0.9427337646484375
54,27,0.0,1.8621618747711182
54,28,0.0,269.66162109375
54,29,0.0,64.93943786621094
54,30,0.0,0.0
54,31,0.0,123.62284088134766
54,32,0.0,133.757568359375
54,33,0.0,62.427276611328125
54,34,0.0,92.7796630859375
54,35,0.0,2.8929967880249023
54,36,0.0,116.81612396240234
54,37,0.0,49.26073455810547
54,38,0.0,171.25784301757812
54,39,0.0,82.0455551147461
54,40,0.0,57.75844955444336
54,41,0.0,293.1347351074219
54,42,0.0,291.2392883300781
54,43,0.0,1.0400525331497192
54,44,0.0,62.71249771118164
54,45,0.0,200.50009155273438
54,46,0.0,123.47643280029297
54,47,0.0,55.22224426269531
54,48,0.0,366.1590576171875
54,49,0.0,138.1363983154297
54,50,0.0,71.13239288330078
54,51,0.0,143.53781127929688
54,52,0.0,94.00122833251953
54,53,0.0,332.4195861816406
54,54,0.0,326.01116943359375
54,55,0.0,125.46479034423828
54,56,0.0,90.62712097167969
54,57,0.0,73.28101348876953
54,58,0.0,1.048770546913147
54,59,0.0,63.94660949707031
54,60,0.0,87.53639221191406
54,61,0.0,27.07802963256836
54,62,0.0,113.82083892822266
54,63,0.0,84.3113021850586
54,64,0.0,127.30955505371094
54,65,0.0,118.76960754394531
54,66,0.0,54.01011657714844
54,67,0.0,84.62126159667969
54,68,0.0,114.42555236816406
54,69,0.0,64.88817596435547
54,70,0.0,246.5535430908203
54,71,0.0,46.38037872314453
54,72,0.0,50.150962829589844
54,73,0.0,120.35953521728516
54,74,0.0,140.7703399658203
54,75,0.0,395.0323791503906
54,76,0.0,787.4884643554688
54,77,0.0,105.47709655761719
54,78,0.0,74.19155883789062
54,79,0.0,140.28472900390625
54,80,0.0,0.0
54,81,0.0,117.00357055664062
54,82,0.0,239.75100708007812
54,83,0.0,156.59063720703125
54,84,0.0,109.29866027832031
54,85,0.0,128.95506286621094
54,86,0.0,89.94002532958984
54,87,0.0,129.32432556152344
54,88,0.0,76.99329376220703
54,89,0.0,0.0
54,90,0.0,1.13275146484375
54,91,0.0,152.22882080078125
54,92,0.0,230.8820037841797
54,93,0.0,1.4379183053970337
54,94,0.0,118.32296752929688
54,95,0.0,82.24181365966797
54,96,0.0,95.74414825439453
54,97,0.0,219.08839416503906
55,0,0.0,549.2833862304688
55,1,0.0,2.59328293800354
55,2,0.0,462.0950927734375
55,3,0.0,34.193809509277344
55,4,0.0,400.9084167480469
55,5,0.0,42.5544319152832
55,6,0.0,922.8713989257812
55,7,0.0,0.8512299656867981
55,8,0.0,76.08275604248047
55,9,0.0,704.15771484375
55,10,0.0,651.0848999023438
55,11,0.0,288.8200988769531
55,12,0.0,2.9635086059570312
55,13,0.0,105.75347137451172
55,14,0.0,1.7724592685699463
55,15,0.0,4.336713790893555
55,16,0.0,736.62744140625
55,17,0.0,434.276123046875
55,18,0.0,0.8800342679023743
55,19,0.0,14.896868705749512
55,20,0.0,781.7413940429688
55,21,0.0,0.0
55,22,0.0,0.8691744804382324
55,23,0.0,274.19415283203125
55,24,0.0,1.886343002319336
55,25,0.0,1.574796199798584
55,26,0.0,1.7299883365631104
55,27,0.0,33.81083297729492
55,28,0.0,1033.5345458984375
55,29,0.0,5374.24658203125
55,30,0.0,0.8713210821151733
55,31,0.0,1332.9989013671875
55,32,0.0,3292.13818359375
55,33,0.0,940.219482421875
55,34,0.0,958.7232055664062
55,35,0.0,69.18487548828125
55,36,0.0,576.592529296875
55,37,0.0,492.844970703125
55,38,0.0,941.81494140625
55,39,0.0,6675.8681640625
55,40,0.0,368.92529296875
55,41,0.0,1426.4637451171875
55,42,0.0,1080.3505859375
55,43,0.0,4.310042858123779
55,44,0.0,422.9250183105469
55,45,0.0,1088.6890869140625
55,46,0.0,883.0189208984375
55,47,0.0,435.7386474609375
55,48,0.0,1149.0819091796875
55,49,0.0,2454.5205078125
55,50,0.0,313.6330871582031
55,51,0.0,824.0867919921875
55,52,0.0,2039.0283203125
55,53,0.0,676.4009399414062
55,54,0.0,128.55055236816406
55,55,0.0,17776.171875
55,56,0.0,2045.0875244140625
55,57,0.0,1044.984619140625
55,58,0.0,7.274805068969727
55,59,0.0,351.0753173828125
55,60,0.0,662.8402709960938
55,61,0.0,921.4774169921875
55,62,0.0,2723.03662109375
55,63,0.0,640.4526977539062
55,64,0.0,767.3304443359375
55,65,0.0,905.0195922851562
55,66,0.0,344.9178466796875
55,67,0.0,418.9889221191406
55,68,0.0,1665.3134765625
55,69,0.0,1122.4736328125
55,70,0.0,1357.573974609375
55,71,0.0,511.86810302734375
55,72,0.0,353.5111999511719
55,73,0.0,2443.812255859375
55,74,0.0,1076.05419921875
55,75,0.0,1392.56298828125
55,76,0.0,1614.3338623046875
55,77,0.0,1600.8133544921875
55,78,0.0,725.3858032226562
55,79,0.0,882.31689453125
55,80,0.0,4.161678314208984
55,81,0.0,954.58251953125
55,82,0.0,1043.9630126953125
55,83,0.0,1309.880615234375
55,84,0.0,739.8978881835938
55,85,0.0,910.6392211914062
55,86,0.0,614.123291015625
55,87,0.0,6205.3232421875
55,88,0.0,684.8779907226562
55,89,0.0,4.158057689666748
55,90,0.0,14.587472915649414
55,91,0.0,637.3272705078125
55,92,0.0,1335.304443359375
55,93,0.0,34.12037658691406
55,94,0.0,1183.0703125
55,95,0.0,1459.0972900390625
55,96,0.0,1177.614990234375
55,97,0.0,825.7960815429688
56,0,0.0,455.86358642578125
56,1,0.0,2.217501640319824
56,2,0.0,389.2166748046875
56,3,0.0,26.24008560180664
56,4,0.0,430.18304443359375
56,5,0.0,93.76355743408203
56,6,0.0,1272.1962890625
56,7,0.0,0.7814449071884155
56,8,0.0,86.32039642333984
56,9,0.0,729.9741821289062
56,10,0.0,501.81805419921875
56,11,0.0,252.26625061035156
56,12,0.0,1.7192819118499756
56,13,0.0,117.72488403320312
56,14,0.0,1.6600550413131714
56,15,0.0,5.831916809082031
56,16,0.0,448.62225341796875
56,17,0.0,418.8155517578125
56,18,0.0,0.9527833461761475
56,19,0.0,11.908975601196289
56,20,0.0,503.76129150390625
56,21,0.0,0.0
56,22,0.0,1.0859651565551758
56,23,0.0,123.5704345703125
56,24,0.0,1.065038800239563
56,25,0.0,1.360548973083496
56,26,0.0,1.090402603149414
56,27,0.0,20.928373336791992
56,28,0.0,747.8782348632812
56,29,0.0,839.7796630859375
56,30,0.0,0.7880725264549255
56,31,0.0,1037.0126953125
56,32,0.0,2458.286865234375
56,33,0.0,790.9078979492188
56,34,0.0,870.8349609375
56,35,0.0,53.9462776184082
56,36,0.0,515.1834716796875
56,37,0.0,495.95989990234375
56,38,0.0,718.845703125
56,39,0.0,1159.358642578125
56,40,0.0,306.0484924316406
56,41,0.0,1261.4205322265625
56,42,0.0,801.3670043945312
56,43,0.0,1.7338067293167114
56,44,0.0,406.2613220214844
56,45,0.0,960.8358154296875
56,46,0.0,754.4652099609375
56,47,0.0,366.8213806152344
56,48,0.0,930.5866088867188
56,49,0.0,2056.00048828125
56,50,0.0,284.8177490234375
56,51,0.0,772.8749389648438
56,52,0.0,3304.232666015625
56,53,0.0,528.4085083007812
56,54,0.0,101.33060455322266
56,55,0.0,1967.3974609375
56,56,0.0,8322.5888671875
56,57,0.0,858.8413696289062
56,58,0.0,2.0532240867614746
56,59,0.0,276.5830078125
56,60,0.0,579.6026611328125
56,61,0.0,349.2548522949219
56,62,0.0,4669.2080078125
56,63,0.0,501.49725341796875
56,64,0.0,596.846923828125
56,65,0.0,665.8703002929688
56,66,0.0,275.8786315917969
56,67,0.0,344.458251953125
56,68,0.0,1802.0478515625
56,69,0.0,565.1218872070312
56,70,0.0,1148.5220947265625
56,71,0.0,462.81378173828125
56,72,0.0,358.4759826660156
56,73,0.0,6818.1103515625
56,74,0.0,907.861083984375
56,75,0.0,1191.2620849609375
56,76,0.0,1234.8782958984375
56,77,0.0,962.5196533203125
56,78,0.0,722.621337890625
56,79,0.0,718.8561401367188
56,80,0.0,1.9077894687652588
56,81,0.0,855.296142578125
56,82,0.0,906.277587890625
56,83,0.0,1173.805419921875
56,84,0.0,699.9345092773438
56,85,0.0,819.7844848632812
56,86,0.0,471.3456726074219
56,87,0.0,2535.789794921875
56,88,0.0,666.2818603515625
56,89,0.0,2.069394588470459
56,90,0.0,2.82251238822937
56,91,0.0,523.498779296875
56,92,0.0,827.272216796875
56,93,0.0,42.016761779785156
56,94,0.0,1215.668212890625
56,95,0.0,1389.280029296875
56,96,0.0,1204.6009521484375
56,97,0.0,565.3649291992188
57,0,0.0,501.5425720214844
57,1,0.0,3.679185152053833
57,2,0.0,340.8379211425781
57,3,0.0,54.62172317504883
57,4,0.0,257.09796142578125
57,5,0.0,38.91714096069336
57,6,0.0,522.4501953125
57,7,0.0,0.9260253310203552
57,8,0.0,148.0620880126953
57,9,0.0,627.8406982421875
57,10,0.0,589.96044921875
57,11,0.0,309.06292724609375
57,12,0.0,1.5250921249389648
57,13,0.0,252.23898315429688
57,14,0.0,1.7897144556045532
57,15,0.0,1.3675228357315063
57,16,0.0,515.1752319335938
57,17,0.0,643.045654296875
57,18,0.0,0.0
57,19,0.0,11.21324348449707
57,20,0.0,348.8197326660156
57,21,0.0,0.0
57,22,0.0,0.8921940922737122
57,23,0.0,81.88545989990234
57,24,0.0,1.0961499214172363
57,25,0.0,0.0
57,26,0.0,1.0155798196792603
57,27,0.0,29.054256439208984
57,28,0.0,645.76416015625
57,29,0.0,483.7944641113281
57,30,0.0,0.8381325006484985
57,31,0.0,588.4743041992188
57,32,0.0,947.968505859375
57,33,0.0,8748.52734375
57,34,0.0,1883.7283935546875
57,35,0.0,66.84185791015625
57,36,0.0,485.75787353515625
57,37,0.0,1459.128662109375
57,38,0.0,790.6372680664062
57,39,0.0,589.0164794921875
57,40,0.0,351.9716796875
57,41,0.0,1151.697509765625
57,42,0.0,592.3648071289062
57,43,0.0,1.2799253463745117
57,44,0.0,243.65316772460938
57,45,0.0,856.749267578125
57,46,0.0,820.119384765625
57,47,0.0,526.2606201171875
57,48,0.0,741.990966796875
57,49,0.0,950.9896850585938
57,50,0.0,211.80862426757812
57,51,0.0,604.2236328125
57,52,0.0,1451.6182861328125
57,53,0.0,435.4148864746094
57,54,0.0,86.76688385009766
57,55,0.0,961.5863037109375
57,56,0.0,904.2160034179688
57,57,0.0,9569.1142578125
57,58,0.0,1.62261164188385
57,59,0.0,336.3455505371094
57,60,0.0,675.36962890625
57,61,0.0,183.990966796875
57,62,0.0,957.9775390625
57,63,0.0,739.3746337890625
57,64,0.0,677.587158203125
57,65,0.0,393.17034912109375
57,66,0.0,330.9974365234375
57,67,0.0,348.6563720703125
57,68,0.0,7101.68212890625
57,69,0.0,302.1248779296875
57,70,0.0,973.6007080078125
57,71,0.0,1508.5390625
57,72,0.0,260.4493408203125
57,73,0.0,1592.17041015625
57,74,0.0,821.8851318359375
57,75,0.0,1071.007080078125
57,76,0.0,1190.5391845703125
57,77,0.0,514.0554809570312
57,78,0.0,359.542236328125
57,79,0.0,767.2828979492188
57,80,0.0,1.6226475238800049
57,81,0.0,1001.36376953125
57,82,0.0,733.6265869140625
57,83,0.0,1339.57373046875
57,84,0.0,745.6478881835938
57,85,0.0,803.3145141601562
57,86,0.0,539.1835327148438
57,87,0.0,1016.1244506835938
57,88,0.0,835.165771484375
57,89,0.0,1.6247196197509766
57,90,0.0,2.0439724922180176
57,91,0.0,496.45166015625
57,92,0.0,654.0324096679688
57,93,0.0,56.93214797973633
57,94,0.0,1233.71337890625
57,95,0.0,3486.977783203125
57,96,0.0,1771.0064697265625
57,97,0.0,563.9906616210938
58,0,0.0,1.8914356231689453
58,1,0.0,0.0
58,2,0.0,0.0
58,3,0.0,0.0
58,4,0.0,1.5837618112564087
58,5,0.0,1.0474857091903687
58,6,0.0,2.0555522441864014
58,7,0.0,0.0
58,8,0.0,0.0
58,9,0.0,1.9882134199142456
58,10,0.0,0.0
58,11,0.0,0.0
58,12,0.0,1.1636922359466553
58,13,0.0,0.0
58,14,0.0,0.0
58,15,0.0,0.8806208968162537
58,16,0.0,1.511593222618103
58,17,0.0,1.6068394184112549
58,18,0.0,0.0
58,19,0.0,0.0
58,20,0.0,1.9213628768920898
58,21,0.0,0.0
58,22,0.0,0.7622364163398743
58,23,0.0,1.2372183799743652
58,24,0.0,0.0
58,25,0.0,0.0
58,26,0.0,0.0
58,27,0.0,0.0
58,28,0.0,2.1082658767700195
58,29,0.0,10.217979431152344
58,30,0.0,0.0
58,31,0.0,2.412604331970215
58,32,0.0,4.0892014503479
58,33,0.0,1.888776421546936
58,34,0.0,1.8238911628723145
58,35,0.0,0.0
58,36,0.0,1.7671493291854858
58,37,0.0,1.6074838638305664
58,38,0.0,1.7607738971710205
58,39,0.0,4.660052299499512
58,40,0.0,0.0
58,41,0.0,2.263298273086548
58,42,0.0,2.00993275642395
58,43,0.0,1.2093241214752197
58,44,0.0,1.7050573825836182
58,45,0.0,2.1707067489624023
58,46,0.0,1.851868748664856
58,47,0.0,1.5484451055526733
58,48,0.0,1.9627983570098877
58,49,0.0,2.8612985610961914
58,50,0.0,1.4656143188476562
58,51,0.0,1.8769384622573853
58,52,0.0,2.574526071548462
58,53,0.0,1.7581413984298706
58,54,0.0,0.0
58,55,0.0,21.8343505859375
58,56,0.0,2.5414681434631348
58,57,0.0,1.9781616926193237
58,58,0.0,1.7721407413482666
58,59,0.0,1.464247465133667
58,60,0.0,1.855696678161621
58,61,0.0,1.792087435722351
58,62,0.0,2.8084921836853027
58,63,0.0,1.6563963890075684
58,64,0.0,1.7651114463806152
58,65,0.0,1.9597162008285522
58,66,0.0,1.263931393623352
58,67,0.0,1.5190179347991943
58,68,0.0,2.5519895553588867
58,69,0.0,2.110170841217041
58,70,0.0,2.221933364868164
58,71,0.0,1.6101553440093994
58,72,0.0,1.5599994659423828
58,73,0.0,3.541315793991089
58,74,0.0,2.0371930599212646
58,75,0.0,2.3983187675476074
58,76,0.0,2.239813804626465
58,77,0.0,2.37577748298645
58,78,0.0,2.028104782104492
58,79,0.0,1.87908935546875
58,80,0.0,1.3352726697921753
58,81,0.0,1.9504247903823853
58,82,0.0,1.8989397287368774
58,83,0.0,2.947983503341675
58,84,0.0,1.732166051864624
58,85,0.0,1.8933889865875244
58,86,0.0,1.7467867136001587
58,87,0.0,6.064827919006348
58,88,0.0,1.8765027523040771
58,89,0.0,1.3508923053741455
58,90,0.0,1.693870186805725
58,91,0.0,1.68886137008667
58,92,0.0,2.086829900741577
58,93,0.0,0.0
58,94,0.0,2.063168525695801
58,95,0.0,2.070145606994629
58,96,0.0,2.3472962379455566
58,97,0.0,1.682846188545227
59,0,0.0,4083.8046875
59,1,0.0,3.0863821506500244
59,2,0.0,922.2129516601562
59,3,0.0,23.01554298400879
59,4,0.0,130.27359008789062
59,5,0.0,3.6005308628082275
59,6,0.0,212.52488708496094
59,7,0.0,0.0
59,8,0.0,10.102450370788574
59,9,0.0,411.77813720703125
59,10,0.0,1690.59716796875
59,11,0.0,501.21746826171875
59,12,0.0,0.0
59,13,0.0,39.81843566894531
59,14,0.0,10.935327529907227
59,15,0.0,1.1253777742385864
59,16,0.0,1156.4581298828125
59,17,0.0,264.6277160644531
59,18,0.0,0.0
59,19,0.0,1.9928251504898071
59,20,0.0,215.3448486328125
59,21,0.0,0.0
59,22,0.0,0.8489699959754944
59,23,0.0,9.196649551391602
59,24,0.0,0.0
59,25,0.0,2.0068042278289795
59,26,0.0,1.0013108253479004
59,27,0.0,69.7867202758789
59,28,0.0,380.7370910644531
59,29,0.0,196.67337036132812
59,30,0.0,0.0
59,31,0.0,278.52447509765625
59,32,0.0,340.0569152832031
59,33,0.0,285.3957824707031
59,34,0.0,461.04913330078125
59,35,0.0,118.88812255859375
59,36,0.0,702.2171630859375
59,37,0.0,237.79469299316406
59,38,0.0,1936.6611328125
59,39,0.0,225.89691162109375
59,40,0.0,660.60986328125
59,41,0.0,1084.0166015625
59,42,0.0,366.2913513183594
59,43,0.0,0.0
59,44,0.0,151.91555786132812
59,45,0.0,888.0596313476562
59,46,0.0,696.783935546875
59,47,0.0,383.2247009277344
59,48,0.0,517.4423828125
59,49,0.0,349.0674133300781
59,50,0.0,161.13577270507812
59,51,0.0,484.6295166015625
59,52,0.0,322.2419738769531
59,53,0.0,433.9732666015625
59,54,0.0,76.8519058227539
59,55,0.0,322.8716735839844
59,56,0.0,294.25042724609375
59,57,0.0,317.6360168457031
59,58,0.0,1.2159759998321533
59,59,0.0,3160.12744140625
59,60,0.0,578.0874633789062
59,61,0.0,92.9985122680664
59,62,0.0,365.5384521484375
59,63,0.0,728.0113525390625
59,64,0.0,2192.651123046875
59,65,0.0,237.46475219726562
59,66,0.0,1101.07666015625
59,67,0.0,917.42431640625
59,68,0.0,508.5957336425781
59,69,0.0,141.65335083007812
59,70,0.0,1805.5400390625
59,71,0.0,235.12841796875
59,72,0.0,158.1195068359375
59,73,0.0,444.83416748046875
59,74,0.0,745.9186401367188
59,75,0.0,881.3037109375
59,76,0.0,893.7971801757812
59,77,0.0,247.4684600830078
59,78,0.0,171.38613891601562
59,79,0.0,2868.950439453125
59,80,0.0,0.0
59,81,0.0,1279.362060546875
59,82,0.0,571.0200805664062
59,83,0.0,1740.828125
59,84,0.0,754.2971801757812
59,85,0.0,1218.107177734375
59,86,0.0,1196.89111328125
59,87,0.0,369.55731201171875
59,88,0.0,397.9231872558594
59,89,0.0,0.0
59,90,0.0,0.0
59,91,0.0,834.395751953125
59,92,0.0,374.1185302734375
59,93,0.0,3.3001115322113037
59,94,0.0,660.6300048828125
59,95,0.0,324.7500915527344
59,96,0.0,474.0276794433594
59,97,0.0,555.6754760742188
60,0,0.0,834.1438598632812
60,1,0.0,16.35761070251465
60,2,0.0,565.1802978515625
60,3,0.0,140.5593719482422
60,4,0.0,249.63470458984375
60,5,0.0,8.486549377441406
60,6,0.0,402.8157958984375
60,7,0.0,0.9556564092636108
60,8,0.0,36.768455505371094
60,9,0.0,947.7724609375
60,10,0.0,878.5462646484375
60,11,0.0,533.7142944335938
60,12,0.0,0.0
60,13,0.0,113.00434112548828
60,14,0.0,3.066011428833008
60,15,0.0,1.3263994455337524
60,16,0.0,689.5106811523438
60,17,0.0,1008.0572509765625
60,18,0.0,0.0
60,19,0.0,2.609433650970459
60,20,0.0,315.0005798339844
60,21,0.0,0.0
60,22,0.0,0.9611682891845703
60,23,0.0,30.848310470581055
60,24,0.0,0.0
60,25,0.0,1.7484084367752075
60,26,0.0,1.0139448642730713
60,27,0.0,42.86753845214844
60,28,0.0,593.6083374023438
60,29,0.0,318.382080078125
60,30,0.0,0.9540227651596069
60,31,0.0,464.299072265625
60,32,0.0,745.6190185546875
60,33,0.0,634.2181396484375
60,34,0.0,1333.0057373046875
60,35,0.0,90.77391052246094
60,36,0.0,960.749267578125
60,37,0.0,568.047607421875
60,38,0.0,1342.4840087890625
60,39,0.0,390.36309814453125
60,40,0.0,585.0067749023438
60,41,0.0,1514.44384765625
60,42,0.0,590.88671875
60,43,0.0,1.2361801862716675
60,44,0.0,273.7725524902344
60,45,0.0,1398.8392333984375
60,46,0.0,2097.824462890625
60,47,0.0,1132.45556640625
60,48,0.0,797.3771362304688
60,49,0.0,732.7892456054688
60,50,0.0,247.75234985351562
60,51,0.0,861.278564453125
60,52,0.0,649.4608154296875
60,53,0.0,555.2160034179688
60,54,0.0,94.55374145507812
60,55,0.0,653.8811645507812
60,56,0.0,577.429931640625
60,57,0.0,644.0150146484375
60,58,0.0,1.365693211555481
60,59,0.0,549.2742309570312
60,60,0.0,4290.20947265625
60,61,0.0,135.30569458007812
60,62,0.0,698.142822265625
60,63,0.0,1304.1981201171875
60,64,0.0,1216.99169921875
60,65,0.0,389.80487060546875
60,66,0.0,559.9983520507812
60,67,0.0,530.7335205078125
60,68,0.0,1350.3560791015625
60,69,0.0,251.7723388671875
60,70,0.0,1715.9095458984375
60,71,0.0,547.56640625
60,72,0.0,327.1392517089844
60,73,0.0,1054.5322265625
60,74,0.0,1578.88623046875
60,75,0.0,1275.093017578125
60,76,0.0,1119.6531982421875
60,77,0.0,391.87420654296875
60,78,0.0,320.49969482421875
60,79,0.0,1205.2606201171875
60,80,0.0,1.3928393125534058
60,81,0.0,2792.701171875
60,82,0.0,856.8397216796875
60,83,0.0,4733.1552734375
60,84,0.0,3134.004150390625
60,85,0.0,1944.659912109375
60,86,0.0,884.33056640625
60,87,0.0,640.916259765625
60,88,0.0,1541.8712158203125
60,89,0.0,1.3717410564422607
60,90,0.0,1.6308307647705078
60,91,0.0,738.7427978515625
60,92,0.0,567.0028686523438
60,93,0.0,6.411535263061523
60,94,0.0,2749.8505859375
60,95,0.0,679.7174072265625
60,96,0.0,1572.9417724609375
60,97,0.0,606.4500732421875
61,0,0.0,130.00949096679688
61,1,0.0,0.0
61,2,0.0,105.77350616455078
61,3,0.0,2.541633367538452
61,4,0.0,113.99179077148438
61,5,0.0,2.945722818374634
61,6,0.0,198.1990966796875
61,7,0.0,0.0
61,8,0.0,0.0
61,9,0.0,178.369140625
61,10,0.0,150.38906860351562
61,11,0.0,75.00811004638672
61,12,0.0,1.5222886800765991
61,13,0.0,0.0
61,14,0.0,0.0
61,15,0.0,1.5129131078720093
61,16,0.0,129.3542022705078
61,17,0.0,96.64972686767578
61,18,0.0,0.0
61,19,0.0,2.0796914100646973
61,20,0.0,255.95059204101562
61,21,0.0,0.0
61,22,0.0,0.8586983680725098
61,23,0.0,35.3511848449707
61,24,0.0,1.008605718612671
61,25,0.0,0.0
61,26,0.0,1.186716914176941
61,27,0.0,2.5917253494262695
61,28,0.0,274.69781494140625
61,29,0.0,637.5994262695312
61,30,0.0,0.0
61,31,0.0,431.32501220703125
61,32,0.0,791.296142578125
61,33,0.0,158.07589721679688
61,34,0.0,183.67233276367188
61,35,0.0,5.9276041984558105
61,36,0.0,150.2707977294922
61,37,0.0,113.97775268554688
61,38,0.0,200.85012817382812
61,39,0.0,1234.3388671875
61,40,0.0,94.65069580078125
61,41,0.0,350.7022705078125
61,42,0.0,292.63104248046875
61,43,0.0,3.98142409324646
61,44,0.0,135.19422912597656
61,45,0.0,257.0932312011719
61,46,0.0,188.455322265625
61,47,0.0,95.49288940429688
61,48,0.0,296.90179443359375
61,49,0.0,553.8551635742188
61,50,0.0,101.21196746826172
61,51,0.0,218.1595916748047
61,52,0.0,328.4784240722656
61,53,0.0,170.67739868164062
61,54,0.0,33.5859489440918
61,55,0.0,924.5684204101562
61,56,0.0,340.8434753417969
61,57,0.0,170.42837524414062
61,58,0.0,1.769465446472168
61,59,0.0,83.63981628417969
61,60,0.0,141.01344299316406
61,61,0.0,1030.3626708984375
61,62,0.0,528.9078369140625
61,63,0.0,135.9254608154297
61,64,0.0,171.1421356201172
61,65,0.0,261.4596862792969
61,66,0.0,78.22845458984375
61,67,0.0,104.726318359375
61,68,0.0,322.4616394042969
61,69,0.0,615.8638305664062
61,70,0.0,321.0220031738281
61,71,0.0,104.61370849609375
61,72,0.0,98.00791931152344
61,73,0.0,409.42401123046875
61,74,0.0,226.0270538330078
61,75,0.0,358.9439392089844
61,76,0.0,404.9658203125
61,77,0.0,559.294189453125
61,78,0.0,206.9696044921875
61,79,0.0,198.96661376953125
61,80,0.0,1.9136292934417725
61,81,0.0,198.20201110839844
61,82,0.0,260.8845520019531
61,83,0.0,275.8763122558594
61,84,0.0,170.65695190429688
61,85,0.0,195.5637969970703
61,86,0.0,136.33355712890625
61,87,0.0,1286.965087890625
61,88,0.0,150.08480834960938
61,89,0.0,1.587258219718933
61,90,0.0,3.5349743366241455
61,91,0.0,157.75942993164062
61,92,0.0,301.3912658691406
61,93,0.0,2.524948835372925
61,94,0.0,236.3943634033203
61,95,0.0,232.354736328125
61,96,0.0,204.84068298339844
61,97,0.0,166.24990844726562
62,0,0.0,564.9940795898438
62,1,0.0,2.7567672729492188
62,2,0.0,489.4581298828125
62,3,0.0,36.27699661254883
62,4,0.0,694.3902587890625
62,5,0.0,67.23345947265625
62,6,0.0,2283.24462890625
62,7,0.0,0.8685315847396851
62,8,0.0,93.76260375976562
62,9,0.0,921.7183837890625
62,10,0.0,674.5187377929688
62,11,0.0,301.5792541503906
62,12,0.0,2.0717453956604004
62,13,0.0,124.81720733642578
62,14,0.0,1.8259721994400024
62,15,0.0,6.092437744140625
62,16,0.0,563.2607421875
62,17,0.0,522.0289916992188
62,18,0.0,0.7674053311347961
62,19,0.0,10.52110481262207
62,20,0.0,741.051513671875
62,21,0.0,0.0
62,22,0.0,0.9928692579269409
62,23,0.0,148.76541137695312
62,24,0.0,1.4483481645584106
62,25,0.0,1.521360158920288
62,26,0.0,1.2360996007919312
62,27,0.0,31.872900009155273
62,28,0.0,1183.3438720703125
62,29,0.0,1252.403564453125
62,30,0.0,0.7940598130226135
62,31,0.0,1751.77587890625
62,32,0.0,5547.22900390625
62,33,0.0,836.6588745117188
62,34,0.0,980.7907104492188
62,35,0.0,69.39483642578125
62,36,0.0,652.6197509765625
62,37,0.0,544.44970703125
62,38,0.0,1001.5696411132812
62,39,0.0,1675.56298828125
62,40,0.0,408.2752990722656
62,41,0.0,1640.3349609375
62,42,0.0,1147.4144287109375
62,43,0.0,2.3904638290405273
62,44,0.0,650.8802490234375
62,45,0.0,1246.574462890625
62,46,0.0,1053.1285400390625
62,47,0.0,432.41864013671875
62,48,0.0,1278.6102294921875
62,49,0.0,4470.2265625
62,50,0.0,423.8205871582031
62,51,0.0,1033.35498046875
62,52,0.0,2479.367431640625
62,53,0.0,712.714599609375
62,54,0.0,128.63308715820312
62,55,0.0,2618.355224609375
62,56,0.0,5115.5478515625
62,57,0.0,898.3419799804688
62,58,0.0,2.5896146297454834
62,59,0.0,372.684326171875
62,60,0.0,697.37353515625
62,61,0.0,511.10247802734375
62,62,0.0,11912.322265625
62,63,0.0,606.89794921875
62,64,0.0,835.1680297851562
62,65,0.0,1015.6380615234375
62,66,0.0,363.6423034667969
62,67,0.0,429.8670654296875
62,68,0.0,1882.668212890625
62,69,0.0,995.5762939453125
62,70,0.0,1460.4998779296875
62,71,0.0,510.42999267578125
62,72,0.0,482.46087646484375
62,73,0.0,4867.58740234375
62,74,0.0,1157.939697265625
62,75,0.0,1561.889404296875
62,76,0.0,1673.9114990234375
62,77,0.0,1645.5103759765625
62,78,0.0,1358.3582763671875
62,79,0.0,907.1929321289062
62,80,0.0,2.3371267318725586
62,81,0.0,1041.9144287109375
62,82,0.0,1234.660400390625
62,83,0.0,1437.5804443359375
62,84,0.0,863.82861328125
62,85,0.0,1034.3497314453125
62,86,0.0,578.9583740234375
62,87,0.0,4590.20751953125
62,88,0.0,864.4446411132812
62,89,0.0,2.3493402004241943
62,90,0.0,3.640174388885498
62,91,0.0,673.106201171875
62,92,0.0,1362.0765380859375
62,93,0.0,38.18500900268555
62,94,0.0,1478.37451171875
62,95,0.0,1498.5361328125
62,96,0.0,1344.26806640625
62,97,0.0,829.6231689453125
63,0,0.0,1225.181640625
63,1,0.0,26.68480682373047
63,2,0.0,613.806396484375
63,3,0.0,96.77184295654297
63,4,0.0,206.79025268554688
63,5,0.0,10.012423515319824
63,6,0.0,337.37200927734375
63,7,0.0,0.8805879354476929
63,8,0.0,37.1010627746582
63,9,0.0,672.8613891601562
63,10,0.0,1351.91015625
63,11,0.0,1620.9788818359375
63,12,0.0,0.0
63,13,0.0,98.95391082763672
63,14,0.0,3.8102824687957764
63,15,0.0,1.1884554624557495
63,16,0.0,1128.0703125
63,17,0.0,608.5035400390625
63,18,0.0,0.0
63,19,0.0,3.351694345474243
63,20,0.0,303.6268310546875
63,21,0.0,0.0
63,22,0.0,0.8525422811508179
63,23,0.0,38.92564392089844
63,24,0.0,1.0973522663116455
63,25,0.0,2.5589067935943604
63,26,0.0,1.047080636024475
63,27,0.0,107.49235534667969
63,28,0.0,565.4522705078125
63,29,0.0,305.7044982910156
63,30,0.0,0.8673515915870667
63,31,0.0,439.00323486328125
63,32,0.0,675.2140502929688
63,33,0.0,617.7023315429688
63,34,0.0,1119.611328125
63,35,0.0,133.71856689453125
63,36,0.0,792.7867431640625
63,37,0.0,530.625732421875
63,38,0.0,1535.0616455078125
63,39,0.0,405.92987060546875
63,40,0.0,1018.2389526367188
63,41,0.0,1724.1395263671875
63,42,0.0,615.3985595703125
63,43,0.0,0.0
63,44,0.0,227.0508575439453
63,45,0.0,1108.9794921875
63,46,0.0,1124.27978515625
63,47,0.0,1651.494873046875
63,48,0.0,842.953857421875
63,49,0.0,601.3271484375
63,50,0.0,218.7285919189453
63,51,0.0,687.8131103515625
63,52,0.0,589.7147216796875
63,53,0.0,547.4033813476562
63,54,0.0,92.49987030029297
63,55,0.0,633.1100463867188
63,56,0.0,510.2530517578125
63,57,0.0,654.162841796875
63,58,0.0,1.3887052536010742
63,59,0.0,834.9249267578125
63,60,0.0,1323.693359375
63,61,0.0,138.70828247070312
63,62,0.0,621.7009887695312
63,63,0.0,9568.408203125
63,64,0.0,1305.4102783203125
63,65,0.0,353.405517578125
63,66,0.0,1272.460205078125
63,67,0.0,670.5377807617188
63,68,0.0,1253.5799560546875
63,69,0.0,220.79299926757812
63,70,0.0,1775.28857421875
63,71,0.0,561.841796875
63,72,0.0,235.4806671142578
63,73,0.0,915.5230712890625
63,74,0.0,1122.195556640625
63,75,0.0,1205.8642578125
63,76,0.0,1275.079345703125
63,77,0.0,371.6810302734375
63,78,0.0,273.7965087890625
63,79,0.0,1690.508056640625
63,80,0.0,1.4869294166564941
63,81,0.0,5435.380859375
63,82,0.0,854.8890380859375
63,83,0.0,3989.98291015625
63,84,0.0,1370.74755859375
63,85,0.0,1390.282958984375
63,86,0.0,1677.7093505859375
63,87,0.0,626.45068359375
63,88,0.0,813.6768188476562
63,89,0.0,1.3958379030227661
63,90,0.0,1.7044211626052856
63,91,0.0,784.3155517578125
63,92,0.0,597.6585693359375
63,93,0.0,8.839651107788086
63,94,0.0,1451.3712158203125
63,95,0.0,649.175048828125
63,96,0.0,1025.5364990234375
63,97,0.0,820.7511596679688
64,0,0.0,2450.33984375
64,1,0.0,6.121398448944092
64,2,0.0,2032.520263671875
64,3,0.0,66.9081802368164
64,4,0.0,295.1181945800781
64,5,0.0,12.65515422821045
64,6,0.0,503.18951416015625
64,7,0.0,0.8577178716659546
64,8,0.0,39.987213134765625
64,9,0.0,990.6881103515625
64,10,0.0,2212.14501953125
64,11,0.0,856.3645629882812
64,12,0.0,1.4813470840454102
64,13,0.0,99.70187377929688
64,14,0.0,17.252147674560547
64,15,0.0,1.4235197305679321
64,16,0.0,1935.78125
64,17,0.0,602.16162109375
64,18,0.0,0.7457247376441956
64,19,0.0,3.487994909286499
64,20,0.0,491.7658996582031
64,21,0.0,0.0
64,22,0.0,0.8908582329750061
64,23,0.0,47.20766830444336
64,24,0.0,1.1009790897369385
64,25,0.0,2.291764974594116
64,26,0.0,1.0415120124816895
64,27,0.0,107.40106964111328
64,28,0.0,1009.8855590820312
64,29,0.0,428.97393798828125
64,30,0.0,0.8071527481079102
64,31,0.0,609.1196899414062
64,32,0.0,888.30419921875
64,33,0.0,730.7085571289062
64,34,0.0,985.0201416015625
64,35,0.0,153.90191650390625
64,36,0.0,2763.3125
64,37,0.0,485.3651123046875
64,38,0.0,6236.3173828125
64,39,0.0,484.9346923828125
64,40,0.0,1047.2890625
64,41,0.0,2597.255859375
64,42,0.0,994.6635131835938
64,43,0.0,1.2906852960586548
64,44,0.0,345.22564697265625
64,45,0.0,2463.9853515625
64,46,0.0,2182.81298828125
64,47,0.0,826.235595703125
64,48,0.0,1266.23291015625
64,49,0.0,1003.9912109375
64,50,0.0,341.63067626953125
64,51,0.0,1202.154296875
64,52,0.0,760.2715454101562
64,53,0.0,1011.6396484375
64,54,0.0,144.99562072753906
64,55,0.0,791.49267578125
64,56,0.0,636.758056640625
64,57,0.0,774.7276000976562
64,58,0.0,1.5122896432876587
64,59,0.0,2569.272216796875
64,60,0.0,1321.3558349609375
64,61,0.0,184.9189453125
64,62,0.0,810.283935546875
64,63,0.0,1390.578857421875
64,64,0.0,11300.90234375
64,65,0.0,515.845703125
64,66,0.0,1467.0709228515625
64,67,0.0,1521.50732421875
64,68,0.0,1250.1826171875
64,69,0.0,322.890625
64,70,0.0,4476.5478515625
64,71,0.0,520.5321655273438
64,72,0.0,398.29180908203125
64,73,0.0,1120.0953369140625
64,74,0.0,2333.316650390625
64,75,0.0,2184.575927734375
64,76,0.0,1945.5716552734375
64,77,0.0,559.8073120117188
64,78,0.0,417.70294189453125
64,79,0.0,2898.05859375
64,80,0.0,1.5668551921844482
64,81,0.0,2856.920654296875
64,82,0.0,1322.9249267578125
64,83,0.0,3917.300537109375
64,84,0.0,2072.42236328125
64,85,0.0,5794.43115234375
64,86,0.0,1645.8594970703125
64,87,0.0,891.75439453125
64,88,0.0,983.7924194335938
64,89,0.0,1.4577982425689697
64,90,0.0,1.8848328590393066
64,91,0.0,2053.59716796875
64,92,0.0,1049.7908935546875
64,93,0.0,10.28469181060791
64,94,0.0,1844.7021484375
64,95,0.0,767.0081176757812
64,96,0.0,1053.717529296875
64,97,0.0,1635.6981201171875
65,0,0.0,358.0660095214844
65,1,0.0,2.120734691619873
65,2,0.0,297.6178894042969
65,3,0.0,14.640958786010742
65,4,0.0,431.942626953125
65,5,0.0,10.409098625183105
65,6,0.0,578.544189453125
65,7,0.0,0.9150152206420898
65,8,0.0,25.926733016967773
65,9,0.0,541.820068359375
65,10,0.0,395.62109375
65,11,0.0,174.0433807373047
65,12,0.0,1.4695408344268799
65,13,0.0,59.3978157043457
65,14,0.0,1.7461824417114258
65,15,0.0,1.3758964538574219
65,16,0.0,382.4169921875
65,17,0.0,243.82415771484375
65,18,0.0,0.797590970993042
65,19,0.0,3.034618616104126
65,20,0.0,1019.6781005859375
65,21,0.0,0.0
65,22,0.0,0.9110893607139587
65,23,0.0,50.56059646606445
65,24,0.0,1.0572576522827148
65,25,0.0,1.483466386795044
65,26,0.0,1.0220227241516113
65,27,0.0,15.424593925476074
65,28,0.0,1252.980224609375
65,29,0.0,445.5457458496094
65,30,0.0,0.8433833122253418
65,31,0.0,1841.2386474609375
65,32,0.0,1176.7119140625
65,33,0.0,349.51043701171875
65,34,0.0,452.28314208984375
65,35,0.0,44.98799514770508
65,36,0.0,439.20654296875
65,37,0.0,266.03863525390625
65,38,0.0,671.3789672851562
65,39,0.0,592.3114013671875
65,40,0.0,226.71139526367188
65,41,0.0,1287.8297119140625
65,42,0.0,1402.427734375
65,43,0.0,1.4287333488464355
65,44,0.0,757.35107421875
65,45,0.0,902.206298828125
65,46,0.0,571.2557983398438
65,47,0.0,239.496337890625
65,48,0.0,1192.1259765625
65,49,0.0,1630.1004638671875
65,50,0.0,459.0804748535156
65,51,0.0,765.1585083007812
65,52,0.0,592.4683227539062
65,53,0.0,621.1451416015625
65,54,0.0,135.10926818847656
65,55,0.0,787.2904663085938
65,56,0.0,691.5442504882812
65,57,0.0,371.473876953125
65,58,0.0,1.5230592489242554
65,59,0.0,242.84437561035156
65,60,0.0,384.56280517578125
65,61,0.0,253.40243530273438
65,62,0.0,1012.7740478515625
65,63,0.0,342.6675720214844
65,64,0.0,475.1475830078125
65,65,0.0,3222.6181640625
65,66,0.0,209.22642517089844
65,67,0.0,279.912841796875
65,68,0.0,675.0528564453125
65,69,0.0,533.8798217773438
65,70,0.0,1030.5120849609375
65,71,0.0,239.81497192382812
65,72,0.0,390.06024169921875
65,73,0.0,964.236328125
65,74,0.0,734.503173828125
65,75,0.0,1342.26611328125
65,76,0.0,1563.7158203125
65,77,0.0,1100.8465576171875
65,78,0.0,825.2628784179688
65,79,0.0,574.927978515625
65,80,0.0,1.8411377668380737
65,81,0.0,533.4190063476562
65,82,0.0,1025.468994140625
65,83,0.0,824.2842407226562
65,84,0.0,497.23968505859375
65,85,0.0,578.4903564453125
65,86,0.0,360.2269592285156
65,87,0.0,1050.2689208984375
65,88,0.0,398.34442138671875
65,89,0.0,1.7265373468399048
65,90,0.0,2.4810402393341064
65,91,0.0,468.1571044921875
65,92,0.0,2235.365478515625
65,93,0.0,7.020120620727539
65,94,0.0,698.4083251953125
65,95,0.0,467.40191650390625
65,96,0.0,529.43603515625
65,97,0.0,580.3814697265625
66,0,0.0,1494.0958251953125
66,1,0.0,3.9260201454162598
66,2,0.0,509.3858642578125
66,3,0.0,28.952919006347656
66,4,0.0,123.0843505859375
66,5,0.0,3.694291353225708
66,6,0.0,188.9546356201172
66,7,0.0,0.0
66,8,0.0,0.0
66,9,0.0,375.03692626953125
66,10,0.0,1458.670166015625
66,11,0.0,1108.6051025390625
66,12,0.0,0.0
66,13,0.0,43.50503158569336
66,14,0.0,6.804649353027344
66,15,0.0,1.1820107698440552
66,16,0.0,925.3147583007812
66,17,0.0,286.6189880371094
66,18,0.0,0.0
66,19,0.0,2.0020689964294434
66,20,0.0,185.69967651367188
66,21,0.0,0.0
66,22,0.0,0.9355795979499817
66,23,0.0,11.1744966506958
66,24,0.0,1.0391191244125366
66,25,0.0,2.107200860977173
66,26,0.0,0.9864341616630554
66,27,0.0,81.72491455078125
66,28,0.0,346.15106201171875
66,29,0.0,175.37213134765625
66,30,0.0,0.0
66,31,0.0,249.41494750976562
66,32,0.0,286.028564453125
66,33,0.0,284.4032287597656
66,34,0.0,446.5016784667969
66,35,0.0,107.15021514892578
66,36,0.0,529.7655029296875
66,37,0.0,253.8655548095703
66,38,0.0,1184.7093505859375
66,39,0.0,205.01966857910156
66,40,0.0,723.6492309570312
66,41,0.0,860.836669921875
66,42,0.0,312.2032470703125
66,43,0.0,1.1710572242736816
66,44,0.0,139.86880493164062
66,45,0.0,613.667724609375
66,46,0.0,564.4739990234375
66,47,0.0,456.0939025878906
66,48,0.0,424.3266296386719
66,49,0.0,332.52618408203125
66,50,0.0,138.48858642578125
66,51,0.0,392.22784423828125
66,52,0.0,302.2117004394531
66,53,0.0,359.5912780761719
66,54,0.0,68.14698791503906
66,55,0.0,319.3136901855469
66,56,0.0,272.1078796386719
66,57,0.0,297.07696533203125
66,58,0.0,1.204882025718689
66,59,0.0,1168.7984619140625
66,60,0.0,601.8035888671875
66,61,0.0,90.2956771850586
66,62,0.0,333.666015625
66,63,0.0,1026.354736328125
66,64,0.0,1121.285888671875
66,65,0.0,219.81007385253906
66,66,0.0,2519.13720703125
66,67,0.0,596.6350708007812
66,68,0.0,502.6248779296875
66,69,0.0,131.8807373046875
66,70,0.0,1091.6041259765625
66,71,0.0,255.56903076171875
66,72,0.0,153.35321044921875
66,73,0.0,410.83807373046875
66,74,0.0,639.538330078125
66,75,0.0,774.4269409179688
66,76,0.0,718.5975341796875
66,77,0.0,217.171142578125
66,78,0.0,161.2332305908203
66,79,0.0,1428.552978515625
66,80,0.0,1.2718602418899536
66,81,0.0,1965.304931640625
66,82,0.0,470.8751525878906
66,83,0.0,2001.3760986328125
66,84,0.0,717.05859375
66,85,0.0,953.8935546875
66,86,0.0,1715.13037109375
66,87,0.0,337.6225280761719
66,88,0.0,390.7538146972656
66,89,0.0,0.0
66,90,0.0,0.0
66,91,0.0,559.590087890625
66,92,0.0,317.0774841308594
66,93,0.0,3.2786197662353516
66,94,0.0,627.2664794921875
66,95,0.0,331.40789794921875
66,96,0.0,466.75018310546875
66,97,0.0,458.3869934082031
67,0,0.0,1642.88232421875
67,1,0.0,2.1487784385681152
67,2,0.0,1780.42041015625
67,3,0.0,15.472161293029785
67,4,0.0,151.2805938720703
67,5,0.0,3.733910083770752
67,6,0.0,231.718017578125
67,7,0.0,0.0
67,8,0.0,11.409125328063965
67,9,0.0,416.5438232421875
67,10,0.0,1709.0115966796875
67,11,0.0,394.0130310058594
67,12,0.0,0.0
67,13,0.0,42.32246017456055
67,14,0.0,2.6858911514282227
67,15,0.0,1.0405054092407227
67,16,0.0,3268.589599609375
67,17,0.0,256.1036071777344
67,18,0.0,0.0
67,19,0.0,1.808960199356079
67,20,0.0,247.6951904296875
67,21,0.0,0.0
67,22,0.0,0.7585064172744751
67,23,0.0,13.92680549621582
67,24,0.0,1.0670911073684692
67,25,0.0,1.947052240371704
67,26,0.0,0.9621384739875793
67,27,0.0,71.06624603271484
67,28,0.0,479.20611572265625
67,29,0.0,226.38412475585938
67,30,0.0,0.0
67,31,0.0,327.8670654296875
67,32,0.0,475.3981018066406
67,33,0.0,314.18353271484375
67,34,0.0,484.0257568359375
67,35,0.0,155.5041046142578
67,36,0.0,696.9208984375
67,37,0.0,251.20547485351562
67,38,0.0,1855.6689453125
67,39,0.0,273.5474853515625
67,40,0.0,908.7099609375
67,41,0.0,1171.255859375
67,42,0.0,539.7887573242188
67,43,0.0,1.1118770837783813
67,44,0.0,178.43930053710938
67,45,0.0,1089.48046875
67,46,0.0,672.2484741210938
67,47,0.0,347.7184143066406
67,48,0.0,679.9697875976562
67,49,0.0,428.66680908203125
67,50,0.0,187.61830139160156
67,51,0.0,528.4020385742188
67,52,0.0,372.7165222167969
67,53,0.0,563.3782348632812
67,54,0.0,97.6960220336914
67,55,0.0,443.59771728515625
67,56,0.0,338.4458923339844
67,57,0.0,331.78826904296875
67,58,0.0,1.1981613636016846
67,59,0.0,1043.6419677734375
67,60,0.0,525.078369140625
67,61,0.0,105.91009521484375
67,62,0.0,423.48016357421875
67,63,0.0,646.7657470703125
67,64,0.0,1258.262939453125
67,65,0.0,280.77532958984375
67,66,0.0,549.8507080078125
67,67,0.0,5077.85107421875
67,68,0.0,643.2069091796875
67,69,0.0,180.29107666015625
67,70,0.0,1871.52978515625
67,71,0.0,245.528076171875
67,72,0.0,192.221435546875
67,73,0.0,580.6766967773438
67,74,0.0,768.3175048828125
67,75,0.0,1107.0509033203125
67,76,0.0,1090.61083984375
67,77,0.0,276.71685791015625
67,78,0.0,225.44711303710938
67,79,0.0,4811.06787109375
67,80,0.0,1.236027479171753
67,81,0.0,1150.1396484375
67,82,0.0,650.5973510742188
67,83,0.0,1439.1148681640625
67,84,0.0,696.5355224609375
67,85,0.0,1053.9185791015625
67,86,0.0,1097.8802490234375
67,87,0.0,433.0965270996094
67,88,0.0,390.83343505859375
67,89,0.0,1.2070492506027222
67,90,0.0,1.4046590328216553
67,91,0.0,1193.939208984375
67,92,0.0,443.06365966796875
67,93,0.0,3.387476921081543
67,94,0.0,687.2871704101562
67,95,0.0,360.92486572265625
67,96,0.0,489.2757263183594
67,97,0.0,668.7174682617188
68,0,0.0,853.1915283203125
68,1,0.0,8.634140014648438
68,2,0.0,589.180908203125
68,3,0.0,89.95008850097656
68,4,0.0,438.69683837890625
68,5,0.0,91.85098266601562
68,6,0.0,958.1416625976562
68,7,0.0,1.106996774673462
68,8,0.0,345.92413330078125
68,9,0.0,1162.2899169921875
68,10,0.0,1017.4067993164062
68,11,0.0,493.406005859375
68,12,0.0,1.6732327938079834
68,13,0.0,634.5914916992188
68,14,0.0,2.3598215579986572
68,15,0.0,1.9653258323669434
68,16,0.0,1100.7572021484375
68,17,0.0,1227.296875
68,18,0.0,0.9396018981933594
68,19,0.0,21.40127944946289
68,20,0.0,613.1376342773438
68,21,0.0,0.0
68,22,0.0,1.0334031581878662
68,23,0.0,115.32444763183594
68,24,0.0,1.4145524501800537
68,25,0.0,2.081876039505005
68,26,0.0,1.16942298412323
68,27,0.0,65.27159881591797
68,28,0.0,1050.0333251953125
68,29,0.0,809.9190063476562
68,30,0.0,1.0307079553604126
68,31,0.0,943.11669921875
68,32,0.0,1993.9384765625
68,33,0.0,9255.8046875
68,34,0.0,3885.2705078125
68,35,0.0,99.72438049316406
68,36,0.0,963.3855590820312
68,37,0.0,2740.8193359375
68,38,0.0,1199.25927734375
68,39,0.0,1033.05615234375
68,40,0.0,634.1610107421875
68,41,0.0,1856.936767578125
68,42,0.0,1228.6644287109375
68,43,0.0,1.747394323348999
68,44,0.0,465.37628173828125
68,45,0.0,1329.938232421875
68,46,0.0,1521.090087890625
68,47,0.0,960.5147705078125
68,48,0.0,1221.0574951171875
68,49,0.0,1743.3780517578125
68,50,0.0,377.20379638671875
68,51,0.0,1112.548828125
68,52,0.0,2885.635009765625
68,53,0.0,695.9605102539062
68,54,0.0,125.13877868652344
68,55,0.0,1663.015380859375
68,56,0.0,2034.13916015625
68,57,0.0,7304.806640625
68,58,0.0,1.801861047744751
68,59,0.0,548.2205200195312
68,60,0.0,1237.6217041015625
68,61,0.0,322.65142822265625
68,62,0.0,2188.748779296875
68,63,0.0,1260.9149169921875
68,64,0.0,1202.865478515625
68,65,0.0,755.9452514648438
68,66,0.0,588.4146728515625
68,67,0.0,648.6555786132812
68,68,0.0,22680.390625
68,69,0.0,515.3046264648438
68,70,0.0,1642.07177734375
68,71,0.0,2178.18408203125
68,72,0.0,442.017822265625
68,73,0.0,3071.89306640625
68,74,0.0,1687.059814453125
68,75,0.0,1677.4200439453125
68,76,0.0,2191.779296875
68,77,0.0,893.0323486328125
68,78,0.0,645.237548828125
68,79,0.0,1327.254638671875
68,80,0.0,1.9907630681991577
68,81,0.0,1775.503662109375
68,82,0.0,1225.1279296875
68,83,0.0,2399.015625
68,84,0.0,1689.6048583984375
68,85,0.0,1472.2294921875
68,86,0.0,1096.84765625
68,87,0.0,1972.10986328125
68,88,0.0,1615.4326171875
68,89,0.0,1.7855855226516724
68,90,0.0,2.4663023948669434
68,91,0.0,1057.5611572265625
68,92,0.0,1218.826171875
68,93,0.0,107.77851104736328
68,94,0.0,2685.898193359375
68,95,0.0,6053.82470703125
68,96,0.0,4164.26611328125
68,97,0.0,1048.4384765625
69,0,0.0,237.42636108398438
69,1,0.0,0.0
69,2,0.0,193.0662078857422
69,3,0.0,0.0
69,4,0.0,203.06329345703125
69,5,0.0,5.7487053871154785
69,6,0.0,389.33648681640625
69,7,0.0,0.0
69,8,0.0,0.0
69,9,0.0,323.7022705078125
69,10,0.0,256.7480163574219
69,11,0.0,0.0
69,12,0.0,0.0
69,13,0.0,0.0
69,14,0.0,0.0
69,15,0.0,1.6072697639465332
69,16,0.0,240.06988525390625
69,17,0.0,172.38137817382812
69,18,0.0,0.0
69,19,0.0,2.618260622024536
69,20,0.0,519.5359497070312
69,21,0.0,0.0
69,22,0.0,0.7948307991027832
69,23,0.0,55.195125579833984
69,24,0.0,0.0
69,25,0.0,0.0
69,26,0.0,1.2010244131088257
69,27,0.0,5.809480667114258
69,28,0.0,491.48077392578125
69,29,0.0,700.6798706054688
69,30,0.0,0.0
69,31,0.0,1107.222900390625
69,32,0.0,1620.4627685546875
69,33,0.0,258.8668212890625
69,34,0.0,330.1015930175781
69,35,0.0,17.62958526611328
69,36,0.0,252.5944061279297
69,37,0.0,203.76446533203125
69,38,0.0,393.2992248535156
69,39,0.0,1205.31982421875
69,40,0.0,156.5167694091797
69,41,0.0,712.1414794921875
69,42,0.0,580.1851196289062
69,43,0.0,2.095266103744507
69,44,0.0,243.13734436035156
69,45,0.0,435.35443115234375
69,46,0.0,352.54449462890625
69,47,0.0,167.5731201171875
69,48,0.0,532.537109375
69,49,0.0,1300.1954345703125
69,50,0.0,190.70779418945312
69,51,0.0,402.3440856933594
69,52,0.0,556.0855102539062
69,53,0.0,316.974365234375
69,54,0.0,78.9970703125
69,55,0.0,1088.215087890625
69,56,0.0,637.8197631835938
69,57,0.0,294.07598876953125
69,58,0.0,2.006371259689331
69,59,0.0,149.18035888671875
69,60,0.0,246.12197875976562
69,61,0.0,695.6810302734375
69,62,0.0,996.1322021484375
69,63,0.0,247.539306640625
69,64,0.0,288.4143981933594
69,65,0.0,547.351806640625
69,66,0.0,133.66552734375
69,67,0.0,176.53414916992188
69,68,0.0,499.8104553222656
69,69,0.0,2307.33203125
69,70,0.0,584.63427734375
69,71,0.0,181.92843627929688
69,72,0.0,190.28225708007812
69,73,0.0,854.8461303710938
69,74,0.0,434.0926208496094
69,75,0.0,660.270751953125
69,76,0.0,846.9337768554688
69,77,0.0,2411.203857421875
69,78,0.0,409.51715087890625
69,79,0.0,323.6437683105469
69,80,0.0,2.0575015544891357
69,81,0.0,370.5582275390625
69,82,0.0,465.1264343261719
69,83,0.0,513.6712646484375
69,84,0.0,318.3309631347656
69,85,0.0,362.51165771484375
69,86,0.0,224.50328063964844
69,87,0.0,2023.042724609375
69,88,0.0,267.1545104980469
69,89,0.0,1.7427284717559814
69,90,0.0,3.0407867431640625
69,91,0.0,291.9071960449219
69,92,0.0,611.8505859375
69,93,0.0,4.1018171310424805
69,94,0.0,448.9468994140625
69,95,0.0,394.03155517578125
69,96,0.0,380.82452392578125
69,97,0.0,301.7046813964844
70,0,0.0,2931.7587890625
70,1,0.0,19.13494300842285
70,2,0.0,3861.041748046875
70,3,0.0,97.39500427246094
70,4,0.0,524.218505859375
70,5,0.0,47.76373291015625
70,6,0.0,824.3916015625
70,7,0.0,0.9040156602859497
70,8,0.0,91.05587768554688
70,9,0.0,1935.589599609375
70,10,0.0,2648.094970703125
70,11,0.0,1265.6485595703125
70,12,0.0,2.2016420364379883
70,13,0.0,157.87318420410156
70,14,0.0,13.499197006225586
70,15,0.0,1.8170051574707031
70,16,0.0,3003.3671875
70,17,0.0,971.8565063476562
70,18,0.0,0.8313199877738953
70,19,0.0,16.354516983032227
70,20,0.0,1262.7340087890625
70,21,0.0,0.0
70,22,0.0,0.974589467048645
70,23,0.0,93.2141342163086
70,24,0.0,1.284071445465088
70,25,0.0,5.513822078704834
70,26,0.0,1.390648603439331
70,27,0.0,139.86456298828125
70,28,0.0,2451.4599609375
70,29,0.0,915.8299560546875
70,30,0.0,0.9223332405090332
70,31,0.0,1360.6072998046875
70,32,0.0,1917.494873046875
70,33,0.0,1383.21044921875
70,34,0.0,1681.1376953125
70,35,0.0,207.27362060546875
70,36,0.0,5369.396484375
70,37,0.0,886.7792358398438
70,38,0.0,8143.669921875
70,39,0.0,1304.2789306640625
70,40,0.0,1563.5650634765625
70,41,0.0,6181.55908203125
70,42,0.0,2091.64697265625
70,43,0.0,1.799745798110962
70,44,0.0,809.400146484375
70,45,0.0,6447.197265625
70,46,0.0,3135.947509765625
70,47,0.0,1308.6263427734375
70,48,0.0,3057.6494140625
70,49,0.0,2163.288818359375
70,50,0.0,842.8565063476562
70,51,0.0,3037.953125
70,52,0.0,1358.0281982421875
70,53,0.0,2450.071044921875
70,54,0.0,307.06707763671875
70,55,0.0,1489.1917724609375
70,56,0.0,1287.36376953125
70,57,0.0,1463.397705078125
70,58,0.0,2.2570948600769043
70,59,0.0,2399.276123046875
70,60,0.0,1922.91162109375
70,61,0.0,396.3320007324219
70,62,0.0,1658.5750732421875
70,63,0.0,2369.951416015625
70,64,0.0,5687.025390625
70,65,0.0,1324.98095703125
70,66,0.0,1660.1278076171875
70,67,0.0,2593.3916015625
70,68,0.0,2323.644775390625
70,69,0.0,698.0960083007812
70,70,0.0,20527.482421875
70,71,0.0,1043.7490234375
70,72,0.0,850.2256469726562
70,73,0.0,1996.1265869140625
70,74,0.0,3888.83544921875
70,75,0.0,5490.48828125
70,76,0.0,5284.18115234375
70,77,0.0,1256.2969970703125
70,78,0.0,897.9332275390625
70,79,0.0,4066.3525390625
70,80,0.0,2.3707568645477295
70,81,0.0,3131.552734375
70,82,0.0,3142.3369140625
70,83,0.0,4292.97607421875
70,84,0.0,3243.70263671875
70,85,0.0,5729.3095703125
70,86,0.0,2497.0068359375
70,87,0.0,2102.2568359375
70,88,0.0,1738.04541015625
70,89,0.0,2.2027645111083984
70,90,0.0,4.300842761993408
70,91,0.0,9052.6923828125
70,92,0.0,2385.30078125
70,93,0.0,41.4744987487793
70,94,0.0,2842.525390625
70,95,0.0,1625.1500244140625
70,96,0.0,1835.48095703125
70,97,0.0,5001.64697265625
71,0,0.0,391.1274719238281
71,1,0.0,3.3416976928710938
71,2,0.0,251.90817260742188
71,3,0.0,50.41626739501953
71,4,0.0,166.14920043945312
71,5,0.0,9.865638732910156
71,6,0.0,276.5220947265625
71,7,0.0,0.9608584642410278
71,8,0.0,54.3065071105957
71,9,0.0,446.1596374511719
71,10,0.0,433.2582702636719
71,11,0.0,223.89454650878906
71,12,0.0,1.288603663444519
71,13,0.0,170.3673095703125
71,14,0.0,1.6021287441253662
71,15,0.0,1.1741403341293335
71,16,0.0,374.7903747558594
71,17,0.0,529.784912109375
71,18,0.0,0.0
71,19,0.0,3.290675640106201
71,20,0.0,213.48362731933594
71,21,0.0,0.0
71,22,0.0,0.8051303625106812
71,23,0.0,24.390121459960938
71,24,0.0,1.0542668104171753
71,25,0.0,1.5638971328735352
71,26,0.0,1.00222909450531
71,27,0.0,14.204659461975098
71,28,0.0,348.049072265625
71,29,0.0,249.4849395751953
71,30,0.0,0.814498782157898
71,31,0.0,332.2262878417969
71,32,0.0,532.2058715820312
71,33,0.0,1365.588134765625
71,34,0.0,1995.706787109375
71,35,0.0,45.93428039550781
71,36,0.0,370.1125183105469
71,37,0.0,2350.73193359375
71,38,0.0,585.9403686523438
71,39,0.0,303.67218017578125
71,40,0.0,266.40594482421875
71,41,0.0,800.0476684570312
71,42,0.0,345.7570495605469
71,43,0.0,1.101427674293518
71,44,0.0,159.36685180664062
71,45,0.0,547.0205688476562
71,46,0.0,540.5946655273438
71,47,0.0,483.29730224609375
71,48,0.0,447.81365966796875
71,49,0.0,454.2036437988281
71,50,0.0,150.09915161132812
71,51,0.0,426.49298095703125
71,52,0.0,618.1470947265625
71,53,0.0,294.12432861328125
71,54,0.0,52.6060905456543
71,55,0.0,476.72662353515625
71,56,0.0,475.848388671875
71,57,0.0,1376.989013671875
71,58,0.0,1.230959415435791
71,59,0.0,237.9871368408203
71,60,0.0,592.7593994140625
71,61,0.0,108.64740753173828
71,62,0.0,529.2822265625
71,63,0.0,558.3440551757812
71,64,0.0,453.6318359375
71,65,0.0,247.83926391601562
71,66,0.0,253.00106811523438
71,67,0.0,256.3526306152344
71,68,0.0,2258.204833984375
71,69,0.0,177.15255737304688
71,70,0.0,783.8012084960938
71,71,0.0,4596.4921875
71,72,0.0,169.10824584960938
71,73,0.0,778.3131103515625
71,74,0.0,581.3896484375
71,75,0.0,660.0887451171875
71,76,0.0,702.9735107421875
71,77,0.0,274.7137756347656
71,78,0.0,207.9727783203125
71,79,0.0,513.968994140625
71,80,0.0,1.3037521839141846
71,81,0.0,829.6002807617188
71,82,0.0,449.9814758300781
71,83,0.0,1081.4520263671875
71,84,0.0,570.5419921875
71,85,0.0,545.114501953125
71,86,0.0,438.1795349121094
71,87,0.0,503.46417236328125
71,88,0.0,594.3031005859375
71,89,0.0,1.343849539756775
71,90,0.0,1.5678600072860718
71,91,0.0,350.03826904296875
71,92,0.0,371.86572265625
71,93,0.0,11.383369445800781
71,94,0.0,821.1256103515625
71,95,0.0,904.2762451171875
71,96,0.0,1225.367431640625
71,97,0.0,325.4357604980469
72,0,0.0,242.47125244140625
72,1,0.0,2.0227179527282715
72,2,0.0,212.36221313476562
72,3,0.0,5.658728122711182
72,4,0.0,314.73687744140625
72,5,0.0,3.789482831954956
72,6,0.0,328.3887634277344
72,7,0.0,0.0
72,8,0.0,7.491672992706299
72,9,0.0,687.8951416015625
72,10,0.0,278.6427917480469
72,11,0.0,126.61345672607422
72,12,0.0,1.2168707847595215
72,13,0.0,26.96002197265625
72,14,0.0,1.5089892148971558
72,15,0.0,1.1965079307556152
72,16,0.0,236.9932861328125
72,17,0.0,184.1959686279297
72,18,0.0,0.0
72,19,0.0,1.959581732749939
72,20,0.0,248.4010009765625
72,21,0.0,0.0
72,22,0.0,0.9001733064651489
72,23,0.0,7.8639068603515625
72,24,0.0,1.0327553749084473
72,25,0.0,1.310721516609192
72,26,0.0,0.9141802191734314
72,27,0.0,4.992185592651367
72,28,0.0,546.9434204101562
72,29,0.0,192.802978515625
72,30,0.0,0.0
72,31,0.0,384.060791015625
72,32,0.0,465.2995300292969
72,33,0.0,215.8655242919922
72,34,0.0,334.4739990234375
72,35,0.0,15.323875427246094
72,36,0.0,377.8194274902344
72,37,0.0,169.5562744140625
72,38,0.0,454.7673645019531
72,39,0.0,246.62014770507812
72,40,0.0,153.73756408691406
72,41,0.0,1196.397216796875
72,42,0.0,429.40325927734375
72,43,0.0,1.1537519693374634
72,44,0.0,415.6333312988281
72,45,0.0,687.3018798828125
72,46,0.0,530.1421508789062
72,47,0.0,168.42929077148438
72,48,0.0,606.923095703125
72,49,0.0,513.8955688476562
72,50,0.0,484.0595703125
72,51,0.0,1367.1572265625
72,52,0.0,338.68243408203125
72,53,0.0,383.6168212890625
72,54,0.0,55.93186569213867
72,55,0.0,348.49945068359375
72,56,0.0,358.9575500488281
72,57,0.0,223.79270935058594
72,58,0.0,1.1581273078918457
72,59,0.0,164.2870330810547
72,60,0.0,313.5873718261719
72,61,0.0,104.380859375
72,62,0.0,488.51861572265625
72,63,0.0,230.6197967529297
72,64,0.0,367.6971740722656
72,65,0.0,368.9039306640625
72,66,0.0,146.90277099609375
72,67,0.0,183.80218505859375
72,68,0.0,422.54833984375
72,69,0.0,161.3840789794922
72,70,0.0,720.922607421875
72,71,0.0,162.54534912109375
72,72,0.0,1109.39404296875
72,73,0.0,549.5045166015625
72,74,0.0,779.17578125
72,75,0.0,1002.0556030273438
72,76,0.0,721.86181640625
72,77,0.0,292.4737854003906
72,78,0.0,322.80072021484375
72,79,0.0,351.99627685546875
72,80,0.0,1.3724380731582642
72,81,0.0,405.53131103515625
72,82,0.0,953.4210205078125
72,83,0.0,598.224365234375
72,84,0.0,452.7738342285156
72,85,0.0,477.9854431152344
72,86,0.0,242.2910919189453
72,87,0.0,401.0336608886719
72,88,0.0,334.12310791015625
72,89,0.0,1.3153260946273804
72,90,0.0,1.5147653818130493
72,91,0.0,320.856201171875
72,92,0.0,517.6571044921875
72,93,0.0,2.756619453430176
72,94,0.0,638.14599609375
72,95,0.0,290.6864929199219
72,96,0.0,409.12603759765625
72,97,0.0,390.2450866699219
73,0,0.0,747.6773071289062
73,1,0.0,3.7312943935394287
73,2,0.0,630.2409057617188
73,3,0.0,58.79111862182617
73,4,0.0,767.7147216796875
73,5,0.0,186.74200439453125
73,6,0.0,2816.1884765625
73,7,0.0,0.8840271234512329
73,8,0.0,158.74526977539062
73,9,0.0,1273.3607177734375
73,10,0.0,889.2777099609375
73,11,0.0,410.2826843261719
73,12,0.0,2.0039846897125244
73,13,0.0,197.1550750732422
73,14,0.0,2.2375755310058594
73,15,0.0,4.281076908111572
73,16,0.0,816.0061645507812
73,17,0.0,787.41650390625
73,18,0.0,0.8835232257843018
73,19,0.0,23.688396453857422
73,20,0.0,758.294189453125
73,21,0.0,0.0
73,22,0.0,1.319305181503296
73,23,0.0,153.90538024902344
73,24,0.0,1.285651445388794
73,25,0.0,1.8258371353149414
73,26,0.0,1.571347951889038
73,27,0.0,53.689453125
73,28,0.0,1315.9486083984375
73,29,0.0,1177.490234375
73,30,0.0,0.9872174859046936
73,31,0.0,1482.149658203125
73,32,0.0,3007.526123046875
73,33,0.0,1509.707275390625
73,34,0.0,1510.623779296875
73,35,0.0,87.44334411621094
73,36,0.0,852.4381103515625
73,37,0.0,848.0198974609375
73,38,0.0,1278.124755859375
73,39,0.0,1434.703857421875
73,40,0.0,540.552490234375
73,41,0.0,2025.55517578125
73,42,0.0,1248.662841796875
73,43,0.0,2.061541795730591
73,44,0.0,691.739501953125
73,45,0.0,1566.6968994140625
73,46,0.0,1432.66552734375
73,47,0.0,615.2748413085938
73,48,0.0,1452.076416015625
73,49,0.0,2898.81103515625
73,50,0.0,489.7358093261719
73,51,0.0,1293.985107421875
73,52,0.0,4994.1416015625
73,53,0.0,864.2486572265625
73,54,0.0,141.87928771972656
73,55,0.0,2479.366455078125
73,56,0.0,7837.81787109375
73,57,0.0,1421.2496337890625
73,58,0.0,2.2881977558135986
73,59,0.0,489.0657653808594
73,60,0.0,987.82177734375
73,61,0.0,446.82861328125
73,62,0.0,5807.978515625
73,63,0.0,840.274658203125
73,64,0.0,1099.38330078125
73,65,0.0,1005.1551513671875
73,66,0.0,453.4461975097656
73,67,0.0,553.0834350585938
73,68,0.0,3109.119140625
73,69,0.0,814.83935546875
73,70,0.0,1841.2791748046875
73,71,0.0,847.9679565429688
73,72,0.0,592.8511352539062
73,73,0.0,17384.212890625
73,74,0.0,1720.7288818359375
73,75,0.0,1871.8751220703125
73,76,0.0,1934.73095703125
73,77,0.0,1327.433837890625
73,78,0.0,1197.2333984375
73,79,0.0,1187.39013671875
73,80,0.0,2.243901014328003
73,81,0.0,1438.7169189453125
73,82,0.0,1450.0758056640625
73,83,0.0,1980.933837890625
73,84,0.0,1197.73095703125
73,85,0.0,1377.927490234375
73,86,0.0,852.6586303710938
73,87,0.0,3052.477783203125
73,88,0.0,1305.2662353515625
73,89,0.0,2.197032928466797
73,90,0.0,3.6600327491760254
73,91,0.0,847.7496337890625
73,92,0.0,1453.172607421875
73,93,0.0,81.61565399169922
73,94,0.0,2143.37890625
73,95,0.0,2575.61328125
73,96,0.0,2415.747314453125
73,97,0.0,1036.347412109375
74,0,0.0,1108.158447265625
74,1,0.0,6.083489418029785
74,2,0.0,1005.4623413085938
74,3,0.0,75.10354614257812
74,4,0.0,475.5670166015625
74,5,0.0,21.747398376464844
74,6,0.0,778.0176391601562
74,7,0.0,0.9352251887321472
74,8,0.0,61.30569076538086
74,9,0.0,2893.955322265625
74,10,0.0,1104.310546875
74,11,0.0,555.9032592773438
74,12,0.0,1.6246200799942017
74,13,0.0,135.69752502441406
74,14,0.0,3.9555108547210693
74,15,0.0,1.5877610445022583
74,16,0.0,1077.017333984375
74,17,0.0,810.125732421875
74,18,0.0,0.7717536687850952
74,19,0.0,4.233177661895752
74,20,0.0,643.9240112304688
74,21,0.0,0.0
74,22,0.0,0.9826803207397461
74,23,0.0,65.13824462890625
74,24,0.0,1.2236210107803345
74,25,0.0,1.9147671461105347
74,26,0.0,1.1459310054779053
74,27,0.0,68.26874542236328
74,28,0.0,1443.0072021484375
74,29,0.0,543.163818359375
74,30,0.0,0.9654015898704529
74,31,0.0,854.5612182617188
74,32,0.0,1139.3388671875
74,33,0.0,826.8046875
74,34,0.0,1223.033935546875
74,35,0.0,113.05078125
74,36,0.0,2856.327880859375
74,37,0.0,597.128173828125
74,38,0.0,2047.587890625
74,39,0.0,631.5155029296875
74,40,0.0,682.89013671875
74,41,0.0,4529.8408203125
74,42,0.0,1210.114501953125
74,43,0.0,1.6171457767486572
74,44,0.0,607.7760009765625
74,45,0.0,4917.830078125
74,46,0.0,6733.517578125
74,47,0.0,803.6408081054688
74,48,0.0,1743.0390625
74,49,0.0,1471.140380859375
74,50,0.0,631.7593994140625
74,51,0.0,3300.50732421875
74,52,0.0,943.2880249023438
74,53,0.0,1282.13427734375
74,54,0.0,168.68374633789062
74,55,0.0,1042.12353515625
74,56,0.0,995.4547119140625
74,57,0.0,870.5667114257812
74,58,0.0,1.602479338645935
74,59,0.0,798.3372802734375
74,60,0.0,1596.42236328125
74,61,0.0,233.6915283203125
74,62,0.0,1164.46337890625
74,63,0.0,1223.6217041015625
74,64,0.0,2161.330322265625
74,65,0.0,741.7658081054688
74,66,0.0,684.2418823242188
74,67,0.0,850.95068359375
74,68,0.0,1627.6171875
74,69,0.0,422.45269775390625
74,70,0.0,3118.693115234375
74,71,0.0,612.4130249023438
74,72,0.0,828.236572265625
74,73,0.0,1634.1751708984375
74,74,0.0,11232.03125
74,75,0.0,3135.772216796875
74,76,0.0,2380.815673828125
74,77,0.0,756.1236572265625
74,78,0.0,632.10498046875
74,79,0.0,1695.332275390625
74,80,0.0,1.8571150302886963
74,81,0.0,2120.110595703125
74,82,0.0,2158.802734375
74,83,0.0,3223.74267578125
74,84,0.0,3607.1318359375
74,85,0.0,3525.644775390625
74,86,0.0,1013.368896484375
74,87,0.0,1206.0611572265625
74,88,0.0,1589.1673583984375
74,89,0.0,1.687102198600769
74,90,0.0,2.1284847259521484
74,91,0.0,1389.4031982421875
74,92,0.0,1489.84619140625
74,93,0.0,14.801980018615723
74,94,0.0,3592.341552734375
74,95,0.0,989.8661499023438
74,96,0.0,1796.7633056640625
74,97,0.0,1769.72314453125
75,0,0.0,1533.172607421875
75,1,0.0,14.291909217834473
75,2,0.0,1325.17822265625
75,3,0.0,88.3983154296875
75,4,0.0,621.1395263671875
75,5,0.0,50.47236633300781
75,6,0.0,893.5615844726562
75,7,0.0,0.9069468379020691
75,8,0.0,84.73223876953125
75,9,0.0,1871.8372802734375
75,10,0.0,1478.0194091796875
75,11,0.0,594.5275268554688
75,12,0.0,2.4499828815460205
75,13,0.0,150.00857543945312
75,14,0.0,7.288205623626709
75,15,0.0,2.3690133094787598
75,16,0.0,1590.739990234375
75,17,0.0,710.01220703125
75,18,0.0,0.9012820720672607
75,19,0.0,17.29547882080078
75,20,0.0,1284.58984375
75,21,0.0,0.0
75,22,0.0,1.055537223815918
75,23,0.0,99.11524200439453
75,24,0.0,1.544627070426941
75,25,0.0,3.286032199859619
75,26,0.0,1.532181739807129
75,27,0.0,97.07272338867188
75,28,0.0,3428.28369140625
75,29,0.0,841.7435913085938
75,30,0.0,1.036919355392456
75,31,0.0,1561.12890625
75,32,0.0,1795.64892578125
75,33,0.0,977.2113037109375
75,34,0.0,1360.312255859375
75,35,0.0,144.77789306640625
75,36,0.0,2346.557861328125
75,37,0.0,736.8182983398438
75,38,0.0,3130.31201171875
75,39,0.0,1207.2750244140625
75,40,0.0,858.8024291992188
75,41,0.0,9973.75390625
75,42,0.0,2832.109375
75,43,0.0,2.237854242324829
75,44,0.0,1004.51123046875
75,45,0.0,5075.71923828125
75,46,0.0,2359.68115234375
75,47,0.0,846.569091796875
75,48,0.0,4814.537109375
75,49,0.0,2202.09814453125
75,50,0.0,1464.415283203125
75,51,0.0,3659.71923828125
75,52,0.0,1303.7244873046875
75,53,0.0,3519.420654296875
75,54,0.0,436.2036437988281
75,55,0.0,1497.7294921875
75,56,0.0,1294.3880615234375
75,57,0.0,1150.9752197265625
75,58,0.0,2.387821912765503
75,59,0.0,981.3330688476562
75,60,0.0,1365.364013671875
75,61,0.0,372.80572509765625
75,62,0.0,1723.13134765625
75,63,0.0,1290.5078125
75,64,0.0,2216.038330078125
75,65,0.0,1485.160400390625
75,66,0.0,801.716796875
75,67,0.0,1203.44140625
75,68,0.0,2038.968994140625
75,69,0.0,702.10986328125
75,70,0.0,5341.30517578125
75,71,0.0,710.7347412109375
75,72,0.0,1156.0806884765625
75,73,0.0,1992.550048828125
75,74,0.0,3299.137451171875
75,75,0.0,15540.3173828125
75,76,0.0,7168.72119140625
75,77,0.0,1267.0311279296875
75,78,0.0,849.06787109375
75,79,0.0,2124.119873046875
75,80,0.0,2.6681835651397705
75,81,0.0,1969.801513671875
75,82,0.0,6038.34765625
75,83,0.0,2760.8017578125
75,84,0.0,1971.3455810546875
75,85,0.0,2641.25390625
75,86,0.0,1319.18603515625
75,87,0.0,1951.38916015625
75,88,0.0,1181.8870849609375
75,89,0.0,2.420738458633423
75,90,0.0,5.235682964324951
75,91,0.0,2549.347412109375
75,92,0.0,2622.451171875
75,93,0.0,42.3015022277832
75,94,0.0,2374.583740234375
75,95,0.0,1198.6102294921875
75,96,0.0,1555.0863037109375
75,97,0.0,5003.505859375
76,0,0.0,1553.4549560546875
76,1,0.0,6.5458173751831055
76,2,0.0,1232.5994873046875
76,3,0.0,62.078125
76,4,0.0,648.8056640625
76,5,0.0,28.638973236083984
76,6,0.0,845.0431518554688
76,7,0.0,0.918302059173584
76,8,0.0,70.57586669921875
76,9,0.0,1511.2017822265625
76,10,0.0,1364.1748046875
76,11,0.0,664.7841796875
76,12,0.0,2.421952962875366
76,13,0.0,110.3958740234375
76,14,0.0,4.288773536682129
76,15,0.0,2.074737787246704
76,16,0.0,1830.238525390625
76,17,0.0,740.2600708007812
76,18,0.0,0.822821855545044
76,19,0.0,9.9656982421875
76,20,0.0,2004.7099609375
76,21,0.0,0.8462414145469666
76,22,0.0,0.901100754737854
76,23,0.0,87.0811767578125
76,24,0.0,1.7002938985824585
76,25,0.0,2.804229736328125
76,26,0.0,1.9023921489715576
76,27,0.0,81.53021240234375
76,28,0.0,3802.27197265625
76,29,0.0,1077.21875
76,30,0.0,0.9281859397888184
76,31,0.0,1924.343994140625
76,32,0.0,2282.06298828125
76,33,0.0,1203.040283203125
76,34,0.0,1233.459716796875
76,35,0.0,124.03857421875
76,36,0.0,1722.6632080078125
76,37,0.0,751.8952026367188
76,38,0.0,2958.559326171875
76,39,0.0,1526.2164306640625
76,40,0.0,883.9479370117188
76,41,0.0,4993.93408203125
76,42,0.0,4349.72314453125
76,43,0.0,2.157758951187134
76,44,0.0,948.2440185546875
76,45,0.0,2766.40673828125
76,46,0.0,1802.97412109375
76,47,0.0,816.2401733398438
76,48,0.0,8563.27734375
76,49,0.0,2443.43798828125
76,50,0.0,1116.7666015625
76,51,0.0,2405.751953125
76,52,0.0,1600.718017578125
76,53,0.0,5047.271484375
76,54,0.0,733.3692626953125
76,55,0.0,1594.191650390625
76,56,0.0,1397.92236328125
76,57,0.0,1267.5787353515625
76,58,0.0,2.4066593647003174
76,59,0.0,1101.016845703125
76,60,0.0,1144.5252685546875
76,61,0.0,493.791748046875
76,62,0.0,1996.03369140625
76,63,0.0,1561.4864501953125
76,64,0.0,1813.718994140625
76,65,0.0,1803.21875
76,66,0.0,891.81787109375
76,67,0.0,1243.1767578125
76,68,0.0,1708.8199462890625
76,69,0.0,905.03515625
76,70,0.0,3387.1220703125
76,71,0.0,777.3267822265625
76,72,0.0,848.2664184570312
76,73,0.0,1892.84912109375
76,74,0.0,2382.460693359375
76,75,0.0,6754.09814453125
76,76,0.0,19909.826171875
76,77,0.0,1696.816650390625
76,78,0.0,920.7374267578125
76,79,0.0,1994.6109619140625
76,80,0.0,2.5151119232177734
76,81,0.0,1722.031982421875
76,82,0.0,4647.87890625
76,83,0.0,2319.709716796875
76,84,0.0,1804.31591796875
76,85,0.0,2059.872314453125
76,86,0.0,1351.22705078125
76,87,0.0,2299.344970703125
76,88,0.0,1204.613525390625
76,89,0.0,2.247319459915161
76,90,0.0,3.807591199874878
76,91,0.0,2236.19091796875
76,92,0.0,3302.29638671875
76,93,0.0,28.168548583984375
76,94,0.0,1955.7474365234375
76,95,0.0,1390.3218994140625
76,96,0.0,1532.9793701171875
76,97,0.0,3900.54931640625
77,0,0.0,366.05218505859375
77,1,0.0,2.045689105987549
77,2,0.0,297.4676513671875
77,3,0.0,11.40786361694336
77,4,0.0,385.2368469238281
77,5,0.0,15.837759017944336
77,6,0.0,705.4164428710938
77,7,0.0,0.0
77,8,0.0,30.364788055419922
77,9,0.0,562.1458129882812
77,10,0.0,412.86383056640625
77,11,0.0,190.32765197753906
77,12,0.0,1.905698299407959
77,13,0.0,65.78189086914062
77,14,0.0,1.6130937337875366
77,15,0.0,2.228882074356079
77,16,0.0,389.1071472167969
77,17,0.0,261.7267150878906
77,18,0.0,0.7849643230438232
77,19,0.0,3.8000781536102295
77,20,0.0,899.5635375976562
77,21,0.0,0.0
77,22,0.0,0.8123393058776855
77,23,0.0,85.31827545166016
77,24,0.0,1.1242296695709229
77,25,0.0,0.0
77,26,0.0,1.0791758298873901
77,27,0.0,12.90500259399414
77,28,0.0,896.993408203125
77,29,0.0,815.4364013671875
77,30,0.0,0.0
77,31,0.0,3968.46142578125
77,32,0.0,2577.521728515625
77,33,0.0,414.8169860839844
77,34,0.0,509.91143798828125
77,35,0.0,39.14886474609375
77,36,0.0,420.1545715332031
77,37,0.0,302.55718994140625
77,38,0.0,611.72998046875
77,39,0.0,1264.171630859375
77,40,0.0,238.4322052001953
77,41,0.0,1156.57470703125
77,42,0.0,1071.3486328125
77,43,0.0,2.53169846534729
77,44,0.0,459.24365234375
77,45,0.0,847.0619506835938
77,46,0.0,568.813232421875
77,47,0.0,255.05670166015625
77,48,0.0,955.8751220703125
77,49,0.0,3598.080322265625
77,50,0.0,311.7098693847656
77,51,0.0,675.4207763671875
77,52,0.0,828.9117431640625
77,53,0.0,533.3834838867188
77,54,0.0,115.10721588134766
77,55,0.0,1607.6265869140625
77,56,0.0,976.8740234375
77,57,0.0,449.9481506347656
77,58,0.0,2.166393518447876
77,59,0.0,236.2758026123047
77,60,0.0,399.0556640625
77,61,0.0,569.8854370117188
77,62,0.0,1689.338134765625
77,63,0.0,367.4041748046875
77,64,0.0,478.7932434082031
77,65,0.0,1149.452880859375
77,66,0.0,219.83566284179688
77,67,0.0,285.36407470703125
77,68,0.0,909.199462890625
77,69,0.0,2123.7099609375
77,70,0.0,905.912353515625
77,71,0.0,273.5252685546875
77,72,0.0,296.10833740234375
77,73,0.0,1452.1514892578125
77,74,0.0,710.76611328125
77,75,0.0,1167.679931640625
77,76,0.0,1378.21875
77,77,0.0,5650.6259765625
77,78,0.0,818.6109619140625
77,79,0.0,590.83447265625
77,80,0.0,2.1571121215820312
77,81,0.0,617.8304443359375
77,82,0.0,828.9171142578125
77,83,0.0,859.5538940429688
77,84,0.0,504.5344543457031
77,85,0.0,575.1741943359375
77,86,0.0,361.76776123046875
77,87,0.0,2623.416748046875
77,88,0.0,421.26434326171875
77,89,0.0,1.9874809980392456
77,90,0.0,3.650590181350708
77,91,0.0,458.8653564453125
77,92,0.0,1177.35791015625
77,93,0.0,8.584522247314453
77,94,0.0,726.9508056640625
77,95,0.0,602.1837158203125
77,96,0.0,600.5382080078125
77,97,0.0,521.852783203125
78,0,0.0,270.99896240234375
78,1,0.0,1.9775282144546509
78,2,0.0,239.69338989257812
78,3,0.0,9.166709899902344
78,4,0.0,702.3514404296875
78,5,0.0,6.903237342834473
78,6,0.0,926.4588623046875
78,7,0.0,0.0
78,8,0.0,17.88982582092285
78,9,0.0,485.5623779296875
78,10,0.0,303.49993896484375
78,11,0.0,157.18177795410156
78,12,0.0,1.3452569246292114
78,13,0.0,46.204227447509766
78,14,0.0,1.6313014030456543
78,15,0.0,1.3721407651901245
78,16,0.0,277.4375
78,17,0.0,212.81080627441406
78,18,0.0,0.8604999780654907
78,19,0.0,2.5113742351531982
78,20,0.0,457.7676696777344
78,21,0.0,0.0
78,22,0.0,0.8886666893959045
78,23,0.0,30.796430587768555
78,24,0.0,0.969440221786499
78,25,0.0,1.3823671340942383
78,26,0.0,1.0380406379699707
78,27,0.0,7.532915115356445
78,28,0.0,651.0018920898438
78,29,0.0,382.8961486816406
78,30,0.0,0.0
78,31,0.0,1240.143798828125
78,32,0.0,1178.8743896484375
78,33,0.0,306.9920349121094
78,34,0.0,416.72760009765625
78,35,0.0,24.84503173828125
78,36,0.0,338.1617126464844
78,37,0.0,221.02557373046875
78,38,0.0,483.79962158203125
78,39,0.0,507.12750244140625
78,40,0.0,175.13131713867188
78,41,0.0,832.065673828125
78,42,0.0,657.065185546875
78,43,0.0,1.3257367610931396
78,44,0.0,564.05908203125
78,45,0.0,584.76904296875
78,46,0.0,463.3521423339844
78,47,0.0,195.9808349609375
78,48,0.0,673.0972900390625
78,49,0.0,2594.6328125
78,50,0.0,341.265380859375
78,51,0.0,606.9547119140625
78,52,0.0,585.0851440429688
78,53,0.0,384.7268371582031
78,54,0.0,80.40213012695312
78,55,0.0,673.6353759765625
78,56,0.0,733.1387329101562
78,57,0.0,322.390380859375
78,58,0.0,1.435917854309082
78,59,0.0,178.62649536132812
78,60,0.0,323.8079833984375
78,61,0.0,219.7920684814453
78,62,0.0,1260.069091796875
78,63,0.0,268.7486572265625
78,64,0.0,360.08319091796875
78,65,0.0,832.3349609375
78,66,0.0,157.4620361328125
78,67,0.0,209.24169921875
78,68,0.0,600.84033203125
78,69,0.0,385.290771484375
78,70,0.0,737.2315673828125
78,71,0.0,204.02099609375
78,72,0.0,370.8919677734375
78,73,0.0,1076.513916015625
78,74,0.0,593.40966796875
78,75,0.0,889.0809326171875
78,76,0.0,914.0125732421875
78,77,0.0,810.7484130859375
78,78,0.0,1918.5369873046875
78,79,0.0,379.1749267578125
78,80,0.0,1.5664225816726685
78,81,0.0,426.1685791015625
78,82,0.0,669.4066772460938
78,83,0.0,657.7581787109375
78,84,0.0,410.27996826171875
78,85,0.0,454.92047119140625
78,86,0.0,266.04400634765625
78,87,0.0,964.3966674804688
78,88,0.0,352.4643249511719
78,89,0.0,1.5001227855682373
78,90,0.0,2.0527336597442627
78,91,0.0,335.4314270019531
78,92,0.0,771.8509521484375
78,93,0.0,4.606149673461914
78,94,0.0,613.576904296875
78,95,0.0,429.21337890625
78,96,0.0,481.1041259765625
78,97,0.0,378.8871154785156
79,0,0.0,7095.83544921875
79,1,0.0,6.113064289093018
79,2,0.0,2952.08251953125
79,3,0.0,63.4227180480957
79,4,0.0,280.1996154785156
79,5,0.0,11.771623611450195
79,6,0.0,433.6096496582031
79,7,0.0,0.8937994837760925
79,8,0.0,47.22785949707031
79,9,0.0,949.8404541015625
79,10,0.0,6534.11376953125
79,11,0.0,1000.7398681640625
79,12,0.0,1.498744010925293
79,13,0.0,98.35099792480469
79,14,0.0,8.271721839904785
79,15,0.0,1.5059701204299927
79,16,0.0,6206.7333984375
79,17,0.0,563.0263061523438
79,18,0.0,0.9512458443641663
79,19,0.0,4.110815525054932
79,20,0.0,515.83349609375
79,21,0.0,0.0
79,22,0.0,0.8249467611312866
79,23,0.0,56.180809020996094
79,24,0.0,1.1790504455566406
79,25,0.0,3.334388017654419
79,26,0.0,1.1181026697158813
79,27,0.0,189.4549102783203
79,28,0.0,1016.8899536132812
79,29,0.0,507.2126159667969
79,30,0.0,0.9224517941474915
79,31,0.0,713.74560546875
79,32,0.0,960.8219604492188
79,33,0.0,774.9279174804688
79,34,0.0,1210.1785888671875
79,35,0.0,267.5108947753906
79,36,0.0,1567.3255615234375
79,37,0.0,564.5978393554688
79,38,0.0,3386.55078125
79,39,0.0,651.4993896484375
79,40,0.0,2325.350830078125
79,41,0.0,2182.39892578125
79,42,0.0,1066.1785888671875
79,43,0.0,1.4578046798706055
79,44,0.0,357.9219970703125
79,45,0.0,1779.3116455078125
79,46,0.0,1375.910400390625
79,47,0.0,821.1329956054688
79,48,0.0,1283.62890625
79,49,0.0,1032.7767333984375
79,50,0.0,340.71331787109375
79,51,0.0,1174.7696533203125
79,52,0.0,801.185546875
79,53,0.0,940.73046875
79,54,0.0,148.3154296875
79,55,0.0,875.521484375
79,56,0.0,789.0108032226562
79,57,0.0,833.1082153320312
79,58,0.0,1.6400556564331055
79,59,0.0,3096.562255859375
79,60,0.0,1212.88671875
79,61,0.0,218.1055908203125
79,62,0.0,928.3138427734375
79,63,0.0,1686.1871337890625
79,64,0.0,2714.155517578125
79,65,0.0,584.0416870117188
79,66,0.0,1385.136962890625
79,67,0.0,5419.66064453125
79,68,0.0,1325.7054443359375
79,69,0.0,335.8255920410156
79,70,0.0,3222.515380859375
79,71,0.0,547.9478149414062
79,72,0.0,352.49761962890625
79,73,0.0,1148.8128662109375
79,74,0.0,1740.7332763671875
79,75,0.0,1751.64453125
79,76,0.0,2329.627685546875
79,77,0.0,584.9761962890625
79,78,0.0,410.71160888671875
79,79,0.0,14434.6982421875
79,80,0.0,1.7802622318267822
79,81,0.0,2585.93896484375
79,82,0.0,1255.0654296875
79,83,0.0,3151.3037109375
79,84,0.0,1816.5965576171875
79,85,0.0,2432.620849609375
79,86,0.0,3430.247314453125
79,87,0.0,1056.32275390625
79,88,0.0,868.8455810546875
79,89,0.0,1.6440399885177612
79,90,0.0,1.7959064245224
79,91,0.0,2537.128173828125
79,92,0.0,1062.2828369140625
79,93,0.0,10.088724136352539
79,94,0.0,1579.5858154296875
79,95,0.0,884.9462890625
79,96,0.0,1200.7984619140625
79,97,0.0,1691.749755859375
80,0,0.0,0.0
80,1,0.0,0.0
80,2,0.0,0.0
80,3,0.0,0.0
80,4,0.0,0.0
80,5,0.0,0.0
80,6,0.0,1.9594260454177856
80,7,0.0,0.0
80,8,0.0,0.0
80,9,0.0,2.129584550857544
80,10,0.0,0.0
80,11,0.0,0.0
80,12,0.0,1.3915756940841675
80,13,0.0,0.0
80,14,0.0,0.0
80,15,0.0,0.0
80,16,0.0,0.0
80,17,0.0,0.0
80,18,0.0,0.0
80,19,0.0,0.0
80,20,0.0,0.0
80,21,0.0,0.0
80,22,0.0,0.0
80,23,0.0,0.0
80,24,0.0,0.0
80,25,0.0,0.0
80,26,0.0,0.0
80,27,0.0,0.0
80,28,0.0,2.238793134689331
80,29,0.0,9.067887306213379
80,30,0.0,0.0
80,31,0.0,2.5071234703063965
80,32,0.0,3.8366339206695557
80,33,0.0,2.057662010192871
80,34,0.0,1.9674124717712402
80,35,0.0,0.0
80,36,0.0,1.7616996765136719
80,37,0.0,0.0
80,38,0.0,1.9009064435958862
80,39,0.0,3.8484766483306885
80,40,0.0,0.0
80,41,0.0,2.4684371948242188
80,42,0.0,2.1379005908966064
80,43,0.0,1.1030511856079102
80,44,0.0,0.0
80,45,0.0,2.3369851112365723
80,46,0.0,1.9445154666900635
80,47,0.0,0.0
80,48,0.0,2.403888702392578
80,49,0.0,2.9328184127807617
80,50,0.0,1.4762754440307617
80,51,0.0,2.086276054382324
80,52,0.0,2.6803195476531982
80,53,0.0,1.9176712036132812
80,54,0.0,0.0
80,55,0.0,7.876285552978516
80,56,0.0,2.599292278289795
80,57,0.0,2.0266036987304688
80,58,0.0,1.1896792650222778
80,59,0.0,0.0
80,60,0.0,1.839966058731079
80,61,0.0,2.0704920291900635
80,62,0.0,3.4152207374572754
80,63,0.0,0.0
80,64,0.0,2.019094705581665
80,65,0.0,2.3563592433929443
80,66,0.0,0.0
80,67,0.0,0.0
80,68,0.0,2.669760227203369
80,69,0.0,2.5794191360473633
80,70,0.0,2.443685531616211
80,71,0.0,0.0
80,72,0.0,0.0
80,73,0.0,3.649709939956665
80,74,0.0,2.3293142318725586
80,75,0.0,2.6389501094818115
80,76,0.0,2.5371756553649902
80,77,0.0,2.7486343383789062
80,78,0.0,1.951490879058838
80,79,0.0,1.9956049919128418
80,80,0.0,1.871765375137329
80,81,0.0,2.154756784439087
80,82,0.0,2.0290443897247314
80,83,0.0,3.171562910079956
80,84,0.0,1.8959908485412598
80,85,0.0,2.0831680297851562
80,86,0.0,0.0
80,87,0.0,5.965068817138672
80,88,0.0,0.0
80,89,0.0,1.3934732675552368
80,90,0.0,1.6083579063415527
80,91,0.0,1.865363597869873
80,92,0.0,2.2166500091552734
80,93,0.0,0.0
80,94,0.0,2.3542022705078125
80,95,0.0,2.268375873565674
80,96,0.0,2.0880215167999268
80,97,0.0,1.9192742109298706
81,0,0.0,1969.9429931640625
81,1,0.0,34.47608947753906
81,2,0.0,1190.4046630859375
81,3,0.0,123.27741241455078
81,4,0.0,325.7340393066406
81,5,0.0,17.17792510986328
81,6,0.0,591.5884399414062
81,7,0.0,0.918394923210144
81,8,0.0,56.94022750854492
81,9,0.0,1091.0926513671875
81,10,0.0,2070.748046875
81,11,0.0,2084.968017578125
81,12,0.0,1.4167966842651367
81,13,0.0,135.3271484375
81,14,0.0,8.313078880310059
81,15,0.0,1.3927654027938843
81,16,0.0,1484.792724609375
81,17,0.0,1016.0363159179688
81,18,0.0,0.936809241771698
81,19,0.0,4.1617207527160645
81,20,0.0,463.8455810546875
81,21,0.0,0.0
81,22,0.0,0.8685746788978577
81,23,0.0,58.8955078125
81,24,0.0,1.0785397291183472
81,25,0.0,2.740248203277588
81,26,0.0,1.1040456295013428
81,27,0.0,128.31268310546875
81,28,0.0,986.2177124023438
81,29,0.0,507.12286376953125
81,30,0.0,1.1155675649642944
81,31,0.0,662.342529296875
81,32,0.0,1072.0567626953125
81,33,0.0,971.1639404296875
81,34,0.0,1820.970947265625
81,35,0.0,162.1665496826172
81,36,0.0,1462.4638671875
81,37,0.0,739.3970947265625
81,38,0.0,2269.83935546875
81,39,0.0,562.79638671875
81,40,0.0,1359.311279296875
81,41,0.0,2185.720703125
81,42,0.0,892.3585815429688
81,43,0.0,1.4892364740371704
81,44,0.0,399.8240966796875
81,45,0.0,2082.9248046875
81,46,0.0,2311.1416015625
81,47,0.0,2122.57568359375
81,48,0.0,1193.18359375
81,49,0.0,1034.075439453125
81,50,0.0,362.1480712890625
81,51,0.0,1144.799072265625
81,52,0.0,995.4483032226562
81,53,0.0,883.5841674804688
81,54,0.0,130.1631317138672
81,55,0.0,961.7055053710938
81,56,0.0,790.9713134765625
81,57,0.0,899.2506103515625
81,58,0.0,1.4467631578445435
81,59,0.0,1446.9642333984375
81,60,0.0,2578.1962890625
81,61,0.0,193.00369262695312
81,62,0.0,1085.51220703125
81,63,0.0,5524.837890625
81,64,0.0,2768.0302734375
81,65,0.0,544.7754516601562
81,66,0.0,2000.2708740234375
81,67,0.0,1184.9609375
81,68,0.0,1802.222900390625
81,69,0.0,361.8755187988281
81,70,0.0,2594.0087890625
81,71,0.0,814.34521484375
81,72,0.0,413.4759216308594
81,73,0.0,1424.057373046875
81,74,0.0,2220.261474609375
81,75,0.0,1876.6041259765625
81,76,0.0,1752.490478515625
81,77,0.0,620.29931640625
81,78,0.0,466.8960266113281
81,79,0.0,2628.492919921875
81,80,0.0,1.5120255947113037
81,81,0.0,16221.857421875
81,82,0.0,1230.04248046875
81,83,0.0,12370.3486328125
81,84,0.0,3139.7978515625
81,85,0.0,3124.2841796875
81,86,0.0,2300.654296875
81,87,0.0,1049.7587890625
81,88,0.0,1470.357421875
81,89,0.0,1.4659849405288696
81,90,0.0,1.748426914215088
81,91,0.0,1294.2799072265625
81,92,0.0,956.9630126953125
81,93,0.0,13.149024963378906
81,94,0.0,2491.170166015625
81,95,0.0,944.3688354492188
81,96,0.0,1940.267822265625
81,97,0.0,990.9508056640625
82,0,0.0,796.74365234375
82,1,0.0,4.817798614501953
82,2,0.0,743.0061645507812
82,3,0.0,51.067195892333984
82,4,0.0,566.2107543945312
82,5,0.0,25.213895797729492
82,6,0.0,684.5941162109375
82,7,0.0,0.850637674331665
82,8,0.0,57.51300048828125
82,9,0.0,1237.8603515625
82,10,0.0,863.63916015625
82,11,0.0,350.83441162109375
82,12,0.0,1.8543028831481934
82,13,0.0,106.4944839477539
82,14,0.0,3.1513969898223877
82,15,0.0,2.073096513748169
82,16,0.0,1007.4395751953125
82,17,0.0,461.18890380859375
82,18,0.0,0.7941091060638428
82,19,0.0,5.272669315338135
82,20,0.0,1053.3231201171875
82,21,0.0,0.0
82,22,0.0,0.9217631816864014
82,23,0.0,72.43138885498047
82,24,0.0,1.3863763809204102
82,25,0.0,1.9806984663009644
82,26,0.0,1.2505276203155518
82,27,0.0,59.52448272705078
82,28,0.0,3021.93994140625
82,29,0.0,526.976318359375
82,30,0.0,0.8821234703063965
82,31,0.0,1209.8812255859375
82,32,0.0,1326.905029296875
82,33,0.0,715.6067504882812
82,34,0.0,900.8616943359375
82,35,0.0,98.00782012939453
82,36,0.0,1184.0140380859375
82,37,0.0,481.77581787109375
82,38,0.0,1382.115966796875
82,39,0.0,771.8043212890625
82,40,0.0,461.62890625
82,41,0.0,6124.49755859375
82,42,0.0,1903.3028564453125
82,43,0.0,1.871671438217163
82,44,0.0,1043.36279296875
82,45,0.0,2398.7607421875
82,46,0.0,1512.4757080078125
82,47,0.0,473.3216857910156
82,48,0.0,3774.994873046875
82,49,0.0,1646.0208740234375
82,50,0.0,1937.67431640625
82,51,0.0,3386.84130859375
82,52,0.0,911.6851196289062
82,53,0.0,1946.9656982421875
82,54,0.0,254.3678741455078
82,55,0.0,1055.15087890625
82,56,0.0,841.2865600585938
82,57,0.0,767.8767700195312
82,58,0.0,1.9753769636154175
82,59,0.0,654.78271484375
82,60,0.0,790.5517578125
82,61,0.0,296.6353454589844
82,62,0.0,1288.050537109375
82,63,0.0,805.037353515625
82,64,0.0,1266.8114013671875
82,65,0.0,1076.91357421875
82,66,0.0,538.8870849609375
82,67,0.0,606.8292236328125
82,68,0.0,1223.6414794921875
82,69,0.0,504.175537109375
82,70,0.0,2578.636474609375
82,71,0.0,420.365478515625
82,72,0.0,1039.7303466796875
82,73,0.0,1432.6224365234375
82,74,0.0,2162.01708984375
82,75,0.0,6545.369140625
82,76,0.0,4294.72021484375
82,77,0.0,946.0988159179688
82,78,0.0,748.2302856445312
82,79,0.0,1239.2574462890625
82,80,0.0,1.988218069076538
82,81,0.0,1209.64794921875
82,82,0.0,7622.2724609375
82,83,0.0,1694.7236328125
82,84,0.0,1278.1983642578125
82,85,0.0,1567.7884521484375
82,86,0.0,784.23681640625
82,87,0.0,1269.0050048828125
82,88,0.0,867.5474243164062
82,89,0.0,1.9221223592758179
82,90,0.0,2.9110164642333984
82,91,0.0,1340.6268310546875
82,92,0.0,2186.61279296875
82,93,0.0,18.856616973876953
82,94,0.0,1614.9183349609375
82,95,0.0,910.2138671875
82,96,0.0,1062.40869140625
82,97,0.0,2191.216796875
83,0,0.0,2953.230712890625
83,1,0.0,58.20298385620117
83,2,0.0,1608.6038818359375
83,3,0.0,195.36659240722656
83,4,0.0,457.5182800292969
83,5,0.0,41.6651496887207
83,6,0.0,875.5856323242188
83,7,0.0,1.0529638528823853
83,8,0.0,97.5523681640625
83,9,0.0,1998.554443359375
83,10,0.0,2878.377685546875
83,11,0.0,1881.2830810546875
83,12,0.0,1.636814832687378
83,13,0.0,195.5267333984375
83,14,0.0,19.677562713623047
83,15,0.0,1.752568006515503
83,16,0.0,2311.170166015625
83,17,0.0,1511.2716064453125
83,18,0.0,0.7614234089851379
83,19,0.0,9.91235065460205
83,20,0.0,690.5687255859375
83,21,0.0,0.0
83,22,0.0,0.8678361773490906
83,23,0.0,87.66160583496094
83,24,0.0,1.1936012506484985
83,25,0.0,4.211629867553711
83,26,0.0,1.1494733095169067
83,27,0.0,144.56561279296875
83,28,0.0,1477.7650146484375
83,29,0.0,668.5164794921875
83,30,0.0,1.1224409341812134
83,31,0.0,999.4570922851562
83,32,0.0,1411.4324951171875
83,33,0.0,1551.166748046875
83,34,0.0,2859.6884765625
83,35,0.0,206.1217803955078
83,36,0.0,2632.024658203125
83,37,0.0,1051.7498779296875
83,38,0.0,3765.052734375
83,39,0.0,826.0087890625
83,40,0.0,1574.0115966796875
83,41,0.0,3408.772705078125
83,42,0.0,1337.110595703125
83,43,0.0,1.4980807304382324
83,44,0.0,526.6826171875
83,45,0.0,3247.927734375
83,46,0.0,4020.39208984375
83,47,0.0,2548.266357421875
83,48,0.0,1789.047607421875
83,49,0.0,1712.47265625
83,50,0.0,497.94610595703125
83,51,0.0,2041.992431640625
83,52,0.0,1441.5244140625
83,53,0.0,1405.4857177734375
83,54,0.0,203.24400329589844
83,55,0.0,1410.490966796875
83,56,0.0,1412.220458984375
83,57,0.0,1604.4654541015625
83,58,0.0,1.6306052207946777
83,59,0.0,1826.504150390625
83,60,0.0,5931.64013671875
83,61,0.0,278.00213623046875
83,62,0.0,1610.4830322265625
83,63,0.0,4839.541015625
83,64,0.0,4132.625
83,65,0.0,814.5616455078125
83,66,0.0,2079.9482421875
83,67,0.0,1564.392333984375
83,68,0.0,2620.7802734375
83,69,0.0,486.9608459472656
83,70,0.0,4402.78515625
83,71,0.0,1134.121337890625
83,72,0.0,625.8267822265625
83,73,0.0,2117.6220703125
83,74,0.0,3669.405517578125
83,75,0.0,2868.927001953125
83,76,0.0,3052.1494140625
83,77,0.0,928.7208862304688
83,78,0.0,634.9527587890625
83,79,0.0,3457.131591796875
83,80,0.0,1.7310097217559814
83,81,0.0,14634.4375
83,82,0.0,1878.85302734375
83,83,0.0,22733.390625
83,84,0.0,6595.6767578125
83,85,0.0,5285.1298828125
83,86,0.0,3224.60302734375
83,87,0.0,1719.8065185546875
83,88,0.0,2309.12255859375
83,89,0.0,1.673753261566162
83,90,0.0,2.7713375091552734
83,91,0.0,2395.006591796875
83,92,0.0,1598.97412109375
83,93,0.0,35.89280319213867
83,94,0.0,4609.9794921875
83,95,0.0,1666.138671875
83,96,0.0,2833.81689453125
83,97,0.0,1850.773193359375
84,0,0.0,1082.6044921875
84,1,0.0,9.362619400024414
84,2,0.0,780.7142333984375
84,3,0.0,95.74296569824219
84,4,0.0,308.7678527832031
84,5,0.0,13.181059837341309
84,6,0.0,489.5451354980469
84,7,0.0,0.9282088875770569
84,8,0.0,44.61365509033203
84,9,0.0,1367.685302734375
84,10,0.0,1097.7701416015625
84,11,0.0,656.0481567382812
84,12,0.0,1.3801745176315308
84,13,0.0,117.99304962158203
84,14,0.0,4.205120086669922
84,15,0.0,1.4987483024597168
84,16,0.0,890.5675048828125
84,17,0.0,863.5834350585938
84,18,0.0,0.8500359654426575
84,19,0.0,3.1423957347869873
84,20,0.0,400.7063293457031
84,21,0.0,0.0
84,22,0.0,1.0199652910232544
84,23,0.0,45.209312438964844
84,24,0.0,1.0916179418563843
84,25,0.0,1.85679030418396
84,26,0.0,1.0457872152328491
84,27,0.0,60.462223052978516
84,28,0.0,905.4970092773438
84,29,0.0,381.14813232421875
84,30,0.0,0.999447226524353
84,31,0.0,586.6182861328125
84,32,0.0,901.8402099609375
84,33,0.0,680.980712890625
84,34,0.0,1272.7139892578125
84,35,0.0,102.69962310791016
84,36,0.0,1668.595458984375
84,37,0.0,568.41748046875
84,38,0.0,1710.7960205078125
84,39,0.0,473.5379333496094
84,40,0.0,691.58251953125
84,41,0.0,2262.182861328125
84,42,0.0,870.5106811523438
84,43,0.0,1.3867666721343994
84,44,0.0,356.8023681640625
84,45,0.0,2208.498291015625
84,46,0.0,5300.7236328125
84,47,0.0,928.463623046875
84,48,0.0,1087.077880859375
84,49,0.0,925.112548828125
84,50,0.0,335.9458923339844
84,51,0.0,1271.947265625
84,52,0.0,836.7035522460938
84,53,0.0,762.094482421875
84,54,0.0,115.03449249267578
84,55,0.0,787.1986694335938
84,56,0.0,688.9947509765625
84,57,0.0,703.56103515625
84,58,0.0,1.4434176683425903
84,59,0.0,834.1529541015625
84,60,0.0,3132.48828125
84,61,0.0,169.6366424560547
84,62,0.0,856.6368408203125
84,63,0.0,1324.6744384765625
84,64,0.0,2110.7802734375
84,65,0.0,490.0601806640625
84,66,0.0,699.3782958984375
84,67,0.0,695.6290283203125
84,68,0.0,1463.3529052734375
84,69,0.0,305.09423828125
84,70,0.0,2239.38232421875
84,71,0.0,545.5814819335938
84,72,0.0,442.5523376464844
84,73,0.0,1252.8807373046875
84,74,0.0,3178.269775390625
84,75,0.0,1819.3292236328125
84,76,0.0,1535.6649169921875
84,77,0.0,493.73419189453125
84,78,0.0,434.2423095703125
84,79,0.0,1579.460693359375
84,80,0.0,1.457726001739502
84,81,0.0,2941.24365234375
84,82,0.0,1205.712890625
84,83,0.0,5278.3564453125
84,84,0.0,8758.431640625
84,85,0.0,3627.288818359375
84,86,0.0,1053.27099609375
84,87,0.0,888.618896484375
84,88,0.0,1580.5078125
84,89,0.0,1.4458552598953247
84,90,0.0,1.8162386417388916
84,91,0.0,1035.8421630859375
84,92,0.0,856.8738403320312
84,93,0.0,9.222968101501465
84,94,0.0,3501.958251953125
84,95,0.0,764.7501220703125
84,96,0.0,1587.729248046875
84,97,0.0,882.4851684570312
85,0,0.0,1623.46044921875
85,1,0.0,6.752317428588867
85,2,0.0,1456.673095703125
85,3,0.0,68.47018432617188
85,4,0.0,336.55255126953125
85,5,0.0,13.009830474853516
85,6,0.0,578.5880737304688
85,7,0.0,0.960607647895813
85,8,0.0,44.953651428222656
85,9,0.0,1249.465087890625
85,10,0.0,1523.123046875
85,11,0.0,757.7867431640625
85,12,0.0,1.3883352279663086
85,13,0.0,112.5089111328125
85,14,0.0,7.302636623382568
85,15,0.0,1.3978700637817383
85,16,0.0,1237.148193359375
85,17,0.0,723.939697265625
85,18,0.0,0.8634389042854309
85,19,0.0,3.339094400405884
85,20,0.0,525.36474609375
85,21,0.0,0.0
85,22,0.0,0.919035792350769
85,23,0.0,53.54026794433594
85,24,0.0,1.1003360748291016
85,25,0.0,2.0079877376556396
85,26,0.0,1.2114571332931519
85,27,0.0,75.82666778564453
85,28,0.0,1120.9561767578125
85,29,0.0,470.6880187988281
85,30,0.0,0.9996010065078735
85,31,0.0,665.4531860351562
85,32,0.0,908.42236328125
85,33,0.0,826.6311645507812
85,34,0.0,1130.450439453125
85,35,0.0,126.1417465209961
85,36,0.0,5018.05615234375
85,37,0.0,535.5609741210938
85,38,0.0,3232.97509765625
85,39,0.0,526.1640625
85,40,0.0,877.9541015625
85,41,0.0,3083.7685546875
85,42,0.0,971.3137817382812
85,43,0.0,1.5038636922836304
85,44,0.0,443.60650634765625
85,45,0.0,3536.511474609375
85,46,0.0,4022.30419921875
85,47,0.0,898.044677734375
85,48,0.0,1372.4237060546875
85,49,0.0,1161.998291015625
85,50,0.0,430.38116455078125
85,51,0.0,1497.0537109375
85,52,0.0,868.8162841796875
85,53,0.0,1102.26708984375
85,54,0.0,150.85452270507812
85,55,0.0,878.7523803710938
85,56,0.0,729.103759765625
85,57,0.0,873.2086181640625
85,58,0.0,1.4340957403182983
85,59,0.0,1333.075927734375
85,60,0.0,1720.1556396484375
85,61,0.0,184.48342895507812
85,62,0.0,1029.1739501953125
85,63,0.0,1340.376220703125
85,64,0.0,5385.23779296875
85,65,0.0,570.7552490234375
85,66,0.0,1025.2996826171875
85,67,0.0,1148.362548828125
85,68,0.0,1420.117431640625
85,69,0.0,348.050537109375
85,70,0.0,4025.450927734375
85,71,0.0,564.2005615234375
85,72,0.0,489.13946533203125
85,73,0.0,1297.337158203125
85,74,0.0,3528.001953125
85,75,0.0,2451.78271484375
85,76,0.0,2012.480224609375
85,77,0.0,612.9064331054688
85,78,0.0,480.0347900390625
85,79,0.0,2355.868408203125
85,80,0.0,1.4848684072494507
85,81,0.0,3000.53076171875
85,82,0.0,1511.6470947265625
85,83,0.0,4677.37646484375
85,84,0.0,4112.85009765625
85,85,0.0,11701.1865234375
85,86,0.0,1358.182373046875
85,87,0.0,981.2549438476562
85,88,0.0,1252.491455078125
85,89,0.0,1.4364702701568604
85,90,0.0,1.7844758033752441
85,91,0.0,1701.54736328125
85,92,0.0,1036.1895751953125
85,93,0.0,9.846410751342773
85,94,0.0,2467.2119140625
85,95,0.0,860.2635498046875
85,96,0.0,1363.66552734375
85,97,0.0,1315.691162109375
86,0,0.0,2395.8984375
86,1,0.0,4.101651668548584
86,2,0.0,895.817626953125
86,3,0.0,45.9188346862793
86,4,0.0,196.8988494873047
86,5,0.0,6.671703338623047
86,6,0.0,314.2638244628906
86,7,0.0,0.8571398258209229
86,8,0.0,24.89781951904297
86,9,0.0,577.6703491210938
86,10,0.0,4376.05126953125
86,11,0.0,1528.010009765625
86,12,0.0,1.2617133855819702
86,13,0.0,77.59505462646484
86,14,0.0,3.9763357639312744
86,15,0.0,1.2744140625
86,16,0.0,2166.611083984375
86,17,0.0,459.358642578125
86,18,0.0,0.0
86,19,0.0,2.5406534671783447
86,20,0.0,305.95947265625
86,21,0.0,0.0
86,22,0.0,0.8592900037765503
86,23,0.0,29.51537322998047
86,24,0.0,1.0128237009048462
86,25,0.0,3.0232696533203125
86,26,0.0,1.0424331426620483
86,27,0.0,252.68763732910156
86,28,0.0,641.1680908203125
86,29,0.0,300.19378662109375
86,30,0.0,0.8126070499420166
86,31,0.0,423.3288269042969
86,32,0.0,646.420166015625
86,33,0.0,492.69757080078125
86,34,0.0,807.403564453125
86,35,0.0,219.2798614501953
86,36,0.0,827.1056518554688
86,37,0.0,403.7235412597656
86,38,0.0,1672.230224609375
86,39,0.0,363.342041015625
86,40,0.0,3566.0546875
86,41,0.0,1357.4088134765625
86,42,0.0,648.2611083984375
86,43,0.0,0.0
86,44,0.0,228.60806274414062
86,45,0.0,1251.582763671875
86,46,0.0,1076.90087890625
86,47,0.0,700.0308837890625
86,48,0.0,785.30615234375
86,49,0.0,632.8161010742188
86,50,0.0,210.8607635498047
86,51,0.0,667.4581298828125
86,52,0.0,587.1879272460938
86,53,0.0,595.60107421875
86,54,0.0,102.27365112304688
86,55,0.0,604.966064453125
86,56,0.0,473.54278564453125
86,57,0.0,521.7490234375
86,58,0.0,1.2866872549057007
86,59,0.0,1359.9468994140625
86,60,0.0,890.3604736328125
86,61,0.0,133.66061401367188
86,62,0.0,648.9736938476562
86,63,0.0,1676.4326171875
86,64,0.0,1722.8271484375
86,65,0.0,352.34686279296875
86,66,0.0,2120.38037109375
86,67,0.0,1269.41796875
86,68,0.0,1001.0325317382812
86,69,0.0,231.4972381591797
86,70,0.0,2002.7841796875
86,71,0.0,411.60858154296875
86,72,0.0,244.71981811523438
86,73,0.0,825.0269165039062
86,74,0.0,1031.517578125
86,75,0.0,1229.1572265625
86,76,0.0,1206.019287109375
86,77,0.0,394.5557556152344
86,78,0.0,288.8460998535156
86,79,0.0,3085.68115234375
86,80,0.0,1.3232452869415283
86,81,0.0,2511.58203125
86,82,0.0,773.2317504882812
86,83,0.0,2656.73193359375
86,84,0.0,1087.3609619140625
86,85,0.0,1555.000244140625
86,86,0.0,9438.5703125
86,87,0.0,593.01318359375
86,88,0.0,670.38330078125
86,89,0.0,1.301100730895996
86,90,0.0,1.560912847518921
86,91,0.0,966.269287109375
86,92,0.0,610.2841796875
86,93,0.0,6.03269100189209
86,94,0.0,1158.00439453125
86,95,0.0,547.7467041015625
86,96,0.0,863.3279418945312
86,97,0.0,834.3352661132812
87,0,0.0,575.5415649414062
87,1,0.0,2.6922802925109863
87,2,0.0,441.8221130371094
87,3,0.0,38.55128479003906
87,4,0.0,512.0347900390625
87,5,0.0,51.31281280517578
87,6,0.0,1124.239501953125
87,7,0.0,0.8344652652740479
87,8,0.0,80.62183380126953
87,9,0.0,814.4190063476562
87,10,0.0,673.98681640625
87,11,0.0,302.9781799316406
87,12,0.0,2.8981876373291016
87,13,0.0,107.04701232910156
87,14,0.0,1.8943376541137695
87,15,0.0,11.457306861877441
87,16,0.0,721.6087036132812
87,17,0.0,436.94952392578125
87,18,0.0,0.774974524974823
87,19,0.0,16.529930114746094
87,20,0.0,901.7174682617188
87,21,0.0,0.8855893611907959
87,22,0.0,0.8722925186157227
87,23,0.0,204.888671875
87,24,0.0,1.96597421169281
87,25,0.0,1.5875755548477173
87,26,0.0,1.8909375667572021
87,27,0.0,36.95988082885742
87,28,0.0,1087.031494140625
87,29,0.0,2347.802734375
87,30,0.0,0.8649117350578308
87,31,0.0,1963.080078125
87,32,0.0,9144.13671875
87,33,0.0,788.3469848632812
87,34,0.0,891.74267578125
87,35,0.0,73.19220733642578
87,36,0.0,625.40673828125
87,37,0.0,508.8487548828125
87,38,0.0,1025.33984375
87,39,0.0,6904.9736328125
87,40,0.0,382.9267883300781
87,41,0.0,1644.5
87,42,0.0,1283.8492431640625
87,43,0.0,4.362524509429932
87,44,0.0,529.9669799804688
87,45,0.0,1216.605224609375
87,46,0.0,967.9495849609375
87,47,0.0,420.7138366699219
87,48,0.0,1358.7198486328125
87,49,0.0,3505.722900390625
87,50,0.0,390.02325439453125
87,51,0.0,959.4887084960938
87,52,0.0,2100.96435546875
87,53,0.0,679.6880493164062
87,54,0.0,137.67176818847656
87,55,0.0,5510.74951171875
87,56,0.0,2263.789794921875
87,57,0.0,874.0924682617188
87,58,0.0,5.207988262176514
87,59,0.0,409.2017822265625
87,60,0.0,637.9024658203125
87,61,0.0,1283.61962890625
87,62,0.0,4161.84033203125
87,63,0.0,612.5441284179688
87,64,0.0,826.9581909179688
87,65,0.0,1058.1485595703125
87,66,0.0,367.9783935546875
87,67,0.0,436.7544860839844
87,68,0.0,1722.7314453125
87,69,0.0,1875.612548828125
87,70,0.0,1489.41064453125
87,71,0.0,538.7399291992188
87,72,0.0,422.7115783691406
87,73,0.0,2918.2294921875
87,74,0.0,1075.172607421875
87,75,0.0,1608.676513671875
87,76,0.0,2321.645263671875
87,77,0.0,2920.60693359375
87,78,0.0,943.9052124023438
87,79,0.0,925.9689331054688
87,80,0.0,3.1785571575164795
87,81,0.0,995.4906005859375
87,82,0.0,1238.2177734375
87,83,0.0,1373.3740234375
87,84,0.0,798.5570068359375
87,85,0.0,977.9544067382812
87,86,0.0,579.3707885742188
87,87,0.0,16711.400390625
87,88,0.0,695.7662963867188
87,89,0.0,2.936687707901001
87,90,0.0,8.993476867675781
87,91,0.0,680.87060546875
87,92,0.0,1303.0277099609375
87,93,0.0,36.39350891113281
87,94,0.0,1304.2255859375
87,95,0.0,1227.3182373046875
87,96,0.0,1054.4462890625
87,97,0.0,964.3722534179688
88,0,0.0,614.1171264648438
88,1,0.0,5.576030731201172
88,2,0.0,435.2821960449219
88,3,0.0,103.81092834472656
88,4,0.0,281.04461669921875
88,5,0.0,16.13178825378418
88,6,0.0,503.8858947753906
88,7,0.0,0.9312662482261658
88,8,0.0,59.29092025756836
88,9,0.0,1315.174072265625
88,10,0.0,644.9097900390625
88,11,0.0,352.8018493652344
88,12,0.0,0.0
88,13,0.0,157.74942016601562
88,14,0.0,2.498105049133301
88,15,0.0,1.2267849445343018
88,16,0.0,540.39599609375
88,17,0.0,1750.8861083984375
88,18,0.0,0.0
88,19,0.0,3.205495834350586
88,20,0.0,331.9644775390625
88,21,0.0,0.0
88,22,0.0,1.0177451372146606
88,23,0.0,38.47541427612305
88,24,0.0,0.9845383167266846
88,25,0.0,0.0
88,26,0.0,0.9268078804016113
88,27,0.0,32.46271896362305
88,28,0.0,615.623779296875
88,29,0.0,340.35748291015625
88,30,0.0,0.8966361880302429
88,31,0.0,516.3109130859375
88,32,0.0,824.51806640625
88,33,0.0,761.37158203125
88,34,0.0,1610.1607666015625
88,35,0.0,71.22997283935547
88,36,0.0,764.2667846679688
88,37,0.0,669.8224487304688
88,38,0.0,963.133544921875
88,39,0.0,424.28704833984375
88,40,0.0,391.188720703125
88,41,0.0,1475.523193359375
88,42,0.0,600.2966918945312
88,43,0.0,1.325613021850586
88,44,0.0,300.06640625
88,45,0.0,1264.924072265625
88,46,0.0,1772.5645751953125
88,47,0.0,713.3917236328125
88,48,0.0,730.5670776367188
88,49,0.0,752.33984375
88,50,0.0,261.3270263671875
88,51,0.0,923.4310302734375
88,52,0.0,777.7159423828125
88,53,0.0,517.3392944335938
88,54,0.0,87.79664611816406
88,55,0.0,648.2828979492188
88,56,0.0,698.2583618164062
88,57,0.0,768.6860961914062
88,58,0.0,1.391135573387146
88,59,0.0,395.176513671875
88,60,0.0,1634.96337890625
88,61,0.0,149.4983673095703
88,62,0.0,828.9229736328125
88,63,0.0,833.6171875
88,64,0.0,884.0797119140625
88,65,0.0,420.32647705078125
88,66,0.0,381.9485778808594
88,67,0.0,414.9144592285156
88,68,0.0,1695.022705078125
88,69,0.0,253.37738037109375
88,70,0.0,1310.46337890625
88,71,0.0,607.439697265625
88,72,0.0,374.9969177246094
88,73,0.0,1326.94482421875
88,74,0.0,1547.8648681640625
88,75,0.0,1236.2420654296875
88,76,0.0,1114.6907958984375
88,77,0.0,433.3999328613281
88,78,0.0,366.46624755859375
88,79,0.0,833.6134643554688
88,80,0.0,0.0
88,81,0.0,1507.97265625
88,82,0.0,793.1165771484375
88,83,0.0,2204.397705078125
88,84,0.0,1677.6580810546875
88,85,0.0,1211.442138671875
88,86,0.0,633.382080078125
88,87,0.0,726.9203491210938
88,88,0.0,4336.6640625
88,89,0.0,1.493116021156311
88,90,0.0,1.7991300821304321
88,91,0.0,620.4514770507812
88,92,0.0,602.4400634765625
88,93,0.0,10.151960372924805
88,94,0.0,5417.01318359375
88,95,0.0,843.678466796875
88,96,0.0,2747.75732421875
88,97,0.0,618.7490844726562
89,0,0.0,1.8821666240692139
89,1,0.0,0.0
89,2,0.0,1.5453535318374634
89,3,0.0,0.0
89,4,0.0,0.0
89,5,0.0,0.0
89,6,0.0,2.0649521350860596
89,7,0.0,0.0
89,8,0.0,0.0
89,9,0.0,2.094879627227783
89,10,0.0,1.7517458200454712
89,11,0.0,0.0
89,12,0.0,1.2726221084594727
89,13,0.0,0.0
89,14,0.0,0.0
89,15,0.0,0.0
89,16,0.0,1.5643465518951416
89,17,0.0,0.0
89,18,0.0,0.0
89,19,0.0,0.0
89,20,0.0,0.0
89,21,0.0,0.0
89,22,0.0,0.0
89,23,0.0,1.1516499519348145
89,24,0.0,0.0
89,25,0.0,0.0
89,26,0.0,0.0
89,27,0.0,0.0
89,28,0.0,2.123000383377075
89,29,0.0,7.5775275230407715
89,30,0.0,0.0
89,31,0.0,2.3330800533294678
89,32,0.0,3.5372581481933594
89,33,0.0,1.92731773853302
89,34,0.0,1.98276948928833
89,35,0.0,0.0
89,36,0.0,1.8785773515701294
89,37,0.0,1.812740683555603
89,38,0.0,1.8434231281280518
89,39,0.0,3.4566056728363037
89,40,0.0,1.4121248722076416
89,41,0.0,2.3355560302734375
89,42,0.0,2.014890670776367
89,43,0.0,0.9592585563659668
89,44,0.0,1.6412289142608643
89,45,0.0,2.239108085632324
89,46,0.0,1.9017459154129028
89,47,0.0,0.0
89,48,0.0,2.2594449520111084
89,49,0.0,2.7195587158203125
89,50,0.0,1.5102360248565674
89,51,0.0,2.062192678451538
89,52,0.0,2.760449171066284
89,53,0.0,1.9164624214172363
89,54,0.0,0.0
89,55,0.0,7.735011100769043
89,56,0.0,2.6085734367370605
89,57,0.0,2.0312092304229736
89,58,0.0,1.2248804569244385
89,59,0.0,1.3770370483398438
89,60,0.0,1.8259162902832031
89,61,0.0,1.635489583015442
89,62,0.0,2.9701154232025146
89,63,0.0,1.7078676223754883
89,64,0.0,1.8222171068191528
89,65,0.0,2.237474203109741
89,66,0.0,0.0
89,67,0.0,1.5269348621368408
89,68,0.0,2.6428613662719727
89,69,0.0,2.085561513900757
89,70,0.0,2.310654401779175
89,71,0.0,1.5918606519699097
89,72,0.0,1.4898098707199097
89,73,0.0,3.2801198959350586
89,74,0.0,2.2893617153167725
89,75,0.0,2.4537415504455566
89,76,0.0,2.341723918914795
89,77,0.0,2.486048698425293
89,78,0.0,1.9623857736587524
89,79,0.0,1.9479179382324219
89,80,0.0,1.4278699159622192
89,81,0.0,2.1421854496002197
89,82,0.0,1.9386996030807495
89,83,0.0,3.1936044692993164
89,84,0.0,1.8874143362045288
89,85,0.0,2.0538227558135986
89,86,0.0,1.7510992288589478
89,87,0.0,5.215710639953613
89,88,0.0,1.8856614828109741
89,89,0.0,1.87251877784729
89,90,0.0,1.3853521347045898
89,91,0.0,1.8343881368637085
89,92,0.0,2.093775749206543
89,93,0.0,0.0
89,94,0.0,2.1210341453552246
89,95,0.0,2.309669017791748
89,96,0.0,2.276113271713257
89,97,0.0,1.8662257194519043
90,0,0.0,2.143486499786377
90,1,0.0,0.0
90,2,0.0,0.0
90,3,0.0,0.0
90,4,0.0,0.0
90,5,0.0,0.0
90,6,0.0,2.229769706726074
90,7,0.0,0.0
90,8,0.0,0.0
90,9,0.0,2.4435226917266846
90,10,0.0,0.0
90,11,0.0,0.0
90,12,0.0,0.0
90,13,0.0,0.0
90,14,0.0,0.0
90,15,0.0,0.0
90,16,0.0,0.0
90,17,0.0,0.0
90,18,0.0,0.0
90,19,0.0,0.0
90,20,0.0,0.0
90,21,0.0,0.0
90,22,0.0,0.0
90,23,0.0,0.0
90,24,0.0,0.0
90,25,0.0,0.0
90,26,0.0,0.0
90,27,0.0,0.0
90,28,0.0,3.1312460899353027
90,29,0.0,34.362667083740234
90,30,0.0,0.0
90,31,0.0,4.294527053833008
90,32,0.0,10.892844200134277
90,33,0.0,2.331829071044922
90,34,0.0,2.4680206775665283
90,35,0.0,0.0
90,36,0.0,2.0874929428100586
90,37,0.0,0.0
90,38,0.0,2.8586974143981934
90,39,0.0,19.77104949951172
90,40,0.0,0.0
90,41,0.0,4.847416400909424
90,42,0.0,3.0949506759643555
90,43,0.0,1.4267200231552124
90,44,0.0,0.0
90,45,0.0,3.1823177337646484
90,46,0.0,2.5076639652252197
90,47,0.0,0.0
90,48,0.0,3.4779250621795654
90,49,0.0,6.035619258880615
90,50,0.0,1.7460298538208008
90,51,0.0,2.7130510807037354
90,52,0.0,4.086525917053223
90,53,0.0,0.0
90,54,0.0,0.0
90,55,0.0,36.7317008972168
90,56,0.0,4.024768829345703
90,57,0.0,2.243781566619873
90,58,0.0,1.2648710012435913
90,59,0.0,0.0
90,60,0.0,2.0352821350097656
90,61,0.0,3.4546213150024414
90,62,0.0,6.411252021789551
90,63,0.0,0.0
90,64,0.0,0.0
90,65,0.0,2.794426441192627
90,66,0.0,0.0
90,67,0.0,0.0
90,68,0.0,4.171800136566162
90,69,0.0,3.638821601867676
90,70,0.0,4.2046098709106445
90,71,0.0,0.0
90,72,0.0,0.0
90,73,0.0,6.304933547973633
90,74,0.0,3.25793194770813
90,75,0.0,6.828780651092529
90,76,0.0,7.751377582550049
90,77,0.0,4.970251083374023
90,78,0.0,2.387967109680176
90,79,0.0,2.6345417499542236
90,80,0.0,1.5917110443115234
90,81,0.0,2.9025068283081055
90,82,0.0,3.156562328338623
90,83,0.0,5.253108024597168
90,84,0.0,2.3590431213378906
90,85,0.0,2.824939727783203
90,86,0.0,1.9554818868637085
90,87,0.0,27.296072006225586
90,88,0.0,0.0
90,89,0.0,1.3702385425567627
90,90,0.0,2.087395191192627
90,91,0.0,2.3453803062438965
90,92,0.0,3.2795169353485107
90,93,0.0,0.0
90,94,0.0,3.324854850769043
90,95,0.0,3.0352344512939453
90,96,0.0,2.7586119174957275
90,97,0.0,2.2770700454711914
91,0,0.0,1249.169921875
91,1,0.0,3.0907113552093506
91,2,0.0,2374.737548828125
91,3,0.0,34.74039077758789
91,4,0.0,249.75393676757812
91,5,0.0,8.668190002441406
91,6,0.0,417.42083740234375
91,7,0.0,0.0
91,8,0.0,28.308277130126953
91,9,0.0,716.8067626953125
91,10,0.0,1200.408203125
91,11,0.0,453.6472473144531
91,12,0.0,0.0
91,13,0.0,73.97472381591797
91,14,0.0,3.4890332221984863
91,15,0.0,1.4236186742782593
91,16,0.0,1252.4061279296875
91,17,0.0,398.858642578125
91,18,0.0,0.7662009000778198
91,19,0.0,2.866931438446045
91,20,0.0,433.6571044921875
91,21,0.0,0.0
91,22,0.0,0.8928888440132141
91,23,0.0,37.58143615722656
91,24,0.0,1.1084675788879395
91,25,0.0,2.0288777351379395
91,26,0.0,1.056219458580017
91,27,0.0,68.58525848388672
91,28,0.0,1027.40576171875
91,29,0.0,347.2449645996094
91,30,0.0,0.791413426399231
91,31,0.0,546.15283203125
91,32,0.0,794.7427368164062
91,33,0.0,496.2301330566406
91,34,0.0,676.986572265625
91,35,0.0,123.57379150390625
91,36,0.0,1431.275390625
91,37,0.0,354.878173828125
91,38,0.0,3378.837890625
91,39,0.0,425.0400695800781
91,40,0.0,692.2105712890625
91,41,0.0,2469.341552734375
91,42,0.0,916.6071166992188
91,43,0.0,1.3710212707519531
91,44,0.0,314.87750244140625
91,45,0.0,2461.98779296875
91,46,0.0,1290.978759765625
91,47,0.0,496.84771728515625
91,48,0.0,1336.4351806640625
91,49,0.0,888.7507934570312
91,50,0.0,342.3370666503906
91,51,0.0,1001.8735961914062
91,52,0.0,620.4631958007812
91,53,0.0,1352.226806640625
91,54,0.0,176.5432891845703
91,55,0.0,694.6839599609375
91,56,0.0,527.229736328125
91,57,0.0,533.0899047851562
91,58,0.0,1.4232900142669678
91,59,0.0,922.8465576171875
91,60,0.0,744.0836181640625
91,61,0.0,164.52601623535156
91,62,0.0,679.7658081054688
91,63,0.0,769.7391357421875
91,64,0.0,1889.43701171875
91,65,0.0,480.43389892578125
91,66,0.0,608.5443725585938
91,67,0.0,1363.2486572265625
91,68,0.0,941.2974853515625
91,69,0.0,287.5257263183594
91,70,0.0,6161.9560546875
91,71,0.0,376.7061462402344
91,72,0.0,340.3741455078125
91,73,0.0,916.4476318359375
91,74,0.0,1398.8341064453125
91,75,0.0,2385.208984375
91,76,0.0,2234.171875
91,77,0.0,496.955078125
91,78,0.0,365.02374267578125
91,79,0.0,2225.154052734375
91,80,0.0,1.5453908443450928
91,81,0.0,1416.5145263671875
91,82,0.0,1294.903564453125
91,83,0.0,1912.6051025390625
91,84,0.0,1065.03857421875
91,85,0.0,1745.92822265625
91,86,0.0,958.890869140625
91,87,0.0,696.642578125
91,88,0.0,642.9708251953125
91,89,0.0,1.4362374544143677
91,90,0.0,1.6527931690216064
91,91,0.0,8320.3916015625
91,92,0.0,918.8823852539062
91,93,0.0,7.10030460357666
91,94,0.0,1089.5985107421875
91,95,0.0,592.3197631835938
91,96,0.0,730.8977661132812
91,97,0.0,2463.3017578125
92,0,0.0,575.4912109375
92,1,0.0,3.0113046169281006
92,2,0.0,485.93231201171875
92,3,0.0,31.726749420166016
92,4,0.0,516.8631591796875
92,5,0.0,17.747629165649414
92,6,0.0,674.7052001953125
92,7,0.0,0.9038111567497253
92,8,0.0,43.33116912841797
92,9,0.0,818.0348510742188
92,10,0.0,657.9228515625
92,11,0.0,261.7828063964844
92,12,0.0,1.8063613176345825
92,13,0.0,90.8937759399414
92,14,0.0,2.053446054458618
92,15,0.0,2.2000789642333984
92,16,0.0,761.5264282226562
92,17,0.0,379.096435546875
92,18,0.0,0.8229668736457825
92,19,0.0,4.469018936157227
92,20,0.0,2243.82861328125
92,21,0.0,0.0
92,22,0.0,0.9281249046325684
92,23,0.0,72.88656616210938
92,24,0.0,1.1880838871002197
92,25,0.0,1.716294765472412
92,26,0.0,1.0909336805343628
92,27,0.0,37.275630950927734
92,28,0.0,4167.73828125
92,29,0.0,648.0040283203125
92,30,0.0,0.9439880847930908
92,31,0.0,1553.1669921875
92,32,0.0,1504.3253173828125
92,33,0.0,659.3915405273438
92,34,0.0,735.1829223632812
92,35,0.0,76.96981048583984
92,36,0.0,728.1710205078125
92,37,0.0,360.9295654296875
92,38,0.0,961.3096923828125
92,39,0.0,774.4837646484375
92,40,0.0,359.7818298339844
92,41,0.0,2186.0869140625
92,42,0.0,3921.299560546875
92,43,0.0,1.9554023742675781
92,44,0.0,983.08154296875
92,45,0.0,1327.5711669921875
92,46,0.0,1008.0520629882812
92,47,0.0,358.2528991699219
92,48,0.0,2888.387939453125
92,49,0.0,1846.0703125
92,50,0.0,873.3099975585938
92,51,0.0,1293.396484375
92,52,0.0,886.8560180664062
92,53,0.0,1079.4442138671875
92,54,0.0,250.4775390625
92,55,0.0,1166.7685546875
92,56,0.0,841.7794189453125
92,57,0.0,703.1725463867188
92,58,0.0,1.926749348640442
92,59,0.0,411.7890930175781
92,60,0.0,572.2228393554688
92,61,0.0,352.681640625
92,62,0.0,1385.896728515625
92,63,0.0,597.9261474609375
92,64,0.0,876.6116943359375
92,65,0.0,2556.328125
92,66,0.0,352.0244140625
92,67,0.0,452.542724609375
92,68,0.0,1074.6556396484375
92,69,0.0,638.50146484375
92,70,0.0,1499.34912109375
92,71,0.0,346.7260437011719
92,72,0.0,591.8636474609375
92,73,0.0,1388.4364013671875
92,74,0.0,1330.9833984375
92,75,0.0,2216.66162109375
92,76,0.0,3331.298828125
92,77,0.0,1321.5496826171875
92,78,0.0,853.7993774414062
92,79,0.0,833.7758178710938
92,80,0.0,1.9652276039123535
92,81,0.0,902.4700927734375
92,82,0.0,1938.234130859375
92,83,0.0,1273.137939453125
92,84,0.0,785.628662109375
92,85,0.0,1046.7452392578125
92,86,0.0,597.4088745117188
92,87,0.0,1474.526611328125
92,88,0.0,637.1046142578125
92,89,0.0,1.868010401725769
92,90,0.0,2.925107002258301
92,91,0.0,811.3934936523438
92,92,0.0,7835.3125
92,93,0.0,12.125268936157227
92,94,0.0,1176.3431396484375
92,95,0.0,817.9508056640625
92,96,0.0,856.0859375
92,97,0.0,1308.5850830078125
93,0,0.0,6.540212154388428
93,1,0.0,0.0
93,2,0.0,3.600876569747925
93,3,0.0,1.1841542720794678
93,4,0.0,3.89500093460083
93,5,0.0,1.7503854036331177
93,6,0.0,8.4114990234375
93,7,0.0,0.0
93,8,0.0,2.9680447578430176
93,9,0.0,11.370760917663574
93,10,0.0,6.81595516204834
93,11,0.0,3.4021217823028564
93,12,0.0,0.0
93,13,0.0,2.1890411376953125
93,14,0.0,0.0
93,15,0.0,1.0471292734146118
93,16,0.0,6.8716301918029785
93,17,0.0,6.368963241577148
93,18,0.0,0.0
93,19,0.0,1.4593827724456787
93,20,0.0,5.076086044311523
93,21,0.0,0.0
93,22,0.0,0.8307601809501648
93,23,0.0,1.4188460111618042
93,24,0.0,0.0
93,25,0.0,0.0
93,26,0.0,0.0
93,27,0.0,0.0
93,28,0.0,16.21007537841797
93,29,0.0,6.942687034606934
93,30,0.0,0.0
93,31,0.0,16.220075607299805
93,32,0.0,34.737510681152344
93,33,0.0,52.01192092895508
93,34,0.0,28.33004379272461
93,35,0.0,1.2109335660934448
93,36,0.0,6.203734397888184
93,37,0.0,13.749570846557617
93,38,0.0,19.293352127075195
93,39,0.0,18.040756225585938
93,40,0.0,3.488079786300659
93,41,0.0,41.024600982666016
93,42,0.0,11.865595817565918
93,43,0.0,0.0
93,44,0.0,3.1564505100250244
93,45,0.0,19.089826583862305
93,46,0.0,14.005091667175293
93,47,0.0,6.851974010467529
93,48,0.0,16.586898803710938
93,49,0.0,32.6181526184082
93,50,0.0,3.060577869415283
93,51,0.0,11.382360458374023
93,52,0.0,126.4968490600586
93,53,0.0,12.614446640014648
93,54,0.0,1.504361867904663
93,55,0.0,35.56871795654297
93,56,0.0,52.59123992919922
93,57,0.0,61.05772018432617
93,58,0.0,0.9480503797531128
93,59,0.0,3.7469613552093506
93,60,0.0,7.505251884460449
93,61,0.0,2.7913994789123535
93,62,0.0,42.87192153930664
93,63,0.0,9.457917213439941
93,64,0.0,9.549739837646484
93,65,0.0,7.049337387084961
93,66,0.0,3.4915366172790527
93,67,0.0,4.14009428024292
93,68,0.0,114.67346954345703
93,69,0.0,4.656427383422852
93,70,0.0,38.65165710449219
93,71,0.0,10.725715637207031
93,72,0.0,2.8075664043426514
93,73,0.0,80.18865203857422
93,74,0.0,16.2692928314209
93,75,0.0,39.425472259521484
93,76,0.0,28.86765480041504
93,77,0.0,11.603055000305176
93,78,0.0,5.361728668212891
93,79,0.0,11.34727668762207
93,80,0.0,0.0
93,81,0.0,12.615021705627441
93,82,0.0,23.25376319885254
93,83,0.0,34.19260025024414
93,84,0.0,9.638799667358398
93,85,0.0,10.315292358398438
93,86,0.0,6.992104530334473
93,87,0.0,38.76344299316406
93,88,0.0,10.482426643371582
93,89,0.0,0.0
93,90,0.0,0.0
93,91,0.0,7.047557353973389
93,92,0.0,13.396324157714844
93,93,0.0,7.374546527862549
93,94,0.0,29.43172836303711
93,95,0.0,232.40460205078125
93,96,0.0,35.09314727783203
93,97,0.0,7.095708847045898
94,0,0.0,1025.131591796875
94,1,0.0,13.227572441101074
94,2,0.0,918.0736694335938
94,3,0.0,120.54619598388672
94,4,0.0,495.7491455078125
94,5,0.0,34.76402282714844
94,6,0.0,919.7637939453125
94,7,0.0,0.9594124555587769
94,8,0.0,98.78866577148438
94,9,0.0,3271.36572265625
94,10,0.0,1191.4755859375
94,11,0.0,594.0560913085938
94,12,0.0,1.538217306137085
94,13,0.0,192.51832580566406
94,14,0.0,3.2743000984191895
94,15,0.0,1.6737568378448486
94,16,0.0,902.24951171875
94,17,0.0,1656.201904296875
94,18,0.0,0.8544199466705322
94,19,0.0,6.043738842010498
94,20,0.0,554.1060180664062
94,21,0.0,0.0
94,22,0.0,1.134951114654541
94,23,0.0,72.56622314453125
94,24,0.0,1.2428737878799438
94,25,0.0,2.026806354522705
94,26,0.0,1.2560288906097412
94,27,0.0,70.81375885009766
94,28,0.0,1206.43994140625
94,29,0.0,590.8055419921875
94,30,0.0,1.1052266359329224
94,31,0.0,858.5928344726562
94,32,0.0,1233.0887451171875
94,33,0.0,1187.402099609375
94,34,0.0,1953.495361328125
94,35,0.0,108.49667358398438
94,36,0.0,1436.7396240234375
94,37,0.0,866.5706176757812
94,38,0.0,1613.202392578125
94,39,0.0,683.789306640625
94,40,0.0,689.1607666015625
94,41,0.0,2700.77685546875
94,42,0.0,1059.8192138671875
94,43,0.0,1.6350290775299072
94,44,0.0,559.10888671875
94,45,0.0,2352.166015625
94,46,0.0,4324.109375
94,47,0.0,999.8272094726562
94,48,0.0,1408.4625244140625
94,49,0.0,1407.3779296875
94,50,0.0,495.7357482910156
94,51,0.0,1775.3157958984375
94,52,0.0,1321.1251220703125
94,53,0.0,946.7649536132812
94,54,0.0,142.7502899169922
94,55,0.0,1161.45849609375
94,56,0.0,1100.04248046875
94,57,0.0,1065.4217529296875
94,58,0.0,1.6135988235473633
94,59,0.0,716.5607299804688
94,60,0.0,2492.9775390625
94,61,0.0,228.87242126464844
94,62,0.0,1501.6573486328125
94,63,0.0,1270.8182373046875
94,64,0.0,1736.3623046875
94,65,0.0,703.807373046875
94,66,0.0,673.6840209960938
94,67,0.0,766.6395874023438
94,68,0.0,2333.516357421875
94,69,0.0,436.021728515625
94,70,0.0,2543.2060546875
94,71,0.0,878.56103515625
94,72,0.0,673.8696899414062
94,73,0.0,2072.92041015625
94,74,0.0,3649.01611328125
94,75,0.0,2197.214111328125
94,76,0.0,1937.4129638671875
94,77,0.0,794.7211303710938
94,78,0.0,655.0931396484375
94,79,0.0,1556.8740234375
94,80,0.0,1.7673348188400269
94,81,0.0,2424.308349609375
94,82,0.0,1589.670166015625
94,83,0.0,3688.47900390625
94,84,0.0,4034.802978515625
94,85,0.0,2523.267578125
94,86,0.0,1036.254638671875
94,87,0.0,1318.7923583984375
94,88,0.0,5772.57763671875
94,89,0.0,1.6079920530319214
94,90,0.0,2.156784772872925
94,91,0.0,1080.15869140625
94,92,0.0,1183.3626708984375
94,93,0.0,22.849754333496094
94,94,0.0,12974.6552734375
94,95,0.0,1206.276123046875
94,96,0.0,3370.9521484375
94,97,0.0,1273.8663330078125
95,0,0.0,517.7083129882812
95,1,0.0,2.9298295974731445
95,2,0.0,404.88482666015625
95,3,0.0,49.20354080200195
95,4,0.0,306.6950988769531
95,5,0.0,92.63233947753906
95,6,0.0,650.5314331054688
95,7,0.0,0.8826343417167664
95,8,0.0,243.77317810058594
95,9,0.0,717.3726806640625
95,10,0.0,618.3698120117188
95,11,0.0,276.13360595703125
95,12,0.0,1.6494054794311523
95,13,0.0,210.9423370361328
95,14,0.0,1.8026936054229736
95,15,0.0,2.100327491760254
95,16,0.0,552.009033203125
95,17,0.0,580.7155151367188
95,18,0.0,0.0
95,19,0.0,31.48679542541504
95,20,0.0,396.0748291015625
95,21,0.0,0.0
95,22,0.0,0.9588990807533264
95,23,0.0,111.16574096679688
95,24,0.0,1.0637680292129517
95,25,0.0,1.5990314483642578
95,26,0.0,0.9802709221839905
95,27,0.0,29.70705223083496
95,28,0.0,706.9793090820312
95,29,0.0,599.0526123046875
95,30,0.0,0.8047493696212769
95,31,0.0,674.9757080078125
95,32,0.0,1336.8758544921875
95,33,0.0,2763.99169921875
95,34,0.0,1584.3748779296875
95,35,0.0,64.83667755126953
95,36,0.0,528.5944213867188
95,37,0.0,964.0077514648438
95,38,0.0,776.3504638671875
95,39,0.0,731.212890625
95,40,0.0,357.1317443847656
95,41,0.0,1204.6412353515625
95,42,0.0,720.4920654296875
95,43,0.0,1.4005136489868164
95,44,0.0,300.3328857421875
95,45,0.0,954.8997802734375
95,46,0.0,895.458984375
95,47,0.0,489.08160400390625
95,48,0.0,890.426513671875
95,49,0.0,1158.296142578125
95,50,0.0,248.29547119140625
95,51,0.0,701.1068115234375
95,52,0.0,2721.500732421875
95,53,0.0,496.4109191894531
95,54,0.0,88.91962432861328
95,55,0.0,1324.0843505859375
95,56,0.0,1424.8873291015625
95,57,0.0,3499.79931640625
95,58,0.0,1.7033777236938477
95,59,0.0,335.2876892089844
95,60,0.0,694.56396484375
95,61,0.0,243.00791931152344
95,62,0.0,1527.30419921875
95,63,0.0,646.6151123046875
95,64,0.0,656.904541015625
95,65,0.0,481.6103515625
95,66,0.0,317.0476989746094
95,67,0.0,371.3085021972656
95,68,0.0,5049.66015625
95,69,0.0,365.8963317871094
95,70,0.0,1188.442626953125
95,71,0.0,897.8662719726562
95,72,0.0,297.4351501464844
95,73,0.0,2483.928955078125
95,74,0.0,918.716064453125
95,75,0.0,1106.507080078125
95,76,0.0,1258.84130859375
95,77,0.0,609.412109375
95,78,0.0,436.012939453125
95,79,0.0,805.164794921875
95,80,0.0,1.691887617111206
95,81,0.0,1023.495849609375
95,82,0.0,800.3822631835938
95,83,0.0,1378.7069091796875
95,84,0.0,792.4451904296875
95,85,0.0,874.0357055664062
95,86,0.0,553.1048583984375
95,87,0.0,1397.8690185546875
95,88,0.0,821.14599609375
95,89,0.0,1.8054580688476562
95,90,0.0,2.356621742248535
95,91,0.0,539.5382080078125
95,92,0.0,815.9160766601562
95,93,0.0,211.07037353515625
95,94,0.0,1353.6630859375
95,95,0.0,11641.2314453125
95,96,0.0,1802.76708984375
95,97,0.0,594.0326538085938
96,0,0.0,751.378662109375
96,1,0.0,6.736488342285156
96,2,0.0,577.5667724609375
96,3,0.0,117.70500183105469
96,4,0.0,362.0863037109375
96,5,0.0,40.123600006103516
96,6,0.0,722.739013671875
96,7,0.0,0.9887566566467285
96,8,0.0,132.54446411132812
96,9,0.0,1271.945556640625
96,10,0.0,890.6821899414062
96,11,0.0,427.526123046875
96,12,0.0,1.4897030591964722
96,13,0.0,427.8338928222656
96,14,0.0,2.2623510360717773
96,15,0.0,1.806689739227295
96,16,0.0,693.6967163085938
96,17,0.0,2324.3232421875
96,18,0.0,0.0
96,19,0.0,6.523722171783447
96,20,0.0,441.83929443359375
96,21,0.0,0.0
96,22,0.0,0.9850725531578064
96,23,0.0,76.21051025390625
96,24,0.0,1.136906385421753
96,25,0.0,1.7237414121627808
96,26,0.0,0.9855742454528809
96,27,0.0,46.530914306640625
96,28,0.0,872.10791015625
96,29,0.0,509.92108154296875
96,30,0.0,1.0959124565124512
96,31,0.0,717.22412109375
96,32,0.0,1128.2713623046875
96,33,0.0,1648.993896484375
96,34,0.0,4099.07275390625
96,35,0.0,87.18798828125
96,36,0.0,828.574462890625
96,37,0.0,1513.568115234375
96,38,0.0,1235.59326171875
96,39,0.0,633.725341796875
96,40,0.0,501.64422607421875
96,41,0.0,1693.4893798828125
96,42,0.0,787.8125610351562
96,43,0.0,1.5049388408660889
96,44,0.0,379.7401123046875
96,45,0.0,1412.354248046875
96,46,0.0,1616.398193359375
96,47,0.0,905.5859375
96,48,0.0,1016.6235961914062
96,49,0.0,1194.174072265625
96,50,0.0,313.6491394042969
96,51,0.0,1043.0303955078125
96,52,0.0,1485.858154296875
96,53,0.0,652.558837890625
96,54,0.0,110.41102600097656
96,55,0.0,1091.1715087890625
96,56,0.0,1127.4521484375
96,57,0.0,1591.9794921875
96,58,0.0,1.589164137840271
96,59,0.0,462.560302734375
96,60,0.0,1469.8636474609375
96,61,0.0,214.02354431152344
96,62,0.0,1401.322021484375
96,63,0.0,1044.4234619140625
96,64,0.0,1112.96142578125
96,65,0.0,554.4639892578125
96,66,0.0,451.8123779296875
96,67,0.0,515.61669921875
96,68,0.0,3809.103271484375
96,69,0.0,356.39990234375
96,70,0.0,1683.2357177734375
96,71,0.0,1238.219482421875
96,72,0.0,431.3074645996094
96,73,0.0,2152.601806640625
96,74,0.0,1547.8780517578125
96,75,0.0,1473.125
96,76,0.0,1415.7279052734375
96,77,0.0,615.0878295898438
96,78,0.0,496.139404296875
96,79,0.0,1134.866455078125
96,80,0.0,1.5892523527145386
96,81,0.0,1744.2322998046875
96,82,0.0,1067.475830078125
96,83,0.0,2403.796630859375
96,84,0.0,1518.591796875
96,85,0.0,1431.723388671875
96,86,0.0,804.2420654296875
96,87,0.0,1219.4697265625
96,88,0.0,2472.722900390625
96,89,0.0,1.5743979215621948
96,90,0.0,2.047316551208496
96,91,0.0,752.3382568359375
96,92,0.0,887.2108154296875
96,93,0.0,29.490619659423828
96,94,0.0,3067.692138671875
96,95,0.0,1860.890625
96,96,0.0,11027.91015625
96,97,0.0,685.9051513671875
97,0,0.0,786.4654541015625
97,1,0.0,3.5057637691497803
97,2,0.0,825.4908447265625
97,3,0.0,30.229408264160156
97,4,0.0,259.93109130859375
97,5,0.0,8.5589599609375
97,6,0.0,365.2059020996094
97,7,0.0,0.0
97,8,0.0,26.44523811340332
97,9,0.0,715.348388671875
97,10,0.0,754.870849609375
97,11,0.0,308.79339599609375
97,12,0.0,1.4726521968841553
97,13,0.0,76.03778839111328
97,14,0.0,2.9100327491760254
97,15,0.0,1.3514189720153809
97,16,0.0,918.8135986328125
97,17,0.0,339.9984130859375
97,18,0.0,0.8597730398178101
97,19,0.0,2.8797073364257812
97,20,0.0,484.6864013671875
97,21,0.0,0.0
97,22,0.0,0.8475985527038574
97,23,0.0,41.094512939453125
97,24,0.0,1.116538643836975
97,25,0.0,1.9238754510879517
97,26,0.0,0.9703492522239685
97,27,0.0,48.039398193359375
97,28,0.0,1253.1796875
97,29,0.0,330.9410705566406
97,30,0.0,0.934371292591095
97,31,0.0,580.0909423828125
97,32,0.0,746.422607421875
97,33,0.0,431.4294738769531
97,34,0.0,564.9605102539062
97,35,0.0,95.15432739257812
97,36,0.0,1156.80029296875
97,37,0.0,328.0604248046875
97,38,0.0,2317.632568359375
97,39,0.0,442.0419616699219
97,40,0.0,428.96441650390625
97,41,0.0,4382.7705078125
97,42,0.0,1156.0247802734375
97,43,0.0,1.371803879737854
97,44,0.0,359.5234680175781
97,45,0.0,2678.288330078125
97,46,0.0,892.9813842773438
97,47,0.0,366.4485778808594
97,48,0.0,1974.4400634765625
97,49,0.0,813.373779296875
97,50,0.0,417.4301452636719
97,51,0.0,1157.5126953125
97,52,0.0,511.8958740234375
97,53,0.0,2416.609130859375
97,54,0.0,233.57357788085938
97,55,0.0,653.00146484375
97,56,0.0,492.5794372558594
97,57,0.0,494.81890869140625
97,58,0.0,1.5085866451263428
97,59,0.0,602.6050415039062
97,60,0.0,587.7242431640625
97,61,0.0,161.86831665039062
97,62,0.0,657.9774169921875
97,63,0.0,653.1754150390625
97,64,0.0,1158.686279296875
97,65,0.0,516.8016357421875
97,66,0.0,418.24566650390625
97,67,0.0,654.8413696289062
97,68,0.0,825.215576171875
97,69,0.0,293.7076721191406
97,70,0.0,3711.05322265625
97,71,0.0,322.43157958984375
97,72,0.0,370.18365478515625
97,73,0.0,771.30859375
97,74,0.0,1347.51416015625
97,75,0.0,4628.07958984375
97,76,0.0,3871.6044921875
97,77,0.0,471.15264892578125
97,78,0.0,358.75177001953125
97,79,0.0,1170.48388671875
97,80,0.0,1.6025832891464233
97,81,0.0,1008.993896484375
97,82,0.0,2089.641845703125
97,83,0.0,1424.569091796875
97,84,0.0,871.35693359375
97,85,0.0,1276.0654296875
97,86,0.0,644.7914428710938
97,87,0.0,843.995849609375
97,88,0.0,553.8829345703125
97,89,0.0,1.481608510017395
97,90,0.0,2.0579946041107178
97,91,0.0,1878.1290283203125
97,92,0.0,1050.1044921875
97,93,0.0,8.329294204711914
97,94,0.0,956.5431518554688
97,95,0.0,485.79510498046875
97,96,0.0,635.0263061523438
97,97,0.0,5882.34423828125
